Omeka Item #,DataScribe Item #,DataScribe Record #,DataScribe Record Position,Unique Identifier,is_missing,is_illegible,Start day,is_missing,is_illegible,Start month,is_missing,is_illegible,Start year,is_missing,is_illegible,End day,is_missing,is_illegible,End month,is_missing,is_illegible,End year,is_missing,is_illegible,St Alban Woodstreet - Buried,is_missing,is_illegible,St Alban Woodstreet - Plague,is_missing,is_illegible,Alhallows Barking - Buried,is_missing,is_illegible,Alhallows Barking - Plague,is_missing,is_illegible,Alhallows Breadstreet - Buried,is_missing,is_illegible,Alhallows Breadstreet - Plague,is_missing,is_illegible,Alhallows Great - Buried,is_missing,is_illegible,Alhallows Great - Plague,is_missing,is_illegible,Alhallows Honylane - Buried,is_missing,is_illegible,Alhallows Honylane - Plague,is_missing,is_illegible,Alhallows Lesse - Buried,is_missing,is_illegible,Alhallows Lesse - Plague,is_missing,is_illegible,Alhallows Lumbardstreet - Buried,is_missing,is_illegible,Alhallows Lumbardstreet - Plague,is_missing,is_illegible,Alhallows Stayning - Buried,is_missing,is_illegible,Alhallows Stayning - Plague,is_missing,is_illegible,Alhallows the Wall - Buried,is_missing,is_illegible,Alhallows the Wall - Plague,is_missing,is_illegible,St Alphage - Buried,is_missing,is_illegible,St Alphage - Plague,is_missing,is_illegible,St Andrew Hubbard - Buried,is_missing,is_illegible,St Andrew Hubbard - Plague,is_missing,is_illegible,St Andrew Undershaft - Buried,is_missing,is_illegible,St Andrew Undershaft - Plague,is_missing,is_illegible,St Andrew Wardrobe - Buried,is_missing,is_illegible,St Andrew Wardrobe - Plague,is_missing,is_illegible,St Ann Aldersgate - Buried,is_missing,is_illegible,St Ann Aldersgate - Plague,is_missing,is_illegible,St Ann Blackfryers - Buried,is_missing,is_illegible,St Ann Blackfryers - Plague,is_missing,is_illegible,St Antholins Parish - Buried,is_missing,is_illegible,St Antholins Parish - Plague,is_missing,is_illegible,St Austins Parish - Buried,is_missing,is_illegible,St Austins Parish - Plague,is_missing,is_illegible,St Bartholomew Exchange - Buried,is_missing,is_illegible,St Bartholomew Exchange - Plague,is_missing,is_illegible,St Bennet Fynck - Buried,is_missing,is_illegible,St Bennet Fynck - Plague,is_missing,is_illegible,St Bennet Gracechurch - Buried,is_missing,is_illegible,St Bennet Gracechurch - Plague,is_missing,is_illegible,St Bennet Paulswharf - Buried,is_missing,is_illegible,St Bennet Paulswharf - Plague,is_missing,is_illegible,St Bennet Sherehog - Buried,is_missing,is_illegible,St Bennet Sherehog - Plague,is_missing,is_illegible,St Botolph Billingsgate - Buried,is_missing,is_illegible,St Botolph Billingsgate - Plague,is_missing,is_illegible,Christ Church - Buried,is_missing,is_illegible,Christ Church - Plague,is_missing,is_illegible,St Christophers - Buried,is_missing,is_illegible,St Christophers - Plague,is_missing,is_illegible,St Clement Eastcheap - Buried,is_missing,is_illegible,St Clement Eastcheap - Plague,is_missing,is_illegible,St Dionis Backchurch - Buried,is_missing,is_illegible,St Dionis Backchurch - Plague,is_missing,is_illegible,St Dunstan East - Buried,is_missing,is_illegible,St Dunstan East - Plague,is_missing,is_illegible,St Edmund Lumbardstr. - Buried,is_missing,is_illegible,St Edmund Lumbardstr. - Plague,is_missing,is_illegible,St Ethelborough - Buried,is_missing,is_illegible,St Ethelborough - Plague,is_missing,is_illegible,St Faith - Buried,is_missing,is_illegible,St Faith - Plague,is_missing,is_illegible,St Foster - Buried,is_missing,is_illegible,St Foster - Plague,is_missing,is_illegible,St Gabriel Fenchurch - Buried,is_missing,is_illegible,St Gabriel Fenchurch - Plague,is_missing,is_illegible,St George Botolphlane - Buried,is_missing,is_illegible,St George Botolphlane - Plague,is_missing,is_illegible,St Gregory by St Pauls - Buried,is_missing,is_illegible,St Gregory by St Pauls - Plague,is_missing,is_illegible,St Hellen - Buried,is_missing,is_illegible,St Hellen - Plague,is_missing,is_illegible,St James Dukes place - Buried,is_missing,is_illegible,St James Dukes place - Plague,is_missing,is_illegible,St James Garlickhithe - Buried,is_missing,is_illegible,St James Garlickhithe - Plague,is_missing,is_illegible,St John Baptist - Buried,is_missing,is_illegible,St John Baptist - Plague,is_missing,is_illegible,St John Evangelist - Buried,is_missing,is_illegible,St John Evangelist - Plague,is_missing,is_illegible,St John Zachary - Buried,is_missing,is_illegible,St John Zachary - Plague,is_missing,is_illegible,St Katharine Coleman - Buried,is_missing,is_illegible,St Katharine Coleman - Plague,is_missing,is_illegible,St Katharine Creechurch - Buried,is_missing,is_illegible,St Katharine Creechurch - Plague,is_missing,is_illegible,St Lawrence Jewry - Buried,is_missing,is_illegible,St Lawrence Jewry - Plague,is_missing,is_illegible,St Lawrence Pountney - Buried,is_missing,is_illegible,St Lawrence Pountney - Plague,is_missing,is_illegible,St Leonard Eastcheap - Buried,is_missing,is_illegible,St Leonard Eastcheap - Plague,is_missing,is_illegible,St Leonard Fosterlane - Buried,is_missing,is_illegible,St Leonard Fosterlane - Plague,is_missing,is_illegible,St Magnus Parish - Buried,is_missing,is_illegible,St Magnus Parish - Plague,is_missing,is_illegible,St Margaret Lothbury - Buried,is_missing,is_illegible,St Margaret Lothbury - Plague,is_missing,is_illegible,St Margaret Moses - Buried,is_missing,is_illegible,St Margaret Moses - Plague,is_missing,is_illegible,St Margaret Newfishstreet - Buried,is_missing,is_illegible,St Margaret Newfishstreet - Plague,is_missing,is_illegible,St Margaret Pattons - Buried,is_missing,is_illegible,St Margaret Pattons - Plague,is_missing,is_illegible,St Mary Abchurch - Buried,is_missing,is_illegible,St Mary Abchurch - Plague,is_missing,is_illegible,St Mary Aldermanbury - Buried,is_missing,is_illegible,St Mary Aldermanbury - Plague,is_missing,is_illegible,St Mary Aldermary - Buried,is_missing,is_illegible,St Mary Aldermary - Plague,is_missing,is_illegible,St Mary le Bow - Buried,is_missing,is_illegible,St Mary le Bow - Plague,is_missing,is_illegible,St Mary Bothaw - Buried,is_missing,is_illegible,St Mary Bothaw - Plague,is_missing,is_illegible,St Mary Colechurch - Buried,is_missing,is_illegible,St Mary Colechurch - Plague,is_missing,is_illegible,St Mary Hill - Buried,is_missing,is_illegible,St Mary Hill - Plague,is_missing,is_illegible,St Mary Mounthaw - Buried,is_missing,is_illegible,St Mary Mounthaw - Plague,is_missing,is_illegible,St Mary Sommerset - Buried,is_missing,is_illegible,St Mary Sommerset - Plague,is_missing,is_illegible,St Mary Stayning - Buried,is_missing,is_illegible,St Mary Stayning - Plague,is_missing,is_illegible,St Mary Woolchurch - Buried,is_missing,is_illegible,St Mary Woolchurch - Plague,is_missing,is_illegible,St Mary Woolnoth - Buried,is_missing,is_illegible,St Mary Woolnoth - Plague,is_missing,is_illegible,St Martin Iremongerlane - Buried,is_missing,is_illegible,St Martin Iremongerlane - Plague,is_missing,is_illegible,St Martin Ludgate - Buried,is_missing,is_illegible,St Martin Ludgate - Plague,is_missing,is_illegible,St Martin Orgars - Buried,is_missing,is_illegible,St Martin Orgars - Plague,is_missing,is_illegible,St Martin Outwich - Buried,is_missing,is_illegible,St Martin Outwich - Plague,is_missing,is_illegible,St Martin Vintrey - Buried,is_missing,is_illegible,St Martin Vintrey - Plague,is_missing,is_illegible,St Matthew Fridaystreet - Buried,is_missing,is_illegible,St Matthew Fridaystreet - Plague,is_missing,is_illegible,St Maudlin Milkstreet - Buried,is_missing,is_illegible,St Maudlin Milkstreet - Plague,is_missing,is_illegible,St Maudlin Oldfishstreet - Buried,is_missing,is_illegible,St Maudlin Oldfishstreet - Plague,is_missing,is_illegible,St Michael Bassishaw - Buried,is_missing,is_illegible,St Michael Bassishaw - Plague,is_missing,is_illegible,St Michael Cornhil - Buried,is_missing,is_illegible,St Michael Cornhil - Plague,is_missing,is_illegible,St Michael Crookedlane - Buried,is_missing,is_illegible,St Michael Crookedlane - Plague,is_missing,is_illegible,St Michael Queenhithe - Buried,is_missing,is_illegible,St Michael Queenhithe - Plague,is_missing,is_illegible,St Michael Quern - Buried,is_missing,is_illegible,St Michael Quern - Plague,is_missing,is_illegible,St Michael Royal - Buried,is_missing,is_illegible,St Michael Royal - Plague,is_missing,is_illegible,St Michael Woodstreet - Buried,is_missing,is_illegible,St Michael Woodstreet - Plague,is_missing,is_illegible,St Mildred Breadstreet - Buried,is_missing,is_illegible,St Mildred Breadstreet - Plague,is_missing,is_illegible,St Mildred Poultrey - Buried,is_missing,is_illegible,St Mildred Poultrey - Plague,is_missing,is_illegible,St Nicholas Acons - Buried,is_missing,is_illegible,St Nicholas Acons - Plague,is_missing,is_illegible,St Nicholas Coleabby - Buried,is_missing,is_illegible,St Nicholas Coleabby - Plague,is_missing,is_illegible,St Nicholas Olaves - Buried,is_missing,is_illegible,St Nicholas Olaves - Plague,is_missing,is_illegible,St Olave Hartstreet - Buried,is_missing,is_illegible,St Olave Hartstreet - Plague,is_missing,is_illegible,St Olave Jewry - Buried,is_missing,is_illegible,St Olave Jewry - Plague,is_missing,is_illegible,St Olave Silverstreet - Buried,is_missing,is_illegible,St Olave Silverstreet - Plague,is_missing,is_illegible,St Pancras Soperlane - Buried,is_missing,is_illegible,St Pancras Soperlane - Plague,is_missing,is_illegible,St Peter Cheap - Buried,is_missing,is_illegible,St Peter Cheap - Plague,is_missing,is_illegible,St Peter Cornhil - Buried,is_missing,is_illegible,St Peter Cornhil - Plague,is_missing,is_illegible,St Peter Paulswharf - Buried,is_missing,is_illegible,St Peter Paulswharf - Plague,is_missing,is_illegible,St Peter Poor - Buried,is_missing,is_illegible,St Peter Poor - Plague,is_missing,is_illegible,St Steven Colemanstreet - Buried,is_missing,is_illegible,St Steven Colemanstreet - Plague,is_missing,is_illegible,St Steven Walbrook - Buried,is_missing,is_illegible,St Steven Walbrook - Plague,is_missing,is_illegible,St Swithin - Buried,is_missing,is_illegible,St Swithin - Plague,is_missing,is_illegible,St Thomas Apostles - Buried,is_missing,is_illegible,St Thomas Apostles - Plague,is_missing,is_illegible,Trinity Parish - Buried,is_missing,is_illegible,Trinity Parish - Plague,is_missing,is_illegible,Christened in the 97 Parishes within the Walls,is_missing,is_illegible,Buried in the 97 Parishes within the Walls,is_missing,is_illegible,Plague in the 97 Parishes within the Walls,is_missing,is_illegible,St Andrew Holborn - Buried,is_missing,is_illegible,St Andrew Holborn - Plague,is_missing,is_illegible,St Bartholomew Great - Buried,is_missing,is_illegible,St Bartholomew Great - Plague,is_missing,is_illegible,St Bartholomew Less - Buried,is_missing,is_illegible,St Bartholomew Less - Plague,is_missing,is_illegible,St Bridget - Buried,is_missing,is_illegible,St Bridget - Plague,is_missing,is_illegible,Bridewel Precinct - Buried,is_missing,is_illegible,Bridewel Precinct - Plague,is_missing,is_illegible,St Botolph Aldersgate - Buried,is_missing,is_illegible,St Botolph Aldersgate - Plague,is_missing,is_illegible,St Botolph Aldgate - Buried,is_missing,is_illegible,St Botolph Aldgate - Plague,is_missing,is_illegible,St Botolph Bishopsgate - Buried,is_missing,is_illegible,St Botolph Bishopsgate - Plague,is_missing,is_illegible,St Dunstan West - Buried,is_missing,is_illegible,St Dunstan West - Plague,is_missing,is_illegible,St George Southwark - Buried,is_missing,is_illegible,St George Southwark - Plague,is_missing,is_illegible,St Giles Cripplegate - Buried,is_missing,is_illegible,St Giles Cripplegate - Plague,is_missing,is_illegible,St Olave Southwark - Buried,is_missing,is_illegible,St Olave Southwark - Plague,is_missing,is_illegible,Saviours Southwark - Buried,is_missing,is_illegible,Saviours Southwark - Plague,is_missing,is_illegible,S Sepulchres Parish - Buried,is_missing,is_illegible,S Sepulchres Parish - Plague,is_missing,is_illegible,St Thomas Southwark - Buried,is_missing,is_illegible,St Thomas Southwark - Plague,is_missing,is_illegible,Trinity Minories - Buried,is_missing,is_illegible,Trinity Minories - Plague,is_missing,is_illegible,Pesthouse Without the Walls - Buried,is_missing,is_illegible,Pesthouse Without the Walls - Plague,is_missing,is_illegible,Christened in the 16 Parishes without the Walls,is_missing,is_illegible,Buried in the 16 Parishes without the Walls,is_missing,is_illegible,Plague in the 16 Parishes without the Walls,is_missing,is_illegible,Christ Church in Surry - Buried,is_missing,is_illegible,Christ Church in Surrey - Plague,is_missing,is_illegible,St Giles in the Field - Buried,is_missing,is_illegible,St Giles in the Field - Plague,is_missing,is_illegible,Hackney Parish - Buried,is_missing,is_illegible,Hackney Parish - Plague,is_missing,is_illegible,St James Clerkenwel - Buried,is_missing,is_illegible,St James Clerkenwel - Plague,is_missing,is_illegible,St Katharine Tower - Buried,is_missing,is_illegible,St Katharine Tower - Plague,is_missing,is_illegible,Lambeth Parish - Buried,is_missing,is_illegible,Lambeth Parish - Plague,is_missing,is_illegible,St Leonard Shoreditch - Buried,is_missing,is_illegible,St Leonard Shoreditch - Plague,is_missing,is_illegible,St Magdalen Bermondsey - Buried,is_missing,is_illegible,St Magdalen Bermondsey - Plague,is_missing,is_illegible,St Mary Islington - Buried,is_missing,is_illegible,St Mary Islington - Plague,is_missing,is_illegible,St Mary Newington - Buried,is_missing,is_illegible,St Mary Newington - Plague,is_missing,is_illegible,St Mary Whitechappel - Buried,is_missing,is_illegible,St Mary Whitechappel - Plague,is_missing,is_illegible,St Pauls Shadwel - Buried,is_missing,is_illegible,St Pauls Shadwel - Plague,is_missing,is_illegible,Rothorith Parish - Buried,is_missing,is_illegible,Rothorith Parish - Plague,is_missing,is_illegible,Stepney Parish - Buried,is_missing,is_illegible,Stepney Parish - Plague,is_missing,is_illegible,Christened in the 13 out-Parishes in Middlesex and Surrey,is_missing,is_illegible,Buried in the 13 out-Parishes in Middlesex and Surrey,is_missing,is_illegible,Plague in the 13 out-Parishes in Middlesex and Surrey,is_missing,is_illegible,St Clement Danes - Buried,is_missing,is_illegible,St Clement Danes - Plague,is_missing,is_illegible,St Paul Covent Garden - Buried,is_missing,is_illegible,St Paul Covent Garden - Plague,is_missing,is_illegible,St Martin in the fields - Buried,is_missing,is_illegible,St Martin in the fields - Plague,is_missing,is_illegible,St Mary Savoy - Buried,is_missing,is_illegible,St Mary Savoy - Plague,is_missing,is_illegible,St Margaret Westminster - Buried,is_missing,is_illegible,St Margaret Westminster - Plague,is_missing,is_illegible,Pesthouse in Westminster - Buried,is_missing,is_illegible,Pesthouse in Westminster - Plague,is_missing,is_illegible,Christened in the 5 Parishes in the City and Liberties of Westminster,is_missing,is_illegible,Buried in the 5 Parishes in the City and Liberties of Westminster,is_missing,is_illegible,Plague in the 5 Parishes in the City and Liberties of Westminster,is_missing,is_illegible
4287,2654,3495,1,Millar-1656-1657-GeneralBill,,,,1,,,1,,1656,,,15,,,December,,,1657,,,35,,,,,,95,,,,,,21,,,,,,91,,,,,,5,,,,,,43,,,,,,20,,,,,,38,,,,,,44,,,,,,30,,,,,,23,,,,,,61,,,,,,76,,,,,,34,,,,,,79,,,,,,15,,,,,,16,,,,,,15,,,,,,27,,,,,,15,,,,,,62,,,,,,7,,,,,,25,,,,,,114,,,,,,16,,,,,,12,,,,,,31,,,,,,82,,,,,,20,,,,,,16,,,,,,17,,,,,,28,,,,,,15,,,,,,7,,,,,,89,,,,,,45,,,,,,26,,,,,,32,,,,,,19,,,,,,6,,,,,,28,,,,,,49,,,,,,58,,,,,,48,,,,,,31,,,,,,9,,,,,,41,,,,,,25,,,,,,25,,,,,,9,,,,,,23,,,,,,20,,,,,,21,,,,,,33,,,,,,35,,,,,,22,,,,,,17,,,,,,17,,,,,,35,,,,,,12,,,,,,60,,,,,,6,,,,,,25,,,,,,22,,,,,,5,,,,,,50,,,,,,26,,,,,,14,,,,,,59,,,,,,12,,,,,,11,,,,,,38,,,,,,35,,,,,,30,,,,,,44,,,,,,37,,,,,,16,,,,,,15,,,,,,17,,,,,,26,,,,,,21,,,,,,10,,,,,,19,,,,,,19,,,,,,48,,,,,,17,,,,,,35,,,,,,5,,,,,,17,,,,,,22,,,,,,29,,,,,,24,,,,,,100,,,,,,15,,,,,,29,,,,,,21,,,,,,24,,,,,,,1,,3014,,,0,,,631,,,,,,75,,,,,,56,,,,,,302,,,,,,26,,,,,,161,,,,,,686,,,,,,484,,,,,,194,,,,,,283,,,1,,,899,,,,,,691,,,1,,,466,,,,,,617,,,,,,61,,,,,,0,,,,,,0,,,,,,,1,,5648,,,2,,,,1,,,1,,613,,,,,,,1,,,1,,333,,,,,,142,,,,,,,1,,,1,,284,,,,,,302,,,,,,,1,,,1,,,1,,,1,,692,,,2,,,,1,,,1,,,1,,,1,,,1,,,1,,,1,,3772,,,2,,,417,,,,,,117,,,,,,808,,,,,,60,,,,,,,1,,,1,,,1,,,1,,,1,,,1,,,1,
4288,2655,3594,1,Millar-1657-1658-GeneralBill,,,,1,,,1,,1657,,,14,,,December,,,1658,,,35,,,,,,131,,,,,,23,,,,,,101,,,,,,15,,,,,,48,,,,,,27,,,,,,45,,,,,,61,,,,,,48,,,,,,29,,,,,,36,,,,,,99,,,,,,54,,,,,,107,,,,,,24,,,,,,21,,,,,,16,,,,,,34,,,,,,11,,,,,,70,,,,,,16,,,,,,36,,,,,,128,,,,,,15,,,,,,11,,,,,,25,,,,,,95,,,,,,29,,,,,,20,,,,,,33,,,,,,40,,,,,,14,,,,,,9,,,,,,121,,,,,,41,,,,,,45,,,,,,34,,,,,,36,,,,,,9,,,,,,32,,,,,,37,,,,,,80,,,,,,51,,,,,,36,,,,,,12,,,,,,56,,,,,,41,,,,,,31,,,,,,10,,,,,,36,,,,,,19,,,,,,33,,,,,,44,,,,,,23,,,,,,27,,,,,,14,,,,,,16,,,,,,32,,,,,,16,,,,,,78,,,,,,18,,,,,,19,,,,,,26,,,,,,14,,,,,,79,,,,,,30,,,,,,17,,,,,,53,,,,,,10,,,,,,20,,,,,,37,,,,,,39,,,,,,30,,,,,,48,,,,,,51,,,,,,19,,,,,,26,,,,,,21,,,,,,22,,,,,,27,,,,,,12,,,,,,21,,,,,,14,,,,,,51,,,,,,11,,,,,,34,,,,,,10,,,,,,20,,,,,,35,,,,,,28,,,,,,18,,,,,,121,,,,,,23,,,,,,23,,,,,,34,,,,,,37,,,,,,,1,,3613,,,0,,,873,,,,,,87,,,,,,52,,,,,,442,,,,,,32,,,,,,157,,,,,,734,,,,,,519,,,,,,260,,,,,,287,,,5,,,1191,,,4,,,870,,,2,,,529,,,,,,815,,,1,,,75,,,,,,12,,,,,,0,,,,,,,1,,6935,,,12,,,,1,,,1,,707,,,,,,,1,,,1,,365,,,1,,,181,,,,,,,1,,,1,,362,,,,,,373,,,1,,,,1,,,1,,,1,,,1,,847,,,,,,,1,,,1,,,1,,,1,,,1,,,1,,,1,,4445,,,2,,,486,,,,,,104,,,,,,948,,,,,,72,,,,,,,1,,,1,,,1,,,1,,,1,,,1,,,1,
4289,2656,3593,1,Millar-1658-1659-GeneralBill,,,,1,,,1,,1658,,,13,,,December,,,1659,,,44,,,,,,120,,,,,,12,,,,,,81,,,,,,14,,,,,,49,,,,,,22,,,,,,44,,,,,,69,,,,,,54,,,,,,27,,,,,,57,,,,,,98,,,,,,58,,,,,,87,,,,,,21,,,,,,25,,,,,,13,,,,,,19,,,,,,6,,,,,,62,,,,,,13,,,,,,24,,,,,,111,,,,,,20,,,,,,10,,,,,,40,,,,,,81,,,1,,,28,,,,,,23,,,,,,27,,,,,,34,,,,,,15,,,,,,11,,,,,,101,,,,,,36,,,,,,43,,,,,,42,,,,,,40,,,,,,5,,1,,,,34,,,,,,41,,,,,,68,,,,,,47,,,,,,32,,,,,,14,,,,,,68,,,,,,44,,,,,,33,,,,,,12,,,,,,22,,,,,,17,,,,,,30,,,,,,41,,,,,,33,,,,,,18,,,,,,22,,,,,,8,,,,,,18,,,,,,13,,,,,,73,,,,,,12,,,,,,21,,,,,,26,,,,,,8,,,,,,67,,,,,,34,,,,,,14,,,,,,47,,,,,,4,,,,,,16,,,,,,42,,,,,,47,,,,,,34,,,,,,29,,,,,,54,,,,,,19,,,,,,35,,,,,,25,,,,,,20,,,,,,20,,,,,,10,,,,,,33,,,,,,14,,,,,,49,,,,,,19,,,,,,27,,,,,,10,,,,,,16,,,,,,40,,,,,,16,,,,,,20,,,,,,127,,,,,,20,,,,,,18,,,,,,32,,,,,,35,,,,,,,1,,3432,,,1,,,848,,,,,,81,,,,,,52,,,,,,395,,,,,,24,,,,,,162,,,,,,871,,,4,,,511,,,,,,251,,,,,,243,,,1,,,1170,,,8,,,924,,,4,,,522,,,,,,864,,,1,,,78,,,,,,10,,,,,,0,,,,,,,1,,7006,,,18,,,,1,,,1,,677,,,,,,,1,,,1,,348,,,,,,171,,,,,,,1,,,1,,317,,,,,,341,,,1,,,,1,,,1,,,1,,,1,,827,,,16,,,,1,,,1,,,1,,,1,,,1,,,1,,,1,,4318,,,17,,,479,,,,,,139,,,,,,937,1,,,1,,82,1,,,1,,,1,,,1,,,1,,,1,,,1,,,1,,,1,
4290,2657,3592,1,Millar-1659-1660-GeneralBill,,,,1,,,1,,1659,,,11,,,December,,,1660,,,32,,,,,,83,,,,,,17,,,,,,80,,,,,,10,,,,,,43,,,,,,30,,,,,,35,,,,,,50,,,,,,33,,,,,,23,,,,,,53,,,,,,94,,,,,,39,,,,,,87,,,,,,18,,,,,,15,,,,,,27,,,,,,26,,,,,,4,,,,,,67,,,,,,4,,,,,,17,,,,,,137,,,,,,15,,,,,,11,,,,,,34,,,,,,54,,,,,,19,,,,,,24,,,,,,26,,,,,,26,,,,,,16,,,,,,7,,,,,,94,,,,,,34,,,,,,30,,,,,,30,,,,,,34,,,,,,6,,,,,,20,,,,,,41,,,,,,54,,,,,,46,,,,,,36,,,,,,11,,,,,,60,,,,,,32,,,,,,20,,,,,,12,,,,,,27,,,,,,20,,,,,,37,,,,,,28,,,,,,31,,,,,,12,,,,,,15,,,,,,10,,,,,,24,,,,,,13,,,,,,47,,,,,,12,,,,,,21,,,,,,15,,,,,,19,,,,,,56,,,,,,24,,,,,,16,,,,,,40,,,,,,16,,,,,,16,,,,,,33,,,,,,50,,,,,,32,,,,,,32,,,,,,35,,,,,,21,,,,,,27,,,,,,18,,,,,,25,,,,,,23,,,,,,8,,,,,,46,,,,,,18,,,,,,63,,,,,,10,,,,,,38,,,,,,13,,,,,,12,,,,,,28,,,,,,22,,,,,,21,,,,,,120,,,,,,15,,,,,,25,,,,,,28,,,,,,20,,,,,,,1,,3098,,,0,,,665,,,,,,81,,,,,,43,,,,,,349,,,,,,25,,,,,,143,,,,,,695,,,1,,,552,,,3,,,198,,,,,,194,,,,,,962,,,7,,,575,,,,,,426,,,1,,,686,,,,,,44,,,,,,18,,,,,,0,,,,,,,1,,5656,,,12,,,,1,,,1,,606,,,,,,65,,,,,,333,,,,,,155,,,,,,183,,,,,,285,,,,,,259,,,,,,108,,,,,,114,,,1,,,665,,,1,,,,1,,,1,,33,,,,,,1151,,,,,,,1,,3957,,,2,,,441,,,,,,113,,,,,,979,,,,,,91,,,,,,783,,,,,,0,,,,,,,1,,2407,,,0,,
4291,2658,3591,1,Millar-1660-1661-GeneralBill,,,,1,,,1,,1660,,,17,,,December,,,1661,,,85,,,,,,109,,,,,,21,,,,,,87,,,,,,9,,,,,,27,,,,,,29,,,,,,39,,,,,,71,,,,,,48,,,,,,36,,,,,,79,,,,,,96,,,,,,49,,,,,,138,,,,,,26,,,,,,19,,,,,,27,,,,,,29,,,,,,15,,,,,,53,,,,,,13,,,,,,24,,,,,,171,,,,,,26,,,,,,18,,,,,,40,,,,,,82,,,,,,32,,,,,,23,,,,,,22,,,,,,36,,,,,,18,,,,,,12,,,,,,145,,,,,,32,,,,,,36,,,,,,39,,,,,,34,,,,,,9,,,,,,32,,,,,,15,,,,,,84,,,,,,59,,,,,,47,,,,,,24,,,,,,84,,,,,,32,,,,,,34,,,,,,16,,,,,,33,,,,,,16,,,,,,37,,,,,,42,,,,,,37,,,,,,23,,,,,,14,,,,,,19,,,,,,24,,,,,,17,,,,,,66,,,,,,12,,,,,,19,,,,,,29,,,,,,9,,,,,,71,,,,,,33,,,,,,24,,,,,,54,,,,,,22,,,,,,13,,,,,,36,,,,,,57,,,,,,26,,,,,,33,,,,,,60,,,,,,25,,,,,,25,,,,,,30,,,,,,22,,,,,,19,,,,,,17,,,,,,31,,,,,,23,,,,,,55,,,,,,13,,,,,,33,,,,,,17,,,,,,24,,,,,,37,,,,,,21,,,,,,26,,,,,,120,,,,,,29,,,,,,37,,,,,,31,,,,,,34,,,,,,,1,,3804,,,0,,,755,,,,,,80,,,,,,54,,,,,,438,,,,,,32,,,,,,171,,,,,,752,,,1,,,583,,,,,,293,,,,,,342,,,,,,1361,,,8,,,862,,,6,,,685,,,,,,849,,,,,,54,,,,,,13,,,,,,0,,,,,,,1,,7324,,,15,,,,1,,,1,,850,,,,,,102,,,,,,375,,,,,,190,,,,,,330,,,,,,403,,,,,,547,,,,,,102,,,,,,340,,,,,,781,,,4,,,,1,,,1,,87,,,,,,1561,,,1,,,,1,,5668,,,5,,,537,,,,,,159,,,,,,1193,,,,,,102,,,,,,984,,,,,,0,,,,,,,1,,2975,,,0,,
4292,2659,3590,1,Millar-1661-1662-GeneralBill,,,,1,,,1,,1661,,,16,,,December,,,1662,,,33,,,,,,104,,,,,,14,,,,,,86,,,,,,6,,,,,,54,,,,,,22,,,,,,35,,,,,,63,,,,,,49,,,,,,23,,,,,,42,,,,,,84,,,,,,43,,,,,,90,,,,,,23,,,,,,21,,,,,,27,,,,,,22,,,,,,6,,,,,,40,,,,,,8,,,,,,24,,,,,,130,,,,,,11,,,,,,18,,,,,,29,,,,,,74,,,,,,20,,,,,,21,,,,,,18,,,,,,35,,,,,,25,,,,,,11,,,,,,85,,,,,,32,,,,,,24,,,,,,30,,,,,,32,,,,,,5,,,,,,17,,,,,,33,,,,,,39,,,,,,51,,,,,,29,,,,,,12,,,,,,54,,,,,,32,,,,,,41,,,,,,20,,,,,,18,,,,,,11,,,,,,32,,,,,,32,,,,,,20,,,,,,19,,,,,,22,,,,,,6,,,,,,27,,,,,,12,,,,,,34,,,,,,12,,,,,,23,,,,,,25,,,,,,6,,,,,,45,,,,,,35,,,,,,14,,,,,,47,,,,,,11,,,,,,14,,,,,,39,,,,,,41,,,,,,27,,,,,,31,,,,,,40,,,,,,24,,,,,,21,,,,,,11,,,,,,18,,,,,,28,,,,,,18,,,,,,28,,,,,,10,,,,,,51,,,,,,19,,,,,,49,,,,,,12,,,,,,21,,,,,,32,,,,,,18,,,,,,18,,,,,,122,,,,,,17,,,,,,32,,,,,,28,,,,,,26,,,,,,,1,,3123,,,0,,,595,,,,,,98,,,,,,41,,,,,,343,,,,,,34,,,,,,133,,,,,,690,,,7,,,456,,,,,,213,,,,,,254,,,,,,1068,,,1,,,761,,,2,,,594,,,,,,733,,,,,,68,,,,,,14,,,,,,0,,,,,,,1,,6104,,,10,,,,1,,,1,,719,,,,,,101,,,,,,317,,,,,,211,,,,,,210,,,,,,290,,,,,,387,,,,,,59,,,,,,76,,,,,,711,,,2,,,,1,,,1,,77,,,,,,1531,,,,,,,1,,4689,,,2,,,495,,,,,,114,,,,,,1107,,,,,,74,,,,,,848,,,,,,0,,,,,,,1,,2638,,,0,,
4293,2660,3589,1,Millar-1662-1663-GeneralBill,,,,1,,,1,,1662,,,15,,,December,,,1663,,,28,,,,,,75,,,,,,17,,,,,,82,,,,,,6,,,,,,38,,,,,,17,,,,,,29,,,,,,58,,,,,,30,,,,,,19,,,,,,47,,,,,,73,,,,,,39,,,,,,97,,,,,,19,,,,,,19,,,,,,20,,,,,,26,,,,,,8,,,,,,58,,,,,,6,,,,,,19,,,,,,126,,,,,,20,,,,,,17,,,,,,34,,,,,,75,,,,,,14,,,,,,27,,,,,,22,,,,,,34,,,,,,18,,,,,,6,,,,,,89,,,,,,29,,,,,,45,,,,,,55,,,,,,17,,,,,,4,,,,,,23,,,,,,32,,,,,,46,,,,,,35,,,,,,39,,,,,,12,,,,,,45,,,,,,36,,,,,,43,,,,,,10,,,,,,27,,,,,,6,,,,,,40,,,,,,35,,,,,,24,,,,,,21,,,,,,18,,,,,,14,,,,,,19,,,,,,13,,,,,,65,,,,,,6,,,,,,19,,,,,,23,,,,,,14,,,,,,42,,,,,,19,,,,,,15,,,,,,63,,,,,,17,,,,,,12,,,,,,32,,,,,,34,,,,,,23,,,,,,31,,,,,,55,,,,,,12,,,,,,21,,,,,,20,,,,,,25,,,,,,26,,,,,,15,,,,,,20,,,,,,19,,,,,,34,,,,,,11,,,,,,32,,,,,,9,,,,,,11,,,,,,20,,,,,,24,,,,,,28,,,,,,119,,,,,,9,,,,,,20,,,,,,26,,,,,,31,,,,,,,1,,3002,,,1,,,652,,,,,,73,,,,,,47,,,,,,321,,,,,,41,,,,,,129,,,,,,637,,,1,,,460,,,5,,,214,,,,,,211,,,,,,1003,,,,,,597,,,,,,479,,,,,,685,,,,,,51,,,,,,8,,,,,,0,,,,,,,1,,5608,,,6,,,,1,,,1,,793,,,,,,73,,,,,,318,,,,,,153,,,1,,,199,,,,,,306,,,,,,318,,,,,,41,,,,,,188,,,,,,559,,,1,,,,1,,,1,,80,,,,,,1241,,,,,,,1,,4269,,,2,,,406,,,,,,117,,,,,,1090,,,,,,71,,,,,,793,,,,,,0,,,,,,,1,,2477,,,0,,
4294,2661,3588,1,Millar-1663-1664-GeneralBill,,,,1,,,1,,1663,,,20,,,December,,,1664,,,46,,,,,,86,,,,,,20,,,,,,90,,,,,,9,,,,,,43,,,,,,18,,,,,,38,,,,,,93,,,,,,51,,,,,,27,,,,,,56,,,,,,81,,,,,,42,,,,,,97,,,,,,13,,,,,,13,,,,,,22,,,,,,29,,,,,,13,,,,,,70,,,,,,13,,,,,,23,,,,,,140,,,,,,16,,,,,,15,,,,,,31,,,,,,102,,,,,,20,,,,,,23,,,,,,30,,,,,,25,,,,,,18,,,,,,13,,,,,,118,,,,,,25,,,,,,41,,,,,,40,,,,,,31,,,,,,5,,,,,,23,,,,,,44,,,,,,87,,,,,,45,,,,,,38,,,,,,14,,,,,,37,,,,,,36,,,,,,33,,,,,,14,,,,,,26,,,,,,17,,,,,,30,,,,,,46,,,,,,20,,,,,,21,,,,,,22,,,,,,5,,,,,,23,,,,,,12,,,,,,73,,,,,,7,,,,,,22,,,,,,21,,,,,,11,,,,,,51,,,,,,25,,,,,,17,,,,,,76,,,,,,9,,,,,,19,,,,,,42,,,,,,38,,,,,,36,,,,,,46,,,,,,47,,,,,,17,,,,,,22,,,,,,24,,,,,,12,,,,,,24,,,,,,14,,,,,,31,,,,,,18,,,,,,37,,,,,,29,,,,,,42,,,,,,12,,,,,,13,,,,,,36,,,,,,23,,,,,,22,,,,,,133,,,,,,19,,,,,,41,,,,,,29,,,,,,31,,,,,,,1,,3448,,,0,,,843,,,,,,90,,,,,,44,,,,,,412,,,,,,34,,,,,,187,,,,,,785,,,1,,,545,,,,,,265,,,,,,259,,,,,,1353,,,1,,,829,,,,,,605,,,,,,851,,,,,,54,,,,,,12,,,,,,0,,,,,,,1,,7168,,,2,,,,1,,,1,,931,,,1,,,80,,,,,,313,,,,,,200,,,,,,236,,,,,,424,,,,,,305,,,,,,58,,,,,,235,,,,,,671,,,3,,,,1,,,1,,40,,,,,,1392,,,,,,,1,,4885,,,4,,,534,,,,,,133,,,,,,1242,,,,,,80,,,,,,807,,,,,,0,,,,,,,1,,2796,,,0,,
4295,2662,3579,1,Millar-1664-1665-GeneralBill,,,,1,,,1,,1664,,,19,,,December,,,1665,,,200,,,121,,,514,,,330,,,35,,,16,,,455,,,426,,,10,,,5,,,239,,,175,,,90,,,62,,,185,,,112,,,500,,,356,,,271,,,115,,,71,,,25,,,274,,,189,,,476,,,308,,,282,,,197,,,652,,,467,,,58,,,33,,,43,,,20,,,73,,,51,,,47,,,22,,,57,,,41,,,355,,,172,,,11,,,1,,,83,,,50,,,653,,,467,,,60,,,47,,,38,,,20,,,78,,,27,,,265,,,150,,,70,,,36,,,195,,,106,,,104,,,70,,,144,,,105,,,69,,,39,,,41,,,27,,,376,,,232,,,108,,,75,,,262,,,190,,,189,,,118,,,138,,,83,,,9,,,0,,,85,,,54,,,299,,,213,,,335,,,231,,,94,,,48,,,214,,,140,,,42,,,27,,,335,,,255,,,103,,,60,,,100,,,66,,,38,,,25,,,114,,,66,,,49,,,24,,,99,,,54,,,181,,,109,,,105,,,75,,,64,,,36,,,55,,,30,,,17,,,6,,,94,,,64,,,56,,,37,,,342,,,262,,,47,,,27,,,65,,,33,,,75,,,38,,,21,,,11,,,196,,,128,,,110,,,71,,,60,,,34,,,417,,,349,,,24,,,6,,,44,,,22,,,176,,,121,,,253,,,164,,,104,,,52,,,179,,,133,,,203,,,122,,,44,,,18,,,152,,,116,,,122,,,62,,,59,,,26,,,68,,,46,,,46,,,28,,,125,,,91,,,90,,,62,,,237,,,160,,,54,,,32,,,250,,,132,,,30,,,15,,,61,,,35,,,136,,,76,,,114,,,86,,,79,,,47,,,560,,,391,,,34,,,17,,,93,,,56,,,163,,,110,,,115,,,79,,,,1,,15207,,,9887,,,3958,,,3103,,,493,,,344,,,193,,,139,,,2111,,,1427,,,230,,,179,,,997,,,755,,,4926,,,4051,,,3464,,,2500,,,958,,,665,,,1613,,,1260,,,8069,,,4838,,,4793,,,2785,,,4235,,,3446,,,4509,,,2746,,,475,,,371,,,168,,,123,,,159,,,156,,,,1,,41351,,,28888,,,,1,,,1,,4457,,,3216,,,232,,,132,,,1863,,,1377,,,956,,,601,,,798,,,537,,,2669,,,1949,,,1943,,,1363,,,696,,,593,,,1272,,,1004,,,4766,,,3855,,,,1,,,1,,304,,,210,,,8598,,,6583,,,,1,,28554,,,21420,,,1969,,,1319,,,408,,,261,,,4804,,,2883,,,303,,,198,,,4710,,,3472,,,,,,156,,,,1,,12194,,,8403,,
4296,2663,3572,1,Millar-1665-1666-GeneralBill,,,19,,,December,,,1665,,,18,,,December,,,1666,,,17,,,2,,,95,,,9,,,7,,,0,,,40,,,8,,,4,,,0,,,23,,,9,,,8,,,1,,,34,,,8,,,72,,,10,,,27,,,3,,,21,,,4,,,30,,,2,,,35,,,4,,,34,,,5,,,56,,,17,,,11,,,3,,,11,,,3,,,14,,,1,,,11,,,3,,,8,,,0,,,25,,,2,,,4,,,0,,,16,,,5,,,74,,,7,,,12,,,2,,,12,,,5,,,15,,,4,,,65,,,17,,,13,,,7,,,16,,,2,,,20,,,1,,,7,,,1,,,6,,,1,,,3,,,0,,,30,,,1,,,28,,,0,,,40,,,9,,,23,,,5,,,13,,,2,,,4,,,0,,,11,,,0,,,46,,,7,,,69,,,10,,,14,,,0,,,24,,,8,,,8,,,0,,,25,,,1,,,18,,,0,,,16,,,3,,,7,,,0,,,16,,,2,,,19,,,3,,,18,,,2,,,23,,,1,,,11,,,3,,,17,,,1,,,9,,,2,,,2,,,0,,,17,,,5,,,8,,,4,,,29,,,2,,,3,,,0,,,13,,,0,,,14,,,1,,,6,,,1,,,23,,,0,,,19,,,4,,,9,,,0,,,27,,,3,,,9,,,0,,,5,,,0,,,20,,,2,,,26,,,1,,,24,,,3,,,23,,,7,,,30,,,6,,,12,,,0,,,11,,,0,,,18,,,0,,,10,,,1,,,15,,,2,,,4,,,1,,,10,,,0,,,5,,,1,,,36,,,4,,,6,,,1,,,16,,,1,,,6,,,0,,,10,,,0,,,24,,,4,,,11,,,1,,,28,,,6,,,59,,,16,,,11,,,0,,,16,,,1,,,11,,,3,,,16,,,1,,,1316,,,1977,,,288,,,490,,,48,,,81,,,16,,,19,,,0,,,194,,,12,,,10,,,1,,,136,,,11,,,592,,,105,,,270,,,16,,,156,,,15,,,169,,,16,,,776,,,47,,,538,,,53,,,577,,,165,,,430,,,24,,,41,,,4,,,23,,,4,,,41,,,37,,,3429,,,4543,,,574,,,,1,,,1,,484,,,39,,,103,,,15,,,209,,,12,,,202,,,21,,,372,,,205,,,283,,,15,,,450,,,165,,,100,,,1,,,135,,,12,,,521,,,72,,,,1,,,1,,153,,,67,,,1453,,,315,,,2786,,,4465,,,939,,,320,,,46,,,89,,,6,,,731,,,61,,,72,,,6,,,541,,,87,,,,,,9,,,1466,,,1753,,,197,,
4318,2664,3571,1,Millar-1666-1667-GeneralBill,,,18,,,December,,,1666,,,17,,,December,,,1667,,,,1,,,1,,58,,,,,,,1,,,1,,,1,,,1,,,1,,,1,,,1,,,1,,,1,,,1,,36,,,,,,84,,,,,,23,,,,,,,1,,,1,,94,,,,,,,1,,,1,,,1,,,1,,,1,,,1,,,1,,,1,,,1,,,1,,,1,,,1,,,1,,,1,,,1,,,1,,,1,,,1,,,1,,,1,,,1,,,1,,,1,,,1,,,1,,,1,,,1,,,1,,,1,,,1,,,1,,,1,,,1,,,1,,37,,,,,,,1,,,1,,,1,,,1,,,1,,,1,,,1,,,1,,,1,,,1,,31,,,,1,,29,,,,,,,1,,,1,,,1,,,1,,,1,,,1,,,1,,,1,,72,,,,,,92,,,,,,,1,,,1,,,1,,,1,,,1,,,1,,,1,,,1,,22,,,,,,,1,,,1,,,1,,,1,,,1,,,1,,,1,,,1,,,1,,,1,,,1,,,1,,,1,,,1,,,1,,,1,,,1,,,1,,,1,,,1,,,1,,,1,,,1,,,1,,,1,,,1,,,1,,,1,,,1,,,1,,,1,,,1,,,1,,,1,,,1,,,1,,,1,,,1,,13,,,,,,,1,,,1,,,1,,,1,,,1,,,1,,,1,,,1,,,1,,,1,,,1,,,1,,,1,,,1,,,1,,,1,,,1,,,1,,,1,,,1,,,1,,,1,,,1,,,1,,,1,,,1,,,1,,,1,,,1,,,1,,,1,,,1,,73,,,,,,,1,,,1,,,1,,,1,,,1,,,1,,,1,,,1,,13,,,,,,,1,,,1,,12,,,,,,72,,,,,,,1,,,1,,,1,,,1,,,1,,,1,,,1,,,1,,440,,,761,,,0,,,822,,,2,,,98,,,1,,,36,,,1,,,,1,,,1,,,1,,,1,,211,,,1,,,800,,,2,,,421,,,1,,,197,,,,,,211,,,1,,,1456,,,1,,,780,,,1,,,674,,,12,,,642,,,,,,55,,,,,,25,,,,,,,1,,,1,,4286,,,6428,,,23,,,,1,,,1,,972,,,,,,108,,,,,,363,,,,,,230,,,,,,223,,,,,,507,,,,,,374,,,1,,,104,,,,,,230,,,1,,,755,,,,,,,1,,,1,,103,,,,,,1641,,,9,,,4068,,,5610,,,11,,,564,,,1,,,140,,,,,,1427,,,,,,89,,,,,,822,,,,,,,,,,,,2144,,,3043,,,1,,
4319,2665,3570,1,Millar-1667-1668-GeneralBill,,,17,,,December,,,1667,,,22,,,December,,,1668,,,,1,,,1,,88,,,,,,,1,,,1,,,1,,,1,,,1,,,1,,,1,,,1,,,1,,,1,,43,,,,,,67,,,,,,20,,,,,,,1,,,1,,78,,,,,,,1,,,1,,,1,,,1,,,1,,,1,,,1,,,1,,,1,,,1,,,1,,,1,,,1,,,1,,,1,,,1,,,1,,,1,,,1,,,1,,,1,,,1,,,1,,,1,,,1,,,1,,,1,,,1,,,1,,,1,,,1,,,1,,,1,,,1,,37,,,,,,,1,,,1,,,1,,,1,,,1,,,1,,,1,,,1,,,1,,,1,,42,,,,1,,60,,,,,,,1,,,1,,,1,,,1,,,1,,,1,,,1,,,1,,63,,,,,,77,,,,,,,1,,,1,,,1,,,1,,,1,,,1,,,1,,,1,,10,,,,,,,1,,,1,,,1,,,1,,,1,,,1,,,1,,,1,,,1,,,1,,,1,,,1,,,1,,,1,,,1,,,1,,,1,,,1,,,1,,,1,,,1,,,1,,,1,,,1,,,1,,,1,,,1,,,1,,,1,,,1,,,1,,,1,,,1,,,1,,,1,,,1,,,1,,,1,,13,,,,,,,1,,,1,,,1,,,1,,,1,,,1,,,1,,,1,,,1,,,1,,,1,,,1,,,1,,,1,,,1,,,1,,,1,,,1,,,1,,,1,,,1,,,1,,,1,,,1,,,1,,,1,,,1,,,1,,,1,,,1,,,1,,,1,,75,,,,,,,1,,,1,,,1,,,1,,,1,,,1,,,1,,,1,,22,,,,,,,1,,,1,,24,,,,,,77,,,,,,,1,,,1,,,1,,,1,,,1,,,1,,,1,,,1,,446,,,796,,,0,,,853,,,,,,87,,,,,,48,,,,,,,1,,,1,,,1,,,1,,217,,,,,,861,,,2,,,420,,,,,,164,,,,,,281,,,3,,,1544,,,,,,921,,,1,,,793,,,,,,601,,,,,,46,,,,,,29,,,,,,,1,,,1,,4517,,,6865,,,6,,,,1,,,1,,1049,,,,,,83,,,,,,339,,,,,,265,,,,,,263,,,1,,,489,,,,,,517,,,3,,,143,,,,,,287,,,,,,913,,,,,,,1,,,1,,112,,,,,,2061,,,4,,,4272,,,6521,,,8,,,520,,,,,,177,,,,,,1422,,,,,,88,,,,,,889,,,,,,,,,,,,2398,,,3096,,,0,,
4320,2666,3477,1,Millar-1668-1669-GeneralBill,,,22,,,December,,,1668,,,21,,,December,,,1669,,,4,,,,,,98,,,,,,4,,,,,,19,,,,,,0,,,,,,1,,,,,,9,,,,,,45,,,,,,92,,,,,,24,,,,,,0,,,,,,61,,,,,,23,,,,,,12,,,,,,24,,,,,,0,,,,,,2,,,,,,13,,,,,,9,,,,,,1,,,,,,11,,,,,,0,,,,,,0,,,,,,34,,,,,,5,,,,,,0,,,,,,6,,,,,,31,,,,,,0,,,,,,30,,,,,,6,,,,,,13,,,,,,2,,,,,,2,,,,,,15,,,,,,44,,,,,,47,,,,,,1,,,,,,4,,,,,,0,,,,,,3,,,,,,51,,,,,,80,,,,,,21,,,,,,2,,,,,,1,,,,,,0,,,,,,18,,,,,,13,,,,,,0,,,,,,0,,,,,,4,,,,,,10,,,,,,9,,,,,,11,,,,,,6,,,,,,1,,,,,,0,,,,,,7,,,,,,0,,,,,,12,,,,,,4,,,,,,0,,,,,,7,,,,,,0,,,,,,7,,,,,,3,,,,,,17,,,,,,3,,,,,,2,,,,,,0,,,,,,1,,,,,,5,,,,,,13,,,,,,7,,,,,,18,,,,,,3,,,,,,0,,,,,,2,,,,,,11,,,,,,9,,,,,,6,,,,,,4,,,,,,4,,,,,,53,,,,,,4,,,,,,0,,,,,,0,,,,,,1,,,,,,32,,,,,,2,,,,,,38,,,,,,109,,,,,,4,,,,,,8,,,,,,2,,,,,,3,,,,,,571,,,1323,,,0,,,977,,,,,,116,,,,,,31,,,,,,94,,,,,,2,,,,,,260,,,,,,868,,,,,,540,,,,,,169,,,,,,317,,,1,,,1577,,,,,,924,,,,,,859,,,,,,675,,,,,,62,,,,,,30,,,,,,0,,,,,,4665,,,7501,,,1,,,,1,,,1,,1100,,,,,,140,,,,,,446,,,,,,248,,,,,,343,,,,,,741,,,,,,477,,,1,,,225,,,,,,275,,,1,,,1006,,,,,,,1,,,1,,131,,,,,,2087,,,,,,4662,,,7219,,,2,,,750,,,,,,147,,,,,,1537,,,,,,104,,,,,,865,,,,,,0,,,,,,2404,,,3223,,,0,,
4321,2667,3476,1,Millar-1669-1670-GeneralBill,,,21,,,December,,,1669,,,22,,,December,,,1670,,,27,,,,,,82,,,,,,16,,,,,,19,,,,,,1,,,,,,9,,,,,,13,,,,,,42,,,,,,94,,,,,,26,,,,,,1,,,,,,59,,,,,,25,,,,,,39,,,,,,44,,,,,,6,,,,,,6,,,,,,23,,,,,,11,,,,,,12,,,,,,22,,,,,,5,,,,,,3,,,,,,59,,,,,,4,,,,,,1,,,,,,13,,,,,,63,,,,,,11,,,,,,36,,,,,,20,,,,,,38,,,,,,0,,,,,,10,,,,,,23,,,,,,41,,,,,,47,,,,,,11,,,,,,1,,,,,,0,,,,,,3,,,,,,56,,,,,,89,,,,,,22,,,,,,2,,,,,,3,,,,,,0,,,,,,25,,,,,,25,,,,,,1,,,,,,3,,,,,,9,,,,,,18,,,,,,22,,,,,,15,,,,,,11,,,,,,1,,,,,,3,,,,,,11,,,,,,0,,,,,,26,,,,,,4,,,,,,0,,,,,,22,,,,,,1,,,,,,11,,,,,,7,,,,,,24,,,,,,24,,,,,,10,,,,,,0,,,,,,5,,,,,,14,,,,,,24,,,,,,26,,,,,,39,,,,,,0,,,,,,2,,,,,,11,,,,,,14,,,,,,24,,,,,,9,,,,,,13,,,,,,5,,,,,,62,,,,,,11,,,,,,0,,,,,,2,,,,,,4,,,,,,39,,,,,,4,,,,,,24,,,,,,110,,,,,,9,,,,,,14,,,,,,5,,,,,,9,,,,,,788,,,1890,,,0,,,1055,,,,,,104,,,,,,41,,,,,,179,,,,,,16,,,,,,207,,,,,,858,,,,,,489,,,,,,256,,,,,,347,,,,,,1607,,,,,,981,,,,,,815,,,,,,783,,,,,,44,,,,,,26,,,,,,0,,,,,,4718,,,7808,,,0,,,,1,,,1,,1236,,,,,,108,,,,,,398,,,,,,262,,,,,,307,,,,,,559,,,,,,482,,,,,,134,,,,,,341,,,,,,1048,,,,,,,1,,,1,,119,,,,,,1898,,,,,,4092,,,6892,,,0,,,544,,,,,,169,,,,,,1733,,,,,,104,,,,,,1058,,,,,,0,,,,,,2399,,,3608,,,0,,
4322,2668,3469,1,Millar-1670-1671-GeneralBill,,,22,,,December,,,1670,,,19,,,December,,,1671,,,25,,,,,,79,,,,,,17,,,,,,21,,,,,,0,,,,,,11,,,,,,19,,,,,,22,,,,,,61,,,,,,18,,,,,,5,,,,,,60,,,,,,32,,,,,,30,,,,,,64,,,,,,18,,,,,,4,,,,,,15,,,,,,13,,,,,,7,,,,,,21,,,,,,4,,,,,,2,,,,,,65,,,,,,10,,,,,,4,,,,,,13,,,,,,55,,,,,,4,,,,,,31,,,,,,18,,,,,,23,,,,,,3,,,,,,6,,,,,,32,,,,,,29,,,,,,39,,,,,,20,,,,,,6,,,,,,5,,,,,,2,,,,,,37,,,,,,62,,,,,,19,,,,,,3,,,,,,5,,,,,,0,,,,,,23,,,,,,18,,,,,,2,,,,,,2,,,,,,7,,,,,,17,,,,,,26,,,,,,19,,,,,,16,,,,,,0,,,,,,2,,,,,,11,,,,,,4,,,,,,18,,,,,,6,,,,,,0,,,,,,20,,,,,,3,,,,,,15,,,,,,9,,,,,,24,,,,,,21,,,,,,14,,,,,,0,,,,,,12,,,,,,10,,,,,,22,,,,,,17,,,,,,28,,,,,,0,,,,,,4,,,,,,18,,,,,,17,,,,,,23,,,,,,12,,,,,,12,,,,,,7,,,,,,47,,,,,,6,,,,,,5,,,,,,5,,,,,,2,,,,,,16,,,,,,2,,,,,,7,,,,,,77,,,,,,10,,,,,,24,,,,,,0,,,,,,4,,,,,,1038,,,1723,,,0,,,837,,,,,,61,,,,,,35,,,,,,181,,,,,,16,,,,,,165,,,,,,640,,,,,,331,,,,,,185,,,,,,238,,,,,,1184,,,,,,750,,,,,,610,,,,,,647,,,,,,47,,,,,,14,,,,,,0,,,,,,4715,,,5938,,,0,,,,1,,,1,,963,,,,,,77,,,,,,387,,,,,,191,,,,,,226,,,,,,392,,,,,,365,,,1,,,104,,,,,,192,,,,,,750,,,,,,281,,,2,,,106,,,2,,,1324,,,,,,4242,,,5358,,,5,,,407,,,,,,132,,,,,,1252,,,,,,75,,,,,,844,,,,,,0,,,,,,2515,,,2710,,,0,,
4323,2669,3468,1,Millar-1671-1672-GeneralBill,,,19,,,December,,,1671,,,17,,,December,,,1672,,,34,,,,,,85,,,,,,19,,,,,,26,,,,,,0,,,,,,17,,,,,,23,,,,,,33,,,,,,65,,,,,,41,,,,,,18,,,,,,68,,,,,,34,,,,,,34,,,,,,67,,,,,,15,,,,,,8,,,,,,29,,,,,,15,,,,,,13,,,,,,27,,,,,,5,,,,,,16,,,,,,76,,,,,,14,,,,,,9,,,,,,22,,,,,,89,,,,,,15,,,,,,25,,,,,,22,,,,,,49,,,,,,6,,,,,,6,,,,,,40,,,,,,34,,,,,,48,,,,,,34,,,,,,14,,,,,,4,,,,,,10,,,,,,37,,,,,,65,,,,,,46,,,,,,9,,,,,,11,,,,,,14,,,,,,36,,,,,,24,,,,,,2,,,,,,0,,,,,,6,,,,,,20,,,,,,28,,,,,,16,,,,,,19,,,,,,1,,,,,,3,,,,,,21,,,,,,6,,,,,,27,,,,,,5,,,,,,0,,,,,,30,,,,,,7,,,,,,15,,,,,,12,,,,,,12,,,,,,17,,,,,,18,,,,,,2,,,,,,10,,,,,,15,,,,,,31,,,,,,18,,,,,,35,,,,,,0,,,,,,5,,,,,,15,,,,,,12,,,,,,35,,,,,,12,,,,,,2,,,,,,24,,,,,,58,,,,,,12,,,,,,12,,,,,,4,,,,,,0,,,,,,32,,,,,,1,,,,,,28,,,,,,113,,,,,,13,,,,,,28,,,,,,1,,,,,,3,,,,,,1327,,,2237,,,0,,,944,,,,,,79,,,,,,34,,,,,,203,,,,,,11,,,,,,213,,,,,,723,,,1,,,420,,,,,,204,,,,,,288,,,,,,1299,,,,,,864,,,1,,,606,,,,,,685,,,,,,80,,,,,,27,,,,,,0,,,,,,4655,,,6790,,,2,,,110,1,,,,,1147,,,,,,99,,,,,,393,,,,,,169,,,,,,249,,,1,,,423,,,,,,440,,,,,,110,,,,,,220,,,,,,808,,,,,,453,,,1,,,98,,,1,,,1531,,,,,,4214,,,6140,,,3,,,490,,,,,,139,,,,,,1505,,,,,,74,,,,,,855,,,,,,0,,,,,,2367,,,3063,,,0,,
4324,2670,3467,1,Millar-1672-1673-GeneralBill,,,17,,,December,,,1672,,,16,,,December,,,1673,,,26,,,,,,95,,,,,,28,,,,,,42,,,,,,0,,,,,,16,,,,,,31,,,,,,36,,,,,,80,,,,,,31,,,,,,14,,,,,,53,,,,,,28,,,,,,29,,,,,,87,,,,,,17,,,,,,10,,,,,,14,,,,,,15,,,,,,17,,,,,,29,,,,,,4,,,,,,10,,,,,,86,,,,,,9,,,,,,7,,,,,,17,,,,,,81,,,,,,15,,,,,,23,,,,,,30,,,,,,48,,,,,,5,,,,,,4,,,,,,44,,,,,,41,,,,,,32,,,,,,22,,,,,,13,,,,,,1,,,,,,14,,,,,,43,,,,,,60,,,,,,39,,,,,,12,,,,,,13,,,,,,11,,,,,,31,,,,,,25,,,,,,1,,,,,,0,,,,,,11,,,,,,27,,,,,,36,,,,,,23,,,,,,17,,,,,,0,,,,,,5,,,,,,22,,,,,,1,,,,,,26,,,,,,11,,,,,,0,,,,,,29,,,,,,2,,,,,,30,,,,,,18,,,,,,23,,,,,,29,,,,,,19,,,,,,3,,,,,,19,,,,,,22,,,,,,28,,,,,,23,,,,,,28,,,,,,0,,,,,,6,,,,,,14,,,,,,13,,,,,,30,,,,,,12,,,,,,10,,,,,,8,,,,,,37,,,,,,14,,,,,,24,,,,,,9,,,,,,4,,,,,,36,,,,,,6,,,,,,30,,,,,,110,,,,,,10,,,,,,18,,,,,,18,,,,,,7,,,,,,1419,,,2307,,,0,,,876,,,,,,66,,,,,,35,,,,,,228,,,,,,16,,,,,,190,,,,,,685,,,1,,,360,,,,,,216,,,,,,245,,,1,,,1228,,,1,,,786,,,,,,586,,,1,,,616,,,,,,53,,,,,,20,,,,,,0,,,,,,4236,,,6306,,,4,,,100,1,,,,,1039,,,,,,75,,,,,,326,,,,,,181,,,,,,233,,,,,,395,,,,,,442,,,1,,,101,,,,,,197,,,,,,723,,,,,,420,,,,,,166,,,,,,1409,,,,,,3909,,,5707,,,1,,,434,,,,,,159,,,,,,1523,,,,,,83,,,,,,985,,,,,,0,,,,,,2331,,,3184,,,0,,
4325,2671,3459,1,Millar-1673-1674-GeneralBill,,,16,,,December,,,1673,,,15,,,December,,,1674,,,40,,,,,,116,,,,,,24,,,,,,51,,,,,,0,,,,,,12,,,,,,23,,,,,,35,,,,,,70,,,,,,35,,,,,,21,,,,,,66,,,,,,43,,,,,,42,,,,,,115,,,,,,20,,,,,,10,,,,,,20,,,,,,18,,,,,,10,,,,,,37,,,,,,4,,,,,,12,,,,,,82,,,,,,18,,,,,,11,,,,,,28,,,,,,81,,,,,,24,,,,,,30,,,,,,26,,,,,,44,,,,,,6,,,,,,8,,,,,,75,,,,,,42,,,,,,42,,,,,,27,,,,,,16,,,,,,3,,,,,,20,,,,,,52,,,,,,89,,,,,,41,,,,,,36,,,,,,25,,,,,,23,,,,,,45,,,,,,46,,,,,,5,,,,,,0,,,,,,21,,,,,,41,,,,,,31,,,,,,31,,,,,,26,,,,,,5,,,,,,7,,,,,,27,,,,,,4,,,,,,36,,,,,,13,,,,,,3,,,,,,37,,,,,,7,,,,,,45,,,,,,21,,,,,,14,,,,,,36,,,,,,17,,,,,,2,,,,,,17,,,,,,21,,,,,,40,,,,,,22,,,,,,50,,,,,,1,,,,,,15,,,,,,14,,,,,,12,,,,,,20,,,,,,12,,,,,,16,,,,,,14,,,,,,45,,,,,,15,,,,,,30,,,,,,21,,,,,,1,,,,,,27,,,,,,2,,,,,,32,,,,,,107,,,,,,20,,,,,,36,,,,,,23,,,,,,1,,,,,,1560,,,2801,,,0,,,1036,,,,,,83,,,,,,49,,,,,,365,,,,,,26,,,,,,197,,,,,,875,,,,,,412,,,,,,295,,,,,,339,,,,,,1330,,,3,,,966,,,,,,717,,,,,,721,,,,,,96,,,,,,18,,,,,,0,,,,,,3873,,,7525,,,3,,,162,,,,,,1359,,,,,,80,,,,,,406,,,,,,178,,,,,,279,,,,,,514,,,,,,519,,,,,,112,,,,,,238,,,,,,921,,,,,,451,,,,,,124,,,,,,1675,,,,,,4091,,,7017,,,0,,,538,,,,,,187,,,,,,1949,,,,,,99,,,,,,1085,,,,,,0,,,,,,2327,,,3858,,,0,,
4326,2672,3458,1,Millar-1674-1675-GeneralBill,,,15,,,December,,,1674,,,14,,,December,,,1675,,,38,,,,,,109,,,,,,18,,,,,,43,,,,,,0,,,,,,11,,,,,,23,,,,,,41,,,,,,62,,,,,,31,,,,,,16,,,,,,39,,,,,,27,,,,,,29,,,,,,79,,,,,,22,,,,,,10,,,,,,19,,,,,,16,,,,,,13,,,,,,36,,,,,,4,,,,,,21,,,,,,80,,,,,,20,,,,,,10,,,,,,35,,,,,,73,,,,,,18,,,,,,22,,,,,,29,,,,,,48,,,,,,14,,,,,,12,,,,,,62,,,,,,39,,,,,,38,,,,,,28,,,,,,13,,,,,,5,,,,,,12,,,,,,34,,,,,,76,,,,,,69,,,,,,28,,,,,,12,,,,,,22,,,,,,31,,,,,,27,,,,,,5,,,,,,0,,,,,,15,,,,,,30,,,,,,32,,,,,,37,,,,,,25,,,,,,1,,,,,,3,,,,,,27,,,,,,6,,,,,,29,,,,,,8,,,,,,0,,,,,,39,,,,,,9,,,,,,33,,,,,,29,,,,,,11,,,,,,43,,,,,,25,,,,,,2,,,,,,22,,,,,,19,,,,,,30,,,,,,23,,,,,,31,,,,,,3,,,,,,16,,,,,,22,,,,,,10,,,,,,26,,,,,,13,,,,,,11,,,,,,13,,,,,,48,,,,,,17,,,,,,30,,,,,,4,,,,,,2,,,,,,31,,,,,,9,,,,,,32,,,,,,100,,,,,,13,,,,,,32,,,,,,21,,,,,,4,,,,,,1650,,,2555,,,0,,,832,,,,,,74,,,,,,28,,,,,,303,,,,,,25,,,,,,171,,,,,,664,,,,,,354,,,,,,251,,,,,,277,,,,,,1145,,,,,,644,,,,,,511,,,,,,629,,,,,,56,,,,,,22,,,,,,0,,,,,,3903,,,5986,,,0,,,109,,,,,,977,,,,,,112,,,,,,324,,,,,,165,,,,,,237,,,,,,456,,,,,,382,,,,,,91,,,,,,212,,,,,,746,,,,,,380,,,,,,128,,,,,,1358,,,1,,,3846,,,5677,,,1,,,455,,,,,,156,,,,,,1475,,,,,,63,,,,,,877,,,,,,0,,,,,,2376,,,3026,,,0,,
4327,2673,3457,1,Millar-1675-1676-GeneralBill,,,14,,,December,,,1675,,,19,,,December,,,1676,,,35,,,,,,94,,,,,,19,,,,,,52,,,,,,0,,,,,,11,,,,,,27,,,,,,38,,,,,,77,,,,,,40,,,,,,10,,,,,,43,,,,,,48,,,,,,25,,,,,,83,,,,,,20,,,,,,10,,,,,,25,,,,,,29,,,,,,16,,,,,,31,,,,,,6,,,,,,10,,,,,,91,,,,,,25,,,,,,9,,,,,,36,,,,,,75,,,,,,21,,,,,,18,,,,,,26,,,,,,48,,,,,,21,,,,,,9,,,,,,67,,,,,,36,,,,,,24,,,,,,41,,,,,,30,,,,,,7,,,,,,16,,,,,,40,,,,,,74,,,,,,70,,,,,,23,,,,,,8,,,,,,32,,,,,,59,,,,,,46,,,,,,4,,,,,,3,,,,,,9,,,,,,33,,,,,,29,,,,,,29,,,,,,27,,,,,,1,,,,,,7,,,,,,23,,,,,,6,,,,,,22,,,,,,10,,,,,,6,,,,,,26,,,,,,10,,,,,,34,,,,,,30,,,,,,22,,,,,,46,,,,,,26,,,,,,1,,,,,,30,,,,,,24,,,,,,29,,,,,,31,,,,,,46,,,,,,2,,,,,,12,,,,,,29,,,,,,11,,,,,,28,,,,,,14,,,,,,17,,,,,,11,,,,,,48,,,,,,20,,,,,,32,,,,,,13,,,,,,2,,,,,,29,,,,,,12,,,,,,30,,,,,,96,,,,,,21,,,,,,41,,,,,,22,,,,,,1,,,,,,1754,,,2756,,,0,,,918,,,,,,76,,,,,,29,,,,,,335,,,,,,22,,,,,,178,,,,,,723,,,,,,387,,,,,,274,,,,,,328,,,,,,1239,,,,,,711,,,,,,520,,,,,,673,,,,,,69,,,,,,26,,,,,,0,,,,,,4239,,,6508,,,0,,,108,,,,,,1070,,,,,,74,,,,,,329,,,,,,165,,,,,,253,,,,,,444,,,,,,408,,,,,,111,,,,,,242,,,,,,849,,,,,,414,,,,,,139,,,1,,,1541,,,1,,,3864,,,6147,,,2,,,425,,,,,,141,,,,,,1825,,,,,,62,,,,,,868,,,,,,0,,,,,,2542,,,3321,,,0,,
4348,2674,3456,1,Millar-1676-1677-GeneralBill,,,19,,,December,,,1676,,,18,,,December,,,1677,,,27,,,,,,78,,,,,,30,,,,,,62,,,,,,0,,,,,,23,,,,,,31,,,,,,35,,,,,,78,,,,,,42,,,,,,19,,,,,,43,,,,,,55,,,,,,25,,,,,,118,,,,,,22,,,,,,12,,,,,,25,,,,,,25,,,,,,8,,,,,,53,,,,,,8,,,,,,14,,,,,,95,,,,,,20,,,,,,7,,,,,,35,,,,,,94,,,,,,25,,,,,,26,,,,,,39,,,,,,59,,,,,,13,,,,,,9,,,,,,70,,,,,,33,,,,,,25,,,,,,45,,,,,,16,,,,,,6,,,,,,24,,,,,,47,,,,,,74,,,,,,50,,,,,,24,,,,,,18,,,,,,23,,,,,,60,,,,,,41,,,,,,1,,,,,,1,,,,,,22,,,,,,38,,,,,,28,,,,,,25,,,,,,21,,,,,,2,,,,,,1,,,,,,24,,,,,,6,,,,,,32,,,,,,12,,,,,,1,,,,,,29,,,,,,7,,,,,,39,,,,,,31,,,,,,25,,,,,,48,,,,,,25,,,,,,3,,,,,,34,,,,,,27,,,,,,32,,,,,,26,,,,,,40,,,,,,1,,,,,,11,,,,,,16,,,,,,15,,,,,,33,,,,,,5,,,,,,20,,,,,,7,,,,,,39,,,,,,17,,,,,,29,,,,,,7,,,,,,3,,,,,,36,,,,,,15,,,,,,14,,,,,,101,,,,,,20,,,,,,13,,,,,,24,,,,,,0,,,,,,1865,,,2817,,,0,,,922,,,,,,70,,,,,,33,,,,,,318,,,,,,36,,,,,,214,,,,,,681,,,,,,428,,,,,,243,,,,,,333,,,,,,1314,,,,,,764,,,,,,490,,,,,,684,,,,,,78,,,,,,24,,,,,,0,,,,,,4276,,,6632,,,0,,,129,,,,,,1157,,,,,,86,,,,,,340,,,,,,173,,,,,,204,,,,,,446,,,,,,417,,,,,,92,,,,,,178,,,,,,877,,,,,,372,,,1,,,89,,,1,,,1593,,,,,,4029,,,6153,,,2,,,529,,,,,,172,,,,,,1741,,,,,,95,,,,,,928,,,,,,0,,,,,,2456,,,3465,,,0,,
4349,2675,3453,1,Millar-1677-1678-GeneralBill,,,18,,,December,,,1677,,,17,,,December,,,1678,,,33,,,,,,112,,,,,,22,,,,,,60,,,,,,0,,,,,,24,,,,,,26,,,,,,42,,,,,,74,,,,,,39,,,,,,16,,,,,,64,,,,,,66,,,,,,49,,,,,,109,,,,,,25,,,,,,14,,,,,,28,,,,,,18,,,,,,18,,,,,,39,,,,,,10,,,,,,14,,,,,,116,,,,,,22,,,,,,12,,,,,,40,,,,,,98,,,,,,31,,,,,,33,,,,,,45,,,,,,40,,,,,,6,,,,,,15,,,,,,63,,,,,,35,,,,,,34,,,,,,57,,,,,,20,,,,,,6,,,,,,17,,,,,,40,,,,,,71,,,,,,62,,,,,,20,,,,,,14,,,,,,36,,,,,,50,,,,,,46,,,,,,5,,,,,,1,,,,,,18,,,,,,38,,,,,,35,,,,,,38,,,,,,29,,,,,,7,,,,,,4,,,,,,26,,,,,,6,,,,,,33,,,,,,11,,,,,,1,,,,,,29,,,,,,7,,,,,,47,,,,,,21,,,,,,21,,,,,,43,,,,,,23,,,,,,0,,,,,,26,,,,,,22,,,,,,35,,,,,,24,,,,,,42,,,,,,14,,,,,,22,,,,,,15,,,,,,22,,,,,,26,,,,,,11,,,,,,21,,,,,,13,,,,,,54,,,,,,19,,,,,,39,,,,,,8,,,,,,5,,,,,,29,,,,,,17,,,,,,33,,,,,,96,,,,,,32,,,,,,33,,,,,,28,,,,,,0,,,,,,1948,,,3060,,,0,,,912,,,,,,70,,,,,,43,,,,,,349,,,,,,31,,,,,,198,,,,,,702,,,,,,389,,,,,,219,,,,,,340,,,,,,1350,,,,,,779,,,1,,,545,,,,,,678,,,,,,77,,,,,,24,,,,,,0,,,,,,4186,,,6706,,,1,,,161,,,,,,1202,,,,,,112,,,,,,352,,,,,,216,,,,,,339,,,,,,423,,,,,,495,,,,,,137,,,,,,228,,,,,,899,,,,,,600,,,,,,142,,,3,,,1868,,,1,,,3952,,,7174,,,4,,,498,,,,,,198,,,,,,2091,,,,,,108,,,,,,843,,,,,,0,,,,,,2515,,,3738,,,0,,
4350,2676,3452,1,Millar-1678-1679-GeneralBill,,,17,,,December,,,1678,,,16,,,December,,,1679,,,30,,,,,,118,,,,,,26,,,,,,54,,,,,,0,,,,,,15,,,,,,20,,,,,,36,,,,,,70,,,,,,48,,,,,,15,,,,,,56,,,,,,63,,,,,,39,,,,,,106,,,,,,11,,,,,,15,,,,,,29,,,,,,18,,,,,,18,,,,,,49,,,,,,1,,,,,,15,,,,,,113,,,,,,14,,,,,,11,,,,,,39,,,,,,92,,,,,,37,,,,,,26,,,,,,43,,,,,,48,,,,,,12,,,,,,15,,,,,,80,,,,,,30,,,,,,20,,,,,,40,,,,,,19,,,,,,4,,,,,,16,,,,,,51,,,,,,78,,,,,,60,,,,,,26,,,,,,18,,,,,,46,,,,,,39,,,,,,43,,,,,,5,,,,,,0,,,,,,13,,,,,,25,,,,,,33,,,,,,37,,,,,,28,,,,,,2,,,,,,3,,,,,,18,,,,,,11,,,,,,37,,,,,,13,,,,,,3,,,,,,29,,,,,,13,,,,,,36,,,,,,32,,,,,,19,,,,,,61,,,,,,15,,,,,,0,,,,,,25,,,,,,36,,,,,,34,,,,,,42,,,,,,51,,,,,,24,,,,,,17,,,,,,17,,,,,,24,,,,,,40,,,,,,9,,,,,,27,,,,,,11,,,,,,64,,,,,,16,,,,,,33,,,,,,14,,,,,,6,,,,,,33,,,,,,9,,,,,,32,,,,,,126,,,,,,29,,,,,,32,,,,,,21,,,,,,0,,,,,,1876,,,3074,,,0,,,937,,,,,,89,,,,,,25,,,,,,413,,,,,,23,,,,,,245,,,,,,681,,,,,,465,,,,,,341,,,,,,375,,,,,,1466,,,,,,954,,,,,,614,,,,,,727,,,,,,105,,,,,,21,,,,,,0,,,,,,4023,,,7481,,,0,,,159,,,,,,1245,,,,,,88,,,,,,416,,,,,,181,,,,,,337,,,,,,423,,,,,,598,,,,,,132,,,,,,199,,,,,,924,,,,,,475,,,,,,197,,,2,,,1749,,,,,,3769,,,7123,,,2,,,621,,,,,,177,,,,,,2147,,,,,,103,,,,,,1004,,,,,,0,,,,,,2620,,,4052,,,0,,
4351,2677,3451,1,Millar-1679-1680-GeneralBill,,,16,,,December,,,1679,,,14,,,December,,,1680,,,25,,,,,,104,,,,,,20,,,,,,57,,,,,,0,,,,,,23,,,,,,28,,,,,,37,,,,,,76,,,,,,42,,,,,,14,,,,,,67,,,,,,57,,,,,,46,,,,,,10,,,,,,17,,,,,,154,,,,,,30,,,,,,22,,,,,,10,,,,,,46,,,,,,4,,,,,,12,,,,,,95,,,,,,17,,,,,,12,,,,,,30,,,,,,119,,,,,,35,,,,,,19,,,,,,41,,,,,,47,,,,,,7,,,,,,9,,,,,,88,,,,,,31,,,,,,34,,,,,,57,,,,,,24,,,,,,10,,,,,,20,,,,,,52,,,,,,75,,,,,,54,,,,,,15,,,,,,13,,,,,,35,,,,,,55,,,,,,39,,,,,,2,,,,,,0,,,,,,22,,,,,,36,,,,,,27,,,,,,42,,,,,,21,,,,,,5,,,,,,5,,,,,,22,,,,,,5,,,,,,34,,,,,,23,,,,,,2,,,,,,33,,,,,,14,,,,,,58,,,,,,22,,,,,,22,,,,,,43,,,,,,20,,,,,,1,,,,,,38,,,,,,30,,,,,,33,,,,,,28,,,,,,66,,,,,,22,,,,,,13,,,,,,14,,,,,,18,,,,,,38,,,,,,9,,,,,,23,,,,,,9,,,,,,59,,,,,,15,,,,,,26,,,,,,8,,,,,,10,,,,,,29,,,,,,16,,,,,,20,,,,,,113,,,,,,32,,,,,,25,,,,,,34,,,,,,0,,,,,,1954,,,3076,,,0,,,788,,,,,,88,,,,,,22,,,,,,363,,,,,,27,,,,,,209,,,,,,763,,,,,,542,,,,,,273,,,,,,338,,,,,,1409,,,,,,861,,,,,,588,,,,,,701,,,,,,67,,,,,,27,,,,,,0,,,,,,4040,,,7066,,,0,,,154,,,,,,1036,,,,,,155,,,,,,387,,,,,,207,,,,,,295,,,,,,554,,,,,,520,,,,,,156,,,,,,199,,,,,,996,,,,,,529,,,,,,187,,,,,,1851,,,,,,4107,,,7226,,,0,,,513,,,,,,194,,,,,,1950,,,,,,121,,,,,,907,,,,,,0,,,,,,2646,,,3685,,,0,,
