"Omeka Item #","DataScribe Item #","DataScribe Record #","DataScribe Record Position",Year,Week,"Unique ID","Start Day","Start Month","End Day","End month","St Alban Woodstreet - Buried","St Alban Woodstreet - Plague","Alhallows Barking - Buried","Alhallows Barking - Plague","Alhallows Breadstreet - Buried","Alhallows Breadstreet - Plague","Alhallows Great - Buried","Alhallows Great - Plague","Alhallows Honylane - Buried","Alhallows Honylane - Plague","Alhallows Lesse - Buried","Alhallows Lesse - Plague","Alhallows Lumbardstreet - Buried","Alhallows Lumbardstreet - Plague","Alhallows Stayning - Buried","Alhallows Stayning - Plague","Alhallows the Wall - Buried","Alhallows the Wall - Plague","St Alphage - Buried","St Alphage - Plague","St Andrew Hubbard - Buried","St Andrew Hubbard - Plague","St Andrew Undershaft - Buried","St Andrew Undershaft - Plague","St Andrew Wardrobe - Buried","St Andrew Wardrobe - Plague","St Ann Aldersgate - Buried","St Ann Aldersgate - Plague","St Ann Blackfryers - Buried","St Ann Blackfryers - Plague","St Antholins Parish - Buried","St Antholins Parish - Plague","St Austins Parish - Buried","St Austins Parish - Plague","St Bartholomew Exchange - Buried","St Bartholomew Exchange - Plague","St Bennet Fynck - Buried","St Bennet Fynck - Plague","St Bennet Gracechurch - Buried","St Bennet Gracechurch - Plague","St Bennet Paulswharf - Buried","St Bennet Paulswharf - Plague","St Bennet Sherehog - Buried","St Bennet Sherehog - Plague","St Botolph Billingsgate - Buried","St Botolph Billingsgate - Plague","Christ Church - Buried","Christ Church - Plague","St Christophers - Buried","St Christophers - Plague","St Clement Eastcheap - Buried","St Clement Eastcheap - Plague","St Dionis Backchurch - Buried","St Dionis Backchurch - Plague","St Dunstan East - Buried","St Dunstan East - Plague","St Edmund Lumbardstr. - Buried","St Edmund Lumbardstr. - Plague","St Ethelborough - Buried","St Ethelborough - Plague","St Faith - Buried","St Faith - Plague","St Foster - Buried","St Foster - Plague","St Gabriel Fenchurch - Buried","St Gabriel Fenchurch - Plague","St George Botolphlane - Buried","St George Botolphlane - Plague","St Gregory by St Pauls - Buried","St Gregory by St Pauls - Plague","St Hellen - Buried","St Hellen - Plague","St James Dukes place - Buried","St James Dukes place - Plague","St James Garlickhithe - Buried","St James Garlickhithe - Plague","St John Baptist - Buried","St John Baptist - Plague","St John Evangelist - Buried","St John Evangelist - Plague","St John Zachary - Buried","St John Zachary - Plague","St Katharine Coleman - Buried","St Katharine Coleman - Plague","St Katharine Creechurch - Buried","St Katharine Creechurch - Plague","St Lawrence Jewry - Buried","St Lawrence Jewry - Plague","St Lawrence Pountney - Buried","St Lawrence Pountney - Plague","St Leonard Eastcheap - Buried","St Leonard Eastcheap - Plague","St Leonard Fosterlane - Buried","St Leonard Fosterlane - Plague","St Magnus Parish - Buried","St Magnus Parish - Plague","St Margaret Lothbury - Buried","St Margaret Lothbury - Plague","St Margaret Moses - Buried","St Margaret Moses - Plague","St Margaret Newfishstreet - Buried","St Margaret Newfishstreet - Plague","St Margaret Pattons - Buried","St Margaret Pattons - Plague","St Mary Abchurch - Buried","St Mary Abchurch - Plague","St Mary Aldermanbury - Buried","St Mary Aldermanbury - Plague","St Mary Aldermary - Buried","St Mary Aldermary - Plague","St Mary le Bow - Buried","St Mary le Bow - Plague","St Mary Bothaw - Buried","St Mary Bothaw - Plague","St Mary Colechurch - Buried","St Mary Colechurch - Plague","St Mary Hill - Buried","St Mary Hill - Plague","St Mary Mounthaw - Buried","St Mary Mounthaw - Plague","St Mary Sommerset - Buried","St Mary Sommerset - Plague","St Mary Stayning - Buried","St Mary Stayning - Plague","St Mary Woolchurch - Buried","St Mary Woolchurch - Plague","St Mary Woolnoth - Buried","St Mary Woolnoth - Plague","St Martin Iremongerlane - Buried","St Martin Iremongerlane - Plague","St Martin Ludgate - Buried","St Martin Ludgate - Plague","St Martin Orgars - Buried","St Martin Orgars - Plague","St Martin Outwich - Buried","St Martin Outwich - Plague","St Martin Vintrey - Buried","St Martin Vintrey - Plague","St Matthew Fridaystreet - Buried","St Matthew Fridaystreet - Plague","St Maudlin Milkstreet - Buried","St Maudlin Milkstreet - Plague","St Maudlin Oldfishstreet - Buried","St Maudlin Oldfishstreet - Plague","St Michael Bassishaw - Buried","St Michael Bassishaw - Plague","St Michael Cornhil - Buried","St Michael Cornhil - Plague","St Michael Crookedlane - Buried","St Michael Crookedlane - Plague","St Michael Queenhithe - Buried","St Michael Queenhithe - Plague","St Michael Quern - Buried","St Michael Quern - Plague","St Michael Royal - Buried","St Michael Royal - Plague","St Michael Woodstreet - Buried","St Michael Woodstreet - Plague","St Mildred Breadstreet - Buried","St Mildred Breadstreet - Plague","St Mildred Poultrey - Buried","St Mildred Poultrey - Plague","St Nicholas Acons - Buried","St Nicholas Acons - Plague","St Nicholas Coleabby - Buried","St Nicholas Coleabby - Plague","St Nicholas Olaves - Buried","St Nicholas Olaves - Plague","St Olave Hartstreet - Buried","St Olave Hartstreet - Plague","St Olave Jewry - Buried","St Olave Jewry - Plague","St Olave Silverstreet - Buried","St Olave Silverstreet - Plague","St Pancras Soperlane - Buried","St Pancras Soperlane - Plague","St Peter Cheap - Buried","St Peter Cheap - Plague","St Peter Cornhil - Buried","St Peter Cornhil - Plague","St Peter Paulswharf - Buried","St Peter Paulswharf - Plague","St Peter Poor - Buried","St Peter Poor - Plague","St Steven Colemanstreet - Buried","St Steven Colemanstreet - Plague","St Steven Walbrook - Buried","St Steven Walbrook - Plague","St Swithin - Buried","St Swithin - Plague","St Thomas Apostles - Buried","St Thomas Apostles - Plague","Trinity Parish - Buried","Trinity Parish - Plague","Buried in the 97 Parishes within the Walls","Plague in the 97 Parishes within the Walls","St Andrew Holborn - Buried","St Andrew Holborn - Plague","St Bartholomew Great - Buried","St Bartholomew Great - Plague","St Bartholomew Less - Buried","St Bartholomew Less - Plague","St Bridget - Buried","St Bridget - Plague","Bridewel Precinct - Buried","Bridewel Precinct - Plague","St Botolph Aldersgate - Buried","St Botolph Aldersgate - Plague","St Botolph Aldgate - Buried","St Botolph Aldgate - Plague","St Botolph Bishopsgate - Buried","St Botolph Bishopsgate - Plague","St Dunstan West - Buried","St Dunstan West - Plague","St George Southwark - Buried","St George Southwark - Plague","St Giles Cripplegate - Buried","St Giles Cripplegate - Plague","St Olave Southwark - Buried","St Olave Southwark - Plague","Saviours Southwark - Buried","Saviours Southwark - Plague","S Sepulchres Parish - Buried","S Sepulchres Parish - Plague","St Thomas Southwark - Buried","St Thomas Southwark - Plague","Trinity Minories - Buried","Trinity Minories - Plague","Pesthouse Without the Walls - Buried","Pesthouse Without the Walls - Plague","Buried in the parishes without the Walls","Plague in the parishes without the Walls","St Clement Danes - Buried","St Clement Danes - Plague","St Paul Covent Garden - Buried","St Paul Covent Garden - Plague","St Giles in the Field - Buried","St Giles in the Field - Plague","St James Clerkenwel - Buried","St James Clerkenwel - Plague","St Katharine Tower - Buried","St Katharine Tower - Plague","St Leonard Shoreditch - Buried","St Leonard Shoreditch - Plague","St Martin in the fields - Buried","St Martin in the fields - Plague","St Mary Whitechappel - Buried","St Mary Whitechappel - Plague","St Magdalen Bermondsey - Buried","St Magdalen Bermondsey - Plague","St Mary Savoy - Buried","St Mary Savoy - Plague","Buried in the out-Parishes in Middlesex and Surrey","Plague in the out-Parishes in Middlesex and Surrey","Total of all Burials","Total of all Plague","Total Christenings","Parishes Clear of the Plague","Parishes Infected"
24376,23224,2178,1,1636,20,Bodleian-1636-20-recto,28,April,5,May,,,4,,,,,,,,2,,,,1,,,,2,,1,,2,,2,,,,5,,,,1,,,,2,,,,4,,1,,,,1,,,,,,,,,,,,,,1,,1,,,,1,,2,,,,,,2,,,,,,2,,1,,2,,,,1,,,,,,1,,1,,,,1,,,,,,,,1,,,,,,,,,,1,,,,,,,,,,,,,,,,,,,,,,,,1,,,,,,,,,,,,1,,,,,,1,,,,1,,,,,,1,,1,,,,,,1,,,,,,,,1,,,,1,,1,,56,0,7,,1,,2,,6,,1,,2,,17,2,8,1,3,,7,,9,1,8,,8,,11,,1,,1,,1,,93,4,2,,,,13,,5,,8,,4,,8,,12,,3,,2,,57,0,206,4,197,119,3
24377,23225,2185,1,1636,21,Bodleian-1636-21-recto,5,May,12,May,,,1,,1,,1,,,,1,,2,,,,,,1,,,,2,1,,,1,,2,,,,1,,,,,,,,1,,,,1,,2,,,,,,1,1,2,,,,,,,,,,,,1,,,,,,1,,1,,1,,,,,,,,1,,,,,,,,1,,2,,2,,,,2,1,,,1,,,,1,,,,,,,,4,,,,,,,,,,,,,,,,,,1,,1,,,,1,,,,2,,,,2,,3,,,,1,,,,,,,,,,,,1,,2,,,,,,,,,,1,1,,,1,,1,,,,1,,,,,,56,4,5,,,,,,8,,1,,3,,19,6,11,3,3,,9,2,19,,15,,9,,9,,7,4,1,,3,3,122,18,5,,,,5,,8,3,7,,16,9,18,,13,7,3,,1,,76,19,254,41,199,111,11
24378,23226,2190,1,1636,22,Bodleian-1636-22-recto,12,May,19,May,,,2,,1,,4,1,,,2,,,,,,1,,,,1,,1,,2,,3,,3,,1,,1,,,,,,,,3,,1,,,,2,,,,2,,,,1,,,,1,,,,,,1,,1,,2,,,,,,2,,,,,,1,,1,,,,1,,,,,,2,,,,,,,,,,,,1,,,,,,,,,,,,1,,,,,,,,,,1,,,,1,,,,1,,2,,1,,,,,,1,,,,1,,,,,,1,,1,,1,,1,,1,,1,,1,,,,1,,,,1,,1,,,,,,,,2,,,,1,,,,1,,67,1,12,,1,,,,5,,1,,3,,23,10,5,1,3,,4,,17,1,11,,9,,9,1,,,1,,,,104,13,9,,,,8,,5,,6,3,5,2,16,,20,3,4,,,,73,8,244,22,171,114,8
24379,23227,2195,1,1636,23,Bodleian-1636-23-recto,19,May,26,May,,,3,,,,,,1,,,,,,,,2,2,,,,,1,,,,,,3,,1,,,,1,,,,,,3,,2,,,,2,,,,1,,,,4,,,,,,2,,,,,,1,,1,,1,,,,,,,,,,1,,2,,2,,1,,,,,,1,,,,,,,,1,,,,,,1,,,,1,,,,,,1,,,,4,,,,,,,,,,2,,1,,1,,,,1,,,,1,,,,1,1,3,,,,,,1,,2,,,,,,1,,1,,,,2,,,,1,,,,1,,,,2,,1,,4,,1,,4,,,,1,,75,3,10,,,,,,7,,5,,4,,23,7,7,4,3,,4,,16,1,9,,10,,11,2,3,2,,,2,1,114,17,5,,,,9,,5,1,8,2,8,4,12,,23,12,2,,2,,74,19,263,39,160,111,11
24380,23228,2198,1,1636,24,Bodleian-1636-24-recto,26,May,2,June,,,6,,,,1,,,,3,,1,,2,,1,,,,,,,,,,,,1,,1,,,,,,,,1,,,,,,,,1,,1,,,,1,,1,,1,,,,,,1,,,,,,,,1,,2,,2,,1,,,,,,4,1,,,,,1,,1,,1,,,,,,,,1,,1,1,,,,,,,1,1,,,,,1,,,,1,,,,,,1,,,,1,,,,2,,1,,1,,,,,,,,1,,,,,,,,1,,,,,,,,,,,,,,2,,,,,,,,1,,,,,,1,,1,,,,1,,1,,1,,57,3,10,,,,1,,11,,3,,1,,21,9,8,3,3,,9,,15,,19,,9,1,19,6,9,6,1,,4,3,143,28,10,,,,8,2,5,2,7,4,2,1,12,,30,11,1,,1,,76,20,276,51,189,109,13
24381,23229,2199,1,1636,27,Bodleian-1636-27-recto,16,June,23,June,,,2,,,,1,,,,,,,,,,,,,,1,,,,2,,,,3,,,,,,,,,,,,,,,,1,,,,,,,,,,2,,,,2,,1,,,,,,,,1,,,,,,,,1,,,,1,,,,2,,1,,,,,,1,,1,,,,,,,,,,1,,,,,,1,1,,,,,,,,,,,,,,,,,,,1,,,,,,3,,,,1,,2,,1,,,,1,,,,,,1,,,,,,,,,,,,1,,,,,,,,,,1,,,,1,,,,,,,,1,,,,,,39,1,8,1,1,,1,,7,,,,2,,25,11,12,2,3,,5,,29,9,12,,8,,16,7,2,1,,,2,2,133,33,8,,,,9,2,12,7,9,6,6,2,14,,23,14,3,,1,,85,31,257,65,149,110,12
24382,23230,2200,1,1636,29,Bodleian-1636-29-recto,30,June,7,July,2,,2,,,,2,,,,,,,,,,1,,,,,,,,,,,,1,,1,,1,,,,2,,,,1,,,,,,,,,,,,,,,,,,,,,,1,,,,,,,,,,,,,,1,,,,1,,,,1,,,,,,,,,,,,,,,,,,,,,,,,,,,,,,1,,2,,,,,,,,,,,,,,,,,,,,1,,,,,,,,1,,1,,,,,,2,,1,,1,,,,,,,,,,,,1,,,,,,,,,,,,,,,,,,,,,,,,,,28,0,12,3,,,,,6,,2,,,,33,16,13,6,3,,8,1,21,2,12,1,12,1,25,7,5,2,2,,,,154,39,5,1,,,8,1,12,7,15,7,7,1,12,2,23,6,,,1,,83,25,265,64,152,106,16
24383,23231,2209,1,1636,30,Bodleian-1636-30-recto,7,July,14,July,,,1,,,,,,,,1,,,,,,2,,,,,,,,2,,,,10,1,1,,,,,,,,,,1,,,,,,1,,,,,,,,,,,,4,3,,,1,,,,,,2,,,,1,,1,,1,,,,,,1,,,,,,1,,,,,,,,,,1,,,,,,,,,,,,,,,,,,,,,,,,,,,,1,,,,,,1,,,,1,,,,,,1,,1,,,,,,,,,,,,,,,,1,,,,,,,,3,,,,2,,,,,,,,,,,,1,,,,,,,,,,44,4,13,4,7,3,1,,,,1,,4,,38,24,8,2,3,1,13,,18,2,17,1,24,2,17,6,1,,1,,3,3,169,48,5,1,,,11,6,6,4,9,5,7,2,14,3,28,13,2,,3,,85,34,298,86,142,104,18
24384,23232,2210,1,1636,33,Bodleian-1636-33-recto,28,July,4,August,,,7,,,,1,,,,1,,,,2,,2,,,,1,,,,3,1,1,,7,7,,,,,,,,,,,1,,,,3,2,5,1,,,,,,,,,,,3,3,,,1,,,,,,4,2,1,,,,,,,,,,,,2,1,2,1,,,,,,,3,2,,,,,2,2,1,,,,,,,,,,,,,,,,1,1,,,1,,,,,,1,1,,,1,,1,,1,,1,,,,,,1,,1,,,,1,,1,1,,,,,,,,,,,,,,,,,,,1,,,,,,1,,1,,,,,,2,1,,,,,1,,,,70,26,15,8,5,4,,,6,3,1,1,3,2,45,26,14,5,4,1,20,9,13,2,21,8,13,5,21,10,3,2,1,,2,2,187,88,4,3,,,16,9,16,9,17,8,20,9,19,3,41,26,4,,,,137,67,394,181,152,87,35
24385,23233,2211,1,1636,34,Bodleian-1636-34-recto,4,August,11,August,2,2,5,3,,,1,,,,,,,,,,2,,,,,,1,,2,,5,2,8,5,,,1,1,,,,,,,3,2,,,1,1,5,2,,,,,1,,,,,,,,,,,,,,,,6,5,,,1,,,,,,,,2,2,4,2,,,,,,,,,5,5,2,,,,,,,,,,1,,2,,1,,1,1,,,,,,,1,,1,1,1,,,,2,,,,,,1,,,,,,,,,,1,,1,,,,,,,,,,,,1,,,,,,,,,,,,1,,,,1,,,,,,,,,,,,2,1,,,1,,1,,,,77,35,17,7,7,5,,,6,3,1,,4,,35,20,19,6,1,,19,6,24,10,26,12,28,19,41,21,4,2,2,1,5,4,239,116,3,,,,18,15,23,15,22,19,16,10,14,5,41,20,10,8,2,1,149,93,465,244,166,87,35
24409,23234,2212,1,1636,35,Bodleian-1636-35-recto,11,August,18,August,2,1,,,,,2,1,,,1,,2,,,,2,1,1,,,,,,5,2,1,1,8,5,,,1,1,,,,,,,1,,,,,,5,2,1,,,,1,,2,,,,3,2,,,,,2,1,1,1,5,2,,,2,,,,,,,,2,2,12,8,,,,,,,1,1,5,5,1,,2,,2,2,,,1,,,,,,,,,,1,1,1,,,,1,,1,,2,,,,,,,,1,,,,,,2,,,,,,,,1,,,,,,1,1,,,1,,1,1,1,,,,,,1,1,,,,,,,,,,,,,1,,,,,,1,1,1,,,,,,,,92,43,13,6,16,12,,,9,3,4,2,4,4,37,21,23,9,4,,37,10,39,11,32,18,26,18,33,18,1,,,,6,6,284,138,13,6,,,21,12,19,10,18,13,33,26,14,3,44,29,6,3,2,1,170,103,546,284,167,79,43
24410,23235,2213,1,1636,37,Bodleian-1636-37-recto,25,August,1,September,3,1,2,1,,,2,1,,,,,1,,,,7,6,,,,,2,,9,8,4,1,8,4,,,,,,,,,1,,3,1,1,,,,12,9,,,,,2,,1,,,,4,2,,,,,,,,,5,4,,,,,1,1,,,,,1,,15,7,3,1,,,3,1,,,4,2,,,1,,1,1,,,,,,,,,1,1,1,1,1,,,,,,1,,2,1,,,,,,,,,2,1,,,,,1,,,,,,,,3,3,1,1,,,1,1,,,,,1,,1,,2,1,,,2,2,,,3,,,,,,,,,,1,,,,,,1,1,,,,,,,,,121,64,19,12,21,19,,,10,5,1,1,11,10,52,31,29,18,3,1,77,57,85,34,39,24,26,19,46,26,5,4,2,2,2,2,428,265,25,15,,,46,32,33,25,29,25,40,23,21,15,74,58,11,8,7,6,286,207,835,536,163,72,50
24411,23236,2214,1,1636,38,Bodleian-1636-38-recto,1,September,8,September,1,,5,1,,,1,,,,,,1,,,,7,5,3,2,,,2,,4,3,3,2,10,9,,,,,2,,1,1,,,5,4,,,3,1,8,5,,,,,,,,,,,3,1,1,,,,,,,,3,1,1,1,2,,,,,,,,1,,5,4,1,,,,2,2,1,,3,2,,,,,2,,1,,3,1,1,,3,2,2,1,,,,,1,,4,1,,,3,2,,,,,1,1,,,2,2,1,,,,4,2,2,,,,1,1,3,3,3,3,1,,1,,1,,,,2,2,1,1,,,,,2,1,,,,,,,,,,,,,,,1,1,,,2,,,,1,,1,1,1,,130,69,18,12,9,4,1,,16,6,1,,6,4,57,37,54,34,12,7,70,51,118,51,46,32,48,41,55,30,10,8,2,1,3,3,526,321,16,5,,,35,30,25,19,18,9,42,27,18,10,92,67,17,9,2,1,265,177,921,567,153,67,55
24412,23237,2215,1,1636,39,Bodleian-1636-39-recto,8,September,15,September,7,4,2,1,,,11,7,,,2,,,,1,,6,3,1,1,,,,,3,1,9,7,6,4,1,,1,,,,1,1,,,9,9,,,,,8,6,2,1,1,,,,1,,1,1,,,1,,3,,,,1,,4,4,1,,,,1,,,,,,,,11,9,6,3,1,,2,1,,,2,,,,,,3,3,2,2,1,1,,,,,2,2,,,,,,,1,,,,5,1,1,1,,,1,,,,2,,1,,1,1,4,2,,,,,4,3,,,2,1,2,1,5,3,,,,,6,5,,,,,,,1,1,,,2,2,,,,,,,,,1,1,2,1,,,2,1,,,1,,1,,,,159,95,33,24,18,16,1,1,21,10,1,1,6,5,70,54,69,38,6,4,73,52,106,35,49,31,64,56,62,42,12,11,3,2,10,10,604,392,19,5,,,44,30,43,33,31,25,34,19,25,17,112,88,25,18,10,6,343,241,1106,728,166,62,60
24413,23238,2226,1,1636,40,Bodleian-1636-40-recto,15,September,22,September,,,8,1,2,1,3,2,,,,,,,,,3,3,3,2,,,4,1,4,1,9,9,7,4,,,,,,,1,,,,8,7,,,,,9,4,,,,,1,,2,,,,,,2,2,3,1,,,1,,1,1,,,,,,,,,,,1,1,7,7,3,,,,1,1,,,3,1,4,2,,,1,,1,1,,,,,2,1,1,,1,,,,,,1,,1,1,1,1,,,2,2,1,,,,1,,,,,,3,2,1,1,,,5,4,2,1,1,1,1,,4,1,,,,,2,1,1,1,1,1,,,2,1,1,1,4,2,,,4,3,,,,,2,1,2,1,,,6,4,,,,,,,4,3,149,86,31,21,15,10,1,1,21,9,,,12,9,50,28,83,46,10,6,68,55,150,66,44,33,46,37,47,32,13,8,,,8,8,599,369,20,9,,,44,29,31,27,21,14,16,11,27,17,75,58,26,16,10,9,270,190,1018,645,172,58,64
24414,23239,2227,1,1636,41,Bodleian-1636-41-recto,22,September,29,September,1,1,5,2,1,,8,7,,,1,,,,1,,7,6,5,2,,,2,1,6,6,8,6,2,1,1,,1,,,,1,1,1,,10,6,,,2,2,9,6,,,,,,,,,,,2,1,3,3,2,1,2,,,,,,1,,1,,,,,,,,,,10,6,8,6,,,3,,1,1,3,1,4,3,1,,,,3,3,,,,,2,1,2,1,,,,,,,,,,,2,,,,1,,,,,,,,1,,2,1,2,,1,,,,4,4,1,,1,,2,,2,,,,3,,3,1,2,1,1,,,,2,,,,2,1,,,1,1,,,,,1,1,2,2,1,,4,1,,,,,,,,,161,87,44,27,8,5,2,1,18,13,1,,9,6,80,59,77,30,6,5,74,52,173,101,84,66,69,58,55,30,16,13,4,3,8,8,728,477,20,12,,,36,29,35,27,29,21,31,19,29,20,113,85,25,15,4,4,322,232,1211,796,168,65,57
24415,23240,2228,1,1636,42,Bodleian-1636-42-recto,29,September,6,October,,,7,4,,,5,4,1,,1,1,,,,,5,1,,,1,1,3,2,6,2,4,3,4,2,,,,,,,,,1,1,8,7,,,1,,8,6,,,1,,,,3,1,,,4,1,3,3,1,1,,,1,,1,,,,1,1,2,,,,,,,,3,1,4,,1,,1,,,,5,5,2,2,,,2,,,,1,1,,,,,2,,,,,,,,1,1,,,3,1,1,1,,,,,,,1,,,,,,2,1,,,,,6,6,1,,1,,1,1,3,3,,,,,4,1,2,,1,1,1,1,1,1,2,1,6,3,,,2,1,2,,,,1,1,2,1,,,6,3,,,,,,,,,143,78,45,36,16,9,2,2,24,15,1,,21,17,69,50,108,54,6,5,79,59,176,98,68,55,76,58,55,36,10,8,1,1,5,5,762,508,17,8,,,31,22,35,29,27,18,36,21,25,19,92,67,21,15,5,5,289,204,1194,790,170,60,62
24416,23241,2229,1,1636,43,Bodleian-1636-43-recto,6,October,13,October,2,1,5,1,1,1,6,5,,,3,,1,,,,8,2,4,1,,,2,1,4,1,8,8,1,,,,,,1,,1,1,,,3,1,,,,,5,5,1,1,,,2,1,1,,,,3,1,2,2,1,,2,2,,,3,2,2,,1,,,,,,,,2,2,8,7,5,3,,,4,1,,,5,4,2,2,,,,,3,3,,,1,,2,1,2,,,,1,,1,1,2,1,2,,4,,,,1,1,1,,,,,,2,,,,3,3,,,,,7,3,,,,,1,1,2,2,,,1,,2,,3,3,1,1,,,1,,2,1,1,,1,,1,,,,,,2,,,,,,2,2,,,1,,1,1,1,1,154,81,33,25,13,5,2,1,20,10,2,1,12,9,71,41,91,50,4,1,45,23,142,58,101,86,68,50,55,34,13,11,3,2,3,3,678,410,14,8,,,35,20,27,16,32,20,37,26,26,18,88,62,20,16,6,5,285,191,1117,682,164,59,63
24417,23242,2230,1,1636,44,Bodleian-1636-44-recto,13,October,20,October,1,,5,3,,,4,4,,,3,2,,,,,7,1,1,,2,1,3,3,4,3,3,2,1,,2,1,,,,,,,,,4,2,,,,,4,3,,,1,,,,1,1,1,,1,1,1,,1,,,,,,2,,1,1,5,3,,,1,1,,,1,,4,4,3,1,,,,,,,,,,,,,2,1,,,,,,,5,4,2,1,,,,,,,1,,,,5,3,,,1,1,1,,,,3,1,,,,,2,,,,1,,2,2,,,1,,,,2,2,,,1,,1,,,,,,2,1,,,3,1,5,1,,,,,,,,,,,,,,,5,1,2,,,,1,,,,115,56,37,25,5,1,3,3,18,15,1,,8,4,64,39,48,14,8,4,30,9,112,37,62,44,68,56,41,19,9,8,,,2,2,516,280,16,7,,,20,11,23,11,12,8,29,22,24,19,76,48,22,14,2,,224,140,855,476,174,70,52
24418,23243,2231,1,1636,45,Bodleian-1636-45-recto,20,October,27,October,,,3,2,,,6,2,,,,,,,1,,3,1,4,1,2,2,2,1,3,2,5,3,,,2,2,,,,,,,1,,1,,,,2,1,4,2,2,2,2,1,,,2,,,,1,,,,1,,,,1,1,2,,1,,2,2,1,,1,1,,,2,1,3,2,9,1,,,,,1,,1,1,1,,1,,,,,,,,2,,1,,,,,,1,,,,,,1,,1,,,,1,,1,,,,,,1,,,,,,,,,,2,2,,,2,1,1,1,,,1,1,3,,4,1,,,2,1,1,1,,,1,1,3,3,,,,,,,,,1,1,2,2,,,3,2,,,,,2,2,,,110,50,26,19,11,4,2,1,16,9,1,1,6,5,53,18,48,22,5,3,30,14,105,36,76,52,54,32,39,21,9,7,3,2,1,1,485,247,7,3,,,20,13,20,10,16,8,36,17,25,16,48,36,10,2,2,2,184,107,779,404,133,64,58
24443,23244,2232,1,1638,25,Bodleian-1638-25-recto,31,May,7,June,1,,3,,,,4,,,,1,,1,,,,3,,,,1,,,,,,2,,4,,2,,,,,,,,1,,1,,,,2,,3,,2,,1,,,,1,1,1,,,,,,2,,,,,,2,,1,,1,,,,,,,,1,,,,2,,1,,1,,,,1,,,,1,,,,,,,,,,,,,,1,,2,,,,,,,,2,,,,,,,,,,,,,,1,,,,,,,,,,3,,2,,1,,2,,,,1,,,,,,,,,,1,,,,,,,,1,,,,,,,,,,,,1,,,,,,1,,1,,67,1,10,,3,,2,,10,,,,4,,11,,5,,9,,8,,19,,9,,4,,14,,,,2,,1,1,111,1,6,,,,7,,,,8,,5,,21,,8,,3,,3,,61,0,239,2,171,121,1
24444,23245,2238,1,1638,27,Bodleian-1638-27-recto,14,June,21,June,2,,4,,1,,3,,,,3,,,,,,1,,,,1,,2,,1,,1,,6,,,,,,,,1,,1,,2,,,,,,5,,,,,,,,2,,,,,,1,,,,1,,,,,,,,,,,,,,,,,,1,,2,,,,,,,,,,,,,,,,,,1,,2,,,,,,,,1,,,,,,,,1,,,,,,,,,,2,,,,,,3,,1,,1,,1,,,,2,,,,1,,1,,,,,,,,1,,2,,,,,,2,,1,,3,,,,,,2,,,,1,,4,,,,,,1,,1,,76,0,10,,1,,1,,9,,,,4,,14,,7,,8,,8,,13,,9,,8,,13,,2,,1,,,,108,0,8,,,,6,,5,,3,,5,,14,,8,,4,,2,,56,0,240,0,153,122,0
24445,23246,2240,1,1638,28,Bodleian-1638-28-recto,21,June,28,June,,,6,,,,3,,,,,,1,,1,,1,,1,,,,,,2,,,,1,,1,,,,1,,,,,,,,,,,,2,,,,,,2,,2,,,,1,,2,,1,,,,,,,,,,,,1,,,,,,,,3,,,,1,,1,,,,2,,,,1,,,,,,,,,,1,,,,,,1,,1,,,,,,3,,,,,,1,,1,,2,,1,,,,1,1,,,1,,2,,2,,1,,,,2,,,,,,1,,1,,,,,,1,,,,1,,,,,,,,,,2,,,,,,2,,,,,,,,,,65,1,17,1,4,,,,9,,,,3,,10,,11,,5,,6,,14,,12,,10,,15,,,,,,,,116,1,13,,,,9,,4,,5,,5,,17,1,22,,1,,1,,77,1,258,3,181,119,3
24446,23247,2241,1,1638,29,Bodleian-1638-29-recto,28,June,5,July,2,,3,,,,1,,,,,,2,,,,1,,,,1,,1,,3,,1,,4,,1,,,,,,1,,,,2,,1,,1,,6,,1,,,,,,1,,,,,,1,,1,,,,2,,1,,,,2,,2,,,,,,2,,,,3,,1,,,,,,1,,1,,,,1,,,,1,,,,,,,,,,,,1,,2,,,,2,,,,,,,,,,,,,,,,2,,,,,,,,,,,,,,,,,,,,,,,,,,1,,,,,,,,,,1,,,,,,,,1,,,,1,,,,,,1,,,,64,0,14,1,2,,,,6,,,,4,,9,,8,,6,,8,,16,,15,,5,,19,,1,,,,,,113,1,9,,,,15,1,4,,4,,3,,20,1,18,,7,,1,,81,2,258,3,181,119,3
24447,23248,2242,1,1638,30,Bodleian-1638-30-recto,5,July,12,July,1,,4,,,,5,,,,1,,2,,,,,,,,,,2,,2,,1,,3,,,,2,,,,,,,,1,,,,1,,,,,,2,,1,,4,,,,,,2,,1,,,,,,2,,,,2,,2,,,,,,1,,,,1,,3,,1,,1,,1,,,,,,1,,,,1,,,,1,,1,,1,,1,,,,2,,,,,,,,,,1,,,,1,,,,,,,,,,,,4,,1,,1,,3,,1,,2,,,,,,2,,1,,,,1,,,,1,,,,,,,,,,,,1,,,,,,,,1,,1,,,,79,0,19,3,2,,,,9,,2,,3,,7,,11,,7,,3,,16,,15,,8,,15,1,2,,,,,,119,4,12,,,,9,,7,,10,,7,,10,,20,1,5,,2,,82,1,280,5,194,119,3
24448,23249,2181,1,1638,31,Bodleian-1638-31-recto,12,July,19,July,1,,3,,2,,5,,,,,,2,,,,1,,2,,,,2,,,,,,3,,1,,,,,,,,1,,2,,,,2,1,4,,,,1,,,,6,,1,,,,2,,1,,,,1,,,,,,,,,,,,,,,,1,,2,,2,,1,,,,2,,1,,,,,,,,,,,,2,,1,,,,,,,,,,,,2,,,,,,,,,,,,1,,,,1,,,,,,2,,3,,,,,,1,,1,,,,3,,,,1,,,,,,3,,2,,,,,,,,,,1,,1,,,,1,,1,,1,,,,2,,82,1,17,1,,,,,13,,1,,3,,16,,12,,5,,6,,32,,20,,21,,18,,1,,,,,,165,1,14,,,,19,2,6,1,5,,5,,25,1,17,,7,,2,,100,4,347,6,177,117,5
24449,23250,2184,1,1638,32,Bodleian-1638-32-recto,19,July,26,July,1,,3,,1,,,,,,3,,1,,1,,1,,,,,,1,,8,,3,,7,,1,,,,1,,,,,,2,,1,,2,,6,,1,,1,,1,,4,1,1,,,,,,,,1,,1,,1,,1,,3,,2,,,,,,,,1,,1,,1,,2,,,,1,,,,,,,,,,,,,,,,,,,,,,,,2,,,,1,,,,1,,,,,,,,,,1,,1,,,,,,1,,3,,1,,3,,1,,1,,3,,1,,1,,,,1,,2,,1,,1,,1,,2,,,,,,,,,,1,,,,,,1,,1,,2,,100,1,11,,3,,,,12,,2,,4,,20,,12,,8,,11,2,21,,28,,28,,16,,,,,,,,176,2,14,,,,16,,5,2,6,,10,,26,,21,,7,,3,,108,2,384,5,174,119,3
24450,23251,2188,1,1638,33,Bodleian-1638-33-recto,26,July,2,August,1,,2,,,,5,1,,,,,,,,,2,,1,,,,2,,3,,1,,6,,,,,,,,1,,,,1,,,,1,,5,,,,,,1,,3,,,,1,,,,2,,,,,,3,,1,,2,,2,,,,,,,,1,,1,,,,1,,,,3,,1,,,,,,,,,,,,2,,1,,1,,,,,,2,,,,1,,,,,,,,,,1,,1,,3,,1,,,,,,5,,2,,,,4,,2,,,,,,1,,,,,,,,2,,1,,2,,1,,,,,,,,2,,,,1,,,,,,1,,1,,1,,92,1,13,,1,,1,,7,,,,8,,18,,13,,9,,12,,24,,28,,30,,10,,,,1,,,,175,0,16,1,,,19,2,4,,3,,10,,19,,30,,6,,,,107,3,374,4,200,119,3
24451,23252,2191,1,1638,34,Bodleian-1638-34-recto,2,August,9,August,,,8,,,,1,,,,4,,3,,1,,2,,,,2,,,,3,,,,2,,,,1,,,,1,,,,2,,,,,,3,,,,,,,,4,,1,,2,,,,,,1,,,,,,,,1,,,,3,,,,1,,4,,3,,,,1,1,,,4,,,,,,,,3,,,,,,,,1,,,,,,,,1,,1,,5,1,1,,1,,,,,,1,,,,,,,,1,,,,2,,4,,,,5,,2,,,,,,2,,,,1,,,,,,1,,2,,,,1,,2,,,,,,2,,,,2,,,,1,,,,1,,101,2,17,1,3,,2,,9,,,,1,,13,,7,,8,,11,1,33,1,14,,17,,20,1,2,,,,,,157,4,16,,,,15,,6,,5,,3,,18,,16,,7,,2,,88,0,346,6,179,116,6
24452,23253,2201,1,1638,36,Bodleian-1638-36-recto,16,August,23,August,1,,6,,,,2,,,,2,,,,1,,1,,2,,,,1,,2,,3,,2,,,,,,,,,,1,,3,,,,1,,,,1,,,,1,,6,,1,,3,,1,,,,1,,,,1,,1,,1,,1,,1,,,,,,1,,1,,,,5,2,,,,,1,,1,,,,2,,,,2,,3,1,3,,3,,,,2,,,,1,,1,,1,,,,,,1,,1,,1,,,,,,,,,,1,,1,,1,,3,,,,,,1,,4,,,,,,,,2,,,,3,,,,1,,,,,,,,1,,,,1,,,,,,,,,,96,3,18,2,3,,,,15,,1,,3,,23,2,8,,8,1,3,1,22,,21,,18,1,27,2,2,,1,,1,1,174,10,10,1,,,16,1,4,,7,,9,,21,,17,,13,,4,1,101,3,371,16,199,111,11
24478,23254,2202,1,1638,37,Bodleian-1638-37-recto,23,August,30,August,1,,3,,,,4,,2,,4,,1,,1,,1,,,,,,3,,1,,,,1,,1,1,1,,1,,,,2,,1,,1,,1,,8,,,,4,,2,,4,,,,,,2,,,,,,,,2,,2,,,,1,,1,,,,,,4,,3,,,,1,,,,2,1,4,1,2,,,,2,,,,,,2,1,2,,1,,,,,,,,,,1,,,,,,,,,,3,,2,,,,2,,,,,,3,,8,3,,,5,,2,,1,,1,,1,,1,,,,,,1,,,,3,,,,,,,,,,,,1,,,,4,1,,,,,2,,,,120,8,14,3,3,,,,8,,1,,2,,22,,14,,7,,6,,17,,22,,20,1,21,,4,,1,,,,162,4,19,5,,,13,,5,,4,,9,,22,2,12,,9,,4,2,97,9,379,21,190,111,11
24479,23255,2203,1,1638,38,Bodleian-1638-38-recto,30,August,6,September,2,,1,1,1,,1,,,,2,,1,,2,,2,,5,2,,,2,,1,,3,,2,,2,1,,,1,,,,,,,,1,,1,,5,1,,,3,,,,,,1,,1,,1,,,,,,1,,3,,,,,,2,,1,,,,1,,1,,3,,3,,2,2,,,2,,3,,,,1,,3,1,,,,,2,2,,,2,,,,,,1,,,,,,,,2,,1,,1,,3,,1,,,,2,,1,,,,1,,2,,,,2,,2,,,,,,1,,,,1,,,,,,,,3,,,,1,,,,,,,,1,,1,,1,,1,,3,,,,,,103,10,15,1,,,,,13,,,,3,1,15,,11,2,4,1,10,,27,,23,,18,5,22,,3,,,,3,3,167,13,17,4,,,13,,8,,9,,11,,27,8,21,1,10,,1,,117,13,387,36,206,107,15
24480,23256,2204,1,1638,39,Bodleian-1638-39-recto,6,September,13,September,,,3,1,1,,2,,,,1,,,,2,1,1,,2,1,2,,,,2,,5,,3,,,,,,1,,2,,1,,2,,,,1,,10,3,,,,,,,7,1,1,1,2,,2,,,,,,,,2,,1,,1,,2,,,,1,,,,1,,1,,2,,,,,,1,,2,,1,,1,,4,2,,,,,2,2,1,,1,,,,,,2,,2,,,,,,1,,,,,,1,,,,1,,2,,,,,,1,,4,1,,,4,,2,,,,,,1,,2,,1,,1,,1,,,,,,1,1,,,2,,,,,,,,,,3,2,2,,1,,,,,,112,16,16,4,4,,1,,7,,,,4,,21,,17,,12,3,13,2,25,,21,,17,1,20,3,2,,1,,,,181,13,11,1,,,23,,3,,8,,13,,19,1,12,1,7,,4,2,100,5,393,34,203,102,20
24481,23257,2205,1,1638,40,Bodleian-1638-40-recto,13,September,20,September,2,1,1,,,,2,,1,1,2,,1,,,,3,,1,,,,,,3,,5,,2,,,,2,,,,,,,,1,,2,,1,,3,,1,,1,,1,,1,1,1,,2,,1,,,,,,,,4,,1,,,,,,1,,1,,2,,2,,,,,,1,1,,,6,,,,1,,2,,4,,,,,,2,,,,,,,,,,,,,,1,,,,1,,3,,,,1,,1,,,,1,,,,1,,1,,1,1,2,,1,,1,,1,,,,1,,,,1,,,,,,,,1,,1,,1,,,,,,,,1,,1,,,,,,1,1,,,2,,93,6,17,5,1,,1,,6,,,,4,,22,1,11,2,9,,6,,24,1,17,,12,,35,,1,,1,,3,2,170,11,10,4,,,17,,6,,9,,10,,29,2,28,1,11,,4,2,124,9,387,26,193,108,14
24482,23258,2206,1,1638,41,Bodleian-1638-41-recto,20,September,27,September,,,1,,1,,2,,1,,1,,1,,,,1,,,,,,1,,,,3,,1,,2,,1,,1,,,,1,,2,,1,,2,,2,,,,1,,,,2,,2,1,2,,1,,1,,,,,,,,1,,,,1,,1,,,,,,1,,,,1,,2,,,,3,,1,,,,,,2,,,,1,,1,,1,,,,,,1,,3,,1,,,,,,,,1,,2,,,,1,,1,,2,,1,,,,,,,,,,3,2,,,,,,,1,,1,,1,,,,1,,,,2,,1,,,,,,,,,,1,,,,3,,,,,,,,,,77,3,13,1,1,,1,,10,,1,,3,,16,,13,1,6,,9,,15,,13,,12,,16,2,1,,2,1,3,2,135,7,8,,,,19,1,5,,7,1,9,,30,2,23,4,8,,2,,111,8,323,18,203,112,10
24483,23259,2207,1,1638,42,Bodleian-1638-42-recto,27,September,4,October,1,1,5,,1,,3,,,,2,,1,,,,3,,,,,,1,,3,,,,2,,,,1,,,,1,,,,1,,1,,2,,3,,,,2,,,,3,,,,1,,,,,,,,,,2,,2,,2,,1,,,,,,1,,1,,2,,2,,,,,,,,5,,1,,,,,,,,1,,,,1,,,,,,,,1,,,,2,,,,,,,,,,,,2,,1,,2,,,,,,1,,,,2,1,3,,2,,,,,,,,,,,,1,,1,,,,1,,,,2,,,,,,,,1,,,,4,,1,,1,,,,2,,88,2,10,3,,,,,12,,1,,2,,15,1,12,1,3,,6,,19,,17,,13,,18,3,1,,,,,,134,8,7,,,,20,2,4,,10,,8,1,19,,19,,10,,4,1,101,4,323,14,186,113,9
24484,23260,2239,1,1638,43,Bodleian-1638-43-recto,4,October,11,October,,,3,,,,1,,,,4,1,1,,1,,2,,3,,,,1,,1,,,,3,,1,,3,1,1,,1,,,,1,,,,2,,2,,,,,,1,,2,,1,,,,2,,,,,,,,2,,,,,,2,,2,,,,,,1,,,,,,,,,,1,,1,,,,1,,3,,,,,,1,,1,,,,,,,,,,,,,,,,1,,2,,1,,1,,,,,,1,,1,,,,1,,2,,,,1,,2,,,,1,,,,1,,,,,,1,,,,2,,1,,,,,,,,1,,2,,,,1,,,,1,,,,,,76,2,7,1,1,,1,,5,,,,3,,18,2,16,,5,1,13,,21,,14,,11,,19,,,,1,,,,135,4,5,1,,,15,1,7,,9,,7,,18,1,22,2,7,,1,1,91,6,302,12,156,112,10
24485,23261,2243,1,1638,44,Bodleian-1638-44-recto,11,October,18,October,1,,2,,1,,,,,,,,1,,1,,3,,,,1,,,,4,,2,,2,,1,,,,,,1,,,,1,,,,1,,,,,,,,2,,2,,,,,,,,1,,,,,,2,,,,,,,,1,,,,,,1,,4,,2,,,,,,,,2,,1,,,,3,,,,,,3,2,,,,,,,1,,,,,,1,,,,,,1,,,,2,,1,1,1,,,,,,,,,,,,,,1,,1,,,,,,,,2,,,,,,1,,,,1,,1,,,,2,2,,,,,,,,,4,1,,,,,,,1,,67,6,10,1,,,1,,9,1,,,4,,16,,8,1,7,,9,,25,,24,,13,,21,,,,1,,2,2,150,5,7,,,,16,,3,,5,,5,,21,,7,2,10,,3,1,77,3,294,14,191,113,9
24486,23262,2247,1,1638,45,Bodleian-1638-45-recto,18,October,25,October,1,,4,,,,2,,,,1,,1,,1,,1,,1,,1,,,,6,,,,3,,,,,,,,,,,,,,,,2,,5,,,,1,,,,,,,,,,,,2,,1,,,,,,1,,1,,1,,,,,,1,,1,,2,,1,,1,,2,,1,,1,,1,,1,,,,,,,,,,,,1,,1,,,,,,,,2,,,,,,,,1,,1,,,,1,,,,,,,,,,1,,1,,1,,,,1,,,,,,,,1,,,,,,,,2,,,,,,,,,,2,,1,,1,,1,,,,,,1,,,,68,0,9,,,,2,,3,,,,3,,9,,6,,6,,2,,22,,18,,9,1,11,2,1,,,,,,101,3,3,,,,12,1,3,,6,,7,,21,,15,,4,,2,,78,1,247,4,168,119,3
24487,23263,2248,1,1638,48,Bodleian-1638-48-recto,8,November,15,November,2,,3,,,,1,,1,,1,,,,,,,,,,,,1,,3,,,,5,,,,,,1,,,,1,,3,,,,,,3,,,,,,,,1,,,,1,,1,,1,,,,,,,,,,1,,,,,,,,1,,,,4,,,,,,,,2,,,,1,,,,,,,,2,,,,,,,,,,,,,,,,1,,,,1,,1,,,,2,,,,,,,,3,,,,,,,,1,,4,,,,,,2,,1,,,,,,,,1,,,,2,,,,,,,,,,,,,,1,,3,,1,,2,,,,,,66,0,6,,2,,1,,6,,1,,3,,5,,11,1,6,,4,1,12,,19,,11,,14,,2,,,,,,103,2,6,,,,12,,5,,3,,12,,15,,16,,,,,,69,0,238,2,199,120,2
24513,23264,2249,1,1638,49,Bodleian-1638-49-recto,15,November,22,November,,,1,,,,4,,1,,,,2,,,,1,,2,,,,2,,2,,3,,,,,,,,,,,,,,1,,,,,,3,,,,1,,1,,,,,,,,,,1,,,,1,,1,,2,,3,,,,,,,,,,1,,1,,,,2,,1,,2,,,,2,,,,,,,,3,,,,,,,,,,,,,,1,,,,1,,,,1,,1,,1,,,,,,1,,,,,,1,,,,,,,,2,,1,,1,,1,,,,,,1,,,,,,1,,1,,3,1,1,,,,,,,,1,,1,,,,,,,,,,65,1,12,,1,,,,4,,,,2,,8,,5,1,3,,6,,12,,15,,7,,14,,2,,1,,,,92,1,5,,,,8,,5,,2,,6,,18,,18,1,8,,,,70,1,227,3,186,119,3
24514,23265,2294,1,1638,50,Bodleian-1638-50-recto,22,November,29,November,1,,3,,2,,,,,,,,,,1,,,,,,,,1,,4,,1,,1,,1,,,,,,,,2,,3,,,,,,3,,,,,,,,3,,,,1,,1,,,,,,,,,,2,,,,,,,,,,,,3,,1,,4,,1,,,,1,,1,,1,,,,,,,,2,,,,,,,,,,,,,,,,2,,,,,,2,,,,,,,,,,1,,,,,,1,,1,,,,,,,,,,,,2,,,,,,1,,,,,,,,1,,,,1,,1,,,,,,,,1,,1,,1,,1,,1,,62,0,11,,2,,1,,3,,1,,5,,9,,6,,8,,8,,21,,13,,7,,13,,2,,,,,,110,0,4,,,,7,,3,,6,,9,,12,,12,,5,,,,58,0,230,0,204,122,0
24515,23266,2297,1,1638,3,Bodleian-1638-03-recto,27,December,3,January,2,,2,,,,2,,,,3,,,,,,2,,2,,,,1,,2,,,,3,,,,,,,,2,,,,,,1,,1,,,,,,1,,,,1,,,,2,,,,2,,,,,,,,1,,2,,,,2,,,,,,,,3,,,,,,,,,,,,,,,,,,,,,,1,,,,,,,,,,3,,,,,,,,,,,,,,2,,,,,,2,,,,,,3,,1,,2,,1,,1,,1,,1,,,,,,,,,,,,,,1,,,,,,,,,,,,,,,,2,,1,,1,,,,1,,61,0,12,,4,,,,8,,1,,2,,8,,8,,6,,6,,15,,14,1,8,,7,,3,,,,,,102,1,6,,,,9,,3,,5,,6,,11,,11,,5,,,,56,0,219,1,208,121,1
24516,23267,2298,1,1638,4,Bodleian-1638-04-recto,3,January,10,January,,,1,,,,2,,,,,,,,1,,2,,,,,,3,,2,,1,,,,1,,,,,,1,,1,,1,,,,,,,,,,1,,,,2,,,,1,,1,,,,,,,,1,,,,,,,,2,,,,,,2,,3,,1,,,,,,,,,,,,,,1,,,,,,,,,,1,,,,1,,1,,1,,,,,,,,1,,,,,,,,,,1,,,,1,,1,,1,,,,,,,,,,,,,,2,,,,,,1,,,,3,,,,,,,,,,,,,,1,,4,,,,,,,,1,,52,0,4,,,,,,8,,1,,4,,11,,8,,7,,7,,12,,15,,7,,11,,2,,,,,,97,0,9,,,,5,,1,,4,,1,,19,,11,1,9,,,,59,1,208,1,188,121,1
24517,23268,2299,1,1638,5,Bodleian-1638-05-recto,10,January,17,January,,,,,,,1,,,,2,,,,3,,3,,,,1,,,,3,,,,1,,,,,,1,,,,,,3,,,,,,3,,1,,,,2,,1,,2,,,,,,,,,,,,2,,,,,,1,,1,,,,,,,,1,,1,,,,1,,,,,,,,,,,,,,,,,,1,,,,,,1,,,,,,1,,,,,,,,1,,,,,,,,1,,,,,,2,,,,2,,,,1,,,,,,1,,1,,,,1,,,,,,1,,,,1,,1,,,,,,2,,2,,,,1,,,,,,,,55,0,12,,2,,,,4,,1,,2,,13,,5,,7,,6,,14,,9,,6,,16,,1,,,,,,98,0,6,,,,12,,5,,5,,4,,15,,13,,4,,2,,66,0,219,0,199,122,0
24518,23269,2316,1,1638,6,Bodleian-1638-06-recto,17,January,24,January,,,1,,2,,,,,,1,,,,,,3,,,,,,,,4,,1,,5,,,,,,,,,,,,1,,,,,,2,,1,,,,,,4,,,,,,,,,,1,,,,,,1,,1,,2,,,,,,1,,1,,,,,,,,,,2,,1,,1,,1,,2,,,,,,1,,,,,,,,,,,,,,,,,,1,,,,,,1,,1,,,,2,,,,2,,,,1,,,,,,1,,,,,,,,,,,,1,,1,,,,3,,,,,,,,,,,,,,1,,4,,,,,,1,,,,60,0,7,,1,,,,11,,1,,1,,10,,5,,6,,5,,14,,11,,4,,15,,1,,,,,,92,0,7,,,,7,,6,,5,,11,,19,,13,,2,,,,70,0,222,0,211,122,0
24519,23270,2415,1,1638,7,Bodleian-1638-07-recto,24,January,31,January,,,2,,,,2,,,,,,1,,1,,,,1,,,,,,1,,,,2,,,,3,,,,,,,,1,,,,,,4,,,,,,,,2,,1,,1,,,,,,,,,,2,,1,,,,,,2,,,,1,,2,,2,,,,1,,,,,,,,1,,,,,,,,1,,,,,,1,,,,,,1,,,,,,,,1,,,,,,2,,,,,,,,,,,,,,,,1,,,,,,2,,,,1,,1,,,,,,1,,1,,2,,,,1,,,,1,,1,,,,,,4,,,,,,,,1,,57,0,4,,1,,,,7,,,,2,,8,,4,,8,,6,,16,,10,,2,,13,,1,,,,,,82,0,4,,,,12,,7,,5,,,,16,,12,,3,,,,59,0,198,0,199,122,0
24520,23271,2416,1,1638,8,Bodleian-1638-08-recto,31,January,7,February,1,,1,,,,,,,,2,,,,2,,2,,,,,,1,,1,,,,2,,,,,,,,2,,1,,1,,,,1,,2,,1,,,,1,,,,1,,,,,,1,,2,,,,,,,,,,,,1,,,,2,,1,,1,,1,,,,,,,,,,,,,,,,,,1,,,,,,1,,,,,,,,,,1,,,,,,1,,,,3,,,,,,1,,,,,,1,,,,1,,,,2,,,,,,1,,,,,,1,,,,,,1,,,,,,,,,,1,,,,,,2,,,,1,,1,,1,,52,0,15,,2,,2,,8,,,,4,,9,,6,,8,,7,,27,,17,,7,,8,,2,,,,,,122,0,9,,,,5,,5,1,3,,6,,20,,9,,1,,,,58,1,232,1,231,121,1
24521,23272,2417,1,1638,10,Bodleian-1638-10-recto,14,February,21,February,1,,1,,,,4,,,,,,,,,,2,,1,,2,,1,,1,,,,3,,,,,,,,,,,,2,,,,1,,,,,,,,,,3,,,,,,1,,2,,,,,,1,,,,1,,,,,,,,1,,1,,,,2,,2,,,,,,1,,,,,,2,,,,1,,,,,,,,1,,1,,,,,,1,,,,1,,,,1,,1,,,,1,,1,,,,,,,,,,1,,,,,,,,,,,,1,,,,,,1,,2,,3,,1,,,,1,,,,,,2,,1,,,,1,,,,,,,,59,0,14,,1,,,,6,,,,5,,10,,7,,3,,2,,10,,10,,7,,9,,,,,,,,84,0,7,,,,10,,4,,4,,4,,17,,13,2,9,,2,,70,2,213,2,212,121,1
24522,23273,2418,1,1638,11,Bodleian-1638-11-recto,21,February,28,February,2,,,,,,1,,1,,,,2,,,,1,,,,,,,,3,,,,6,,,,,,,,,,1,,2,,,,2,,1,,,,1,,1,,4,,,,,,,,1,,,,,,1,,1,,,,,,2,,,,,,,,,,,,,,,,1,,,,,,,,,,,,,,,,,,,,1,,,,2,,,,1,,,,,,,,,,1,,4,,,,,,1,,,,,,,,,,1,,1,,,,,,2,,,,1,,,,1,,,,,,,,1,,,,,,,,,,1,,,,,,,,1,,,,53,0,9,,1,,,,4,,1,,,,6,,3,,5,,6,,8,,6,,5,,17,,,,,,,,71,0,5,,,,10,,2,,2,,7,,21,,13,,4,,2,,66,0,190,0,220,122,0
24547,23274,2180,1,1638,12,Bodleian-1638-12-recto,28,February,7,March,,,1,,,,,,,,,,,,1,,,,2,,1,,,,1,,1,,6,,,,2,,1,,,,2,,1,,,,1,,,,,,,,1,,1,,,,1,,,,1,,,,1,,2,,,,1,,2,,,,,,,,2,,2,,,,1,,,,1,,,,,,,,,,1,,,,1,,,,1,,,,1,,,,,,1,,,,,,,,,,4,,1,,1,,2,,,,1,,,,,,,,,,,,1,,,,,,,,,,,,,,,,,,1,,,,2,,,,,,,,,,1,,,,1,,1,,,,57,0,9,,,,,,5,,1,,1,,8,,5,,9,,1,,13,,12,,4,,11,,1,,,,,,80,0,5,,,,8,,3,,2,,6,,21,,13,,7,,2,,67,0,204,0,226,122,0
24548,23275,2183,1,1638,13,Bodleian-1638-13-recto,7,March,14,March,2,,3,,2,,1,,,,,,,,1,,1,,,,,,2,,2,,,,3,,1,,,,2,,,,,,,,,,1,,1,,,,,,2,,,,,,,,,,1,,1,,1,,,,,,,,2,,,,,,2,,2,,1,,,,,,,,4,,,,2,,,,,,1,,,,1,,1,,1,,2,,,,,,,,1,,,,,,1,,,,1,,,,,,2,,,,1,,,,2,,,,1,,2,,,,,,,,,,,,,,,,,,2,,,,,,,,,,,,,,,,1,,,,,,,,2,,62,0,9,,2,,,,9,,,,3,,8,,7,,7,,9,,10,,17,,7,,6,,,,1,,,,95,0,12,,,,12,,3,,3,,5,,25,,11,,3,,1,,73,0,232,0,235,122,0
24549,23276,2186,1,1638,14,Bodleian-1638-14-recto,14,March,21,March,2,,1,,,,2,,,,5,,,,2,,,,3,,,,1,,2,,1,,1,,,,,,,,,,1,,,,,,1,,2,,1,,,,,,1,,,,,,,,,,,,,,2,,,,,,,,,,1,,,,,,,,1,,,,,,,,,,,,1,,1,,,,2,,,,,,,,,,,,,,,,1,,,,,,1,,,,1,,,,1,,2,,2,,,,,,,,,,,,1,,,,,,1,,,,,,,,4,,,,,,1,,,,,,,,,,,,,,4,,2,,,,,,,,55,0,6,,,,,,8,,1,,1,,13,,4,,8,,14,,13,,18,,9,,9,,,,,,,,104,0,12,,,,11,,4,,3,,4,,15,,11,,7,,,,67,0,226,0,218,122,0
24550,23277,2187,1,1639,15,Bodleian-1639-15-recto,21,March,28,March,1,,1,,2,,1,,,,1,,,,1,,1,,1,,,,1,,1,,1,,5,,1,,1,,,,2,,,,,,,,,,3,,,,,,1,,1,,,,1,,1,,,,1,,,,1,,,,1,,1,,,,,,2,,1,,1,,,,3,,,,,,,,,,,,,,,,,,,,,,,,,,,,1,,,,,,,,,,2,,,,2,,,,,,1,,,,,,1,,1,,,,2,,,,,,1,,1,,,,,,,,,,,,,,,,,,,,2,,1,,,,,,2,,1,,,,1,,,,58,0,12,,1,,,,7,,2,,2,,15,,8,,12,,8,,12,,15,,10,,18,,2,,,,,,124,0,5,,,,13,,3,,3,,2,,21,,10,1,4,,1,,62,1,244,1,259,121,1
24551,23278,2189,1,1639,16,Bodleian-1639-16-recto,28,March,4,April,,,3,,,,3,,,,1,,1,,1,,1,,,,,,,,1,,,,5,,2,,,,1,,1,,,,,,,,,,4,,,,,,1,,,,,,1,,2,,,,,,,,,,,,,,,,,,1,,,,1,,2,,1,,,,,,,,1,,,,,,,,,,,,,,,,,,1,,,,,,,,1,,,,,,1,,,,3,,,,,,,,,,,,1,,,,3,,,,2,,,,,,,,1,,,,2,,1,,1,,,,,,,,1,,3,,,,,,,,4,,,,,,1,,,,60,0,9,,3,,1,,5,,1,,5,,11,,2,,3,,3,,21,,11,,7,,13,,,,,,,,96,0,10,,,,15,,,,2,,2,,15,,7,,3,,1,,64,0,220,0,191,122,0
24552,23279,2192,1,1639,17,Bodleian-1639-17-recto,4,April,11,April,1,,,,1,,,,1,,1,,1,,,,1,,1,,,,1,,4,,,,,,1,,1,,,,,,,,1,,,,,,1,,,,,,,,2,,,,1,,,,,,,,,,1,,1,,,,1,,,,,,1,,,,2,,,,2,,,,,,,,,,,,1,,,,,,,,,,,,,,,,,,,,,,,,,,,,,,,,,,,,,,,,,,,,,,1,,3,,,,,,,,1,,,,,,,,1,,,,,,,,,,,,,,,,1,,1,,1,,,,1,,1,,,,39,0,13,,3,,,,7,,1,,4,,12,,7,,5,,9,,12,,8,,9,,19,,,,,,,,109,0,8,,,,5,,5,,4,,1,,11,,12,,5,,,,51,0,199,0,194,122,0
24553,23280,2193,1,1639,18,Bodleian-1639-18-recto,11,April,18,April,,,1,,2,,3,,1,,2,,,,2,,1,,,,2,,1,,1,,,,4,,,,,,1,,1,,,,1,,,,1,,4,,,,,,,,,,,,,,1,,1,,1,,,,1,,,,1,,,,1,,,,1,,2,,1,,1,,1,,,,,,,,,,,,1,,1,,,,,,,,2,,1,,,,1,,,,2,,,,,,1,,,,4,,,,1,,4,,,,,,,,2,,2,,3,,,,,,1,,,,1,,,,,,,,,,2,,,,,,,,,,1,,,,,,1,,,,,,,,1,,72,0,9,,2,,,,5,,,,3,,12,,8,,6,,12,,13,,10,,8,,15,,2,,,,,,105,0,7,,,,10,,2,,3,,6,,12,,10,,4,,1,,55,0,232,0,195,122,0
24554,23281,2196,1,1639,19,Bodleian-1639-19-recto,18,April,25,April,1,,1,,1,,2,,,,1,,3,,,,1,,,,,,,,1,,,,2,,1,,2,,2,,,,,,,,2,,,,3,,,,,,1,,2,,,,,,,,,,,,,,3,,,,,,,,,,,,,,3,,2,,,,,,,,2,,,,,,,,,,,,1,,,,,,,,,,,,2,,,,3,,,,1,,1,,,,,,,,,,,,1,,,,,,,,2,,,,1,,,,,,,,1,,,,,,1,,,,1,,,,,,,,,,,,,,,,2,,,,,,1,,,,54,0,9,,1,,1,,13,,1,,1,,10,,10,,4,,3,,15,,19,,7,,18,,,,1,,,,113,0,9,,,,13,,4,,3,,9,,19,,9,,3,,,,74,0,241,0,205,122,0
24555,23282,2197,1,1639,20,Bodleian-1639-20-recto,25,April,2,May,,,1,,,,2,,,,2,,,,,,,,1,,,,,,,,,,6,,,,1,,1,,1,,,,1,,,,,,3,,,,,,,,1,,1,,,,,,,,1,,,,2,,,,,,,,,,,,,,,,1,,1,,1,,,,,,,,3,,1,,,,,,1,,,,,,,,,,1,,,,,,,,1,,,,,,,,1,,1,,,,,,,,,,1,,,,1,,1,,3,,,,,,1,,,,1,,,,,,1,,2,,,,,,,,,,1,,,,,,3,,,,,,,,,,51,0,11,,,,,,6,,,,2,,6,,3,,4,,8,,9,,11,,7,,11,,,,2,,,,80,0,11,,,,13,,6,,6,,4,,12,,6,,3,,1,,62,0,193,0,166,122,0
24589,23285,2295,1,1639,23,Bodleian-1639-23-recto,16,May,23,May,,,2,,,,2,,,,1,,1,,1,,,,,,,,1,,2,,,,5,1,1,,1,,,,,,,,1,,,,1,,,,,,,,,,2,,,,1,,,,,,,,,,,,,,1,,,,,,1,,1,,,,2,,1,,1,,1,,2,,,,1,,1,,,,,,1,,1,,,,,,2,,,,,,,,,,,,,,,,,,,,1,,1,,1,,,,,,1,,,,,,,,3,,,,,,,,1,,,,,,,,,,,,,,,,,,,,1,,,,1,,1,,,,,,,,1,,50,1,9,,2,,1,,8,,3,,2,,7,,6,,7,,1,,12,,10,,6,,8,,,,,,,,82,0,3,,,,6,,2,,1,,8,,16,,3,,2,,1,,42,0,174,1,153,121,1
24590,23286,2296,1,1639,24,Bodleian-1639-24-recto,23,May,30,May,1,,1,,,,4,,,,5,,,,,,2,,2,,1,,1,,1,,2,,2,,,,,,1,,,,,,,,,,,,2,,,,,,,,1,,2,,,,,,,,,,,,2,,1,,,,,,,,,,,,,,1,,1,,1,,1,,1,,2,,,,,,,,,,,,,,1,,,,,,,,,,,,,,,,,,,,,,,,,,,,,,,,,,,,,,,,,,1,,,,,,1,,1,,,,,,2,,,,1,,,,,,,,1,,,,,,2,,1,,,,1,,,,1,,51,0,7,,2,,1,,5,,,,3,,13,,5,,3,,4,,12,,11,,6,,11,1,,,,,,,83,1,6,,,,7,,4,,6,,4,,14,,4,,7,,1,,53,0,187,1,173,121,1
24591,23287,2300,1,1639,25,Bodleian-1639-25-recto,30,May,6,June,,,1,,,,,,,,,,,,,,1,,1,,1,,,,1,,,,,,,,,,,,,,,,1,,,,,,1,,,,1,,,,1,,1,,,,,,,,2,,,,1,,,,2,,1,,1,,,,,,,,2,,1,,,,,,,,,,,,,,,,,,,,,,1,,,,,,,,1,,1,,,,,,1,,,,,,1,,2,,,,,,1,,,,,,2,,,,,,1,,1,,,,,,,,,,1,,,,,,1,,1,,,,,,,,,,,,,,2,,1,,2,,1,,,,41,0,11,1,2,,,,4,,,,,,5,,,,2,,4,,10,,12,,3,,11,2,1,,,,,,65,3,4,,,,7,,4,,2,,3,,9,,7,,2,,3,,41,0,147,3,165,120,2
24592,23288,2363,1,1639,26,Bodleian-1639-26-recto,6,June,13,June,1,,2,,,,,,,,2,,1,,1,,2,,1,,1,,1,,,,1,,5,,,,1,,,,,,1,,1,,,,1,,1,,,,,,,,2,,2,,,,1,,,,1,,,,2,,,,2,,,,,,,,1,,2,,1,,,,,,,,,,1,,,,,,,,,,,,1,,,,,,,,,,1,,1,,1,,,,1,,,,,,,,,,,,1,,1,,,,,,2,,,,,,2,,1,,,,,,,,,,,,,,,,2,,,,2,,,,,,,,1,,,,,,,,1,,1,,,,57,0,7,,1,,,,8,,,,,,4,,4,,2,,4,,9,,8,,2,,13,3,1,,,,,,63,3,8,,,,3,,2,,2,,,,6,,9,,2,,,,32,0,152,3,171,121,1
24593,23289,2364,1,1639,27,Bodleian-1639-27-recto,13,June,20,June,,,2,,,,,,,,,,,,1,,2,,,,,,1,,,,,,3,,,,,,,,,,,,1,,,,,,,,,,,,,,3,,,,,,,,,,,,,,1,,,,,,,,,,,,,,2,,1,,,,1,,,,,,,,,,,,,,,,1,,,,,,,,,,,,,,,,,,,,,,,,,,,,,,1,,,,,,,,,,1,,1,,,,2,,,,,,1,,,,,,,,2,,,,1,,,,,,,,,,,,1,,,,1,,,,,,1,,1,,32,0,10,1,1,,1,,1,,,,1,,9,,3,,2,,3,,15,,5,,8,,7,,,,1,,,,67,1,4,,,,8,,4,,4,,4,,12,,13,,,,,,49,0,148,1,158,121,1
24594,23290,2365,1,1639,28,Bodleian-1639-28-recto,20,June,27,June,,,1,,,,1,,,,,,1,,,,,,,,,,1,,1,,,,,,1,,1,,,,,,,,1,,,,1,,1,,,,,,,,,,,,,,1,,,,,,,,1,,2,,1,,,,2,,,,,,,,3,,,,,,,,1,,1,,,,,,,,,,,,1,,,,,,,,1,,1,,2,,,,,,,,,,,,,,,,,,1,,1,,,,,,,,,,,,,,,,,,,,,,,,,,1,,,,,,,,,,2,,1,,,,,,,,2,,,,,,1,,1,,37,0,2,,,,,,5,,,,2,,10,,4,,4,,3,,8,,8,,6,,13,,,,1,,,,66,0,3,,,,0,,2,,4,,3,,11,,7,,2,,1,,35,0,138,0,161,122,0
24595,23291,2366,1,1639,29,Bodleian-1639-29-recto,27,June,4,July,2,,2,,,,1,,,,,,,,,,1,,2,,,,,,1,,,,3,,,,,,1,,1,,,,,,,,,,2,,,,,,,,,,,,,,,,1,,,,1,,,,,,,,,,,,,,,,2,,,,,,,,,,1,,,,,,,,1,,,,,,,,1,,,,,,,,1,,,,1,,,,1,,,,,,,,,,1,,1,,,,1,,,,,,1,,,,,,,,,,,,,,,,1,,,,,,2,,,,,,1,,,,1,,,,,,1,,,,,,,,,,36,0,5,,,,,,5,,,,3,1,2,,1,,1,,1,,5,,6,,5,,10,,,,,,,,44,1,6,,,,7,,1,,2,,5,,10,,8,,3,,1,,43,0,123,1,161,121,1
24596,23292,2409,1,1639,30,Bodleian-1639-30-recto,4,July,11,July,1,,4,,,,,,,,,,,,,,,,1,,,,,,1,,,,,,1,,,,,,,,,,1,,,,,,,,,,,,,,2,,,,,,,,,,,,1,,,,,,,,,,,,,,1,,,,,,,,2,,,,3,,1,,,,,,,,,,1,,,,,,,,,,,,1,,,,,,,,1,,,,1,,,,2,,,,3,,,,,,1,,,,1,,,,,,,,,,,,,,,,,,,,,,,,,,,,,,,,,,1,,1,,,,,,1,,1,,,,34,0,5,,,,,,1,,,,6,4,3,,6,,3,,4,,11,1,10,,5,,8,,,,,,,,62,5,7,,,,6,,3,,2,,3,,12,,7,,2,,1,,43,0,139,5,155,120,2
24597,23293,2410,1,1639,31,Bodleian-1639-31-recto,11,July,18,July,1,,1,,2,,,,,,,,,,,,,,,,,,,,3,,1,,1,,,,,,1,,,,,,,,,,2,,,,,,,,,,,,,,,,2,,2,,,,,,1,,,,2,,,,,,,,,,,,2,,1,,,,,,2,,,,,,,,,,,,1,,,,1,,,,,,,,1,,1,,1,,,,,,,,,,2,,,,,,4,,,,,,,,,,,,2,,1,,,,,,,,1,,,,,,,,,,1,,,,,,,,1,,1,,1,,,,,,,,1,,1,,1,,46,0,14,,2,,,,2,,,,3,3,6,,2,,2,,1,,11,,10,,6,,7,,1,,,,,,67,3,3,,,,6,,6,,1,,2,,8,,5,,2,,1,,34,0,147,3,166,121,1
24625,23294,2411,1,1639,32,Bodleian-1639-32-recto,18,July,25,July,,,2,,,,,,,,,,,,1,,2,,,,,,,,,,,,,,,,,,,,,,,,,,,,,,3,,,,1,,,,,,1,,,,,,,,,,,,4,,,,,,2,,,,1,,1,,1,,1,,1,,,,,,6,3,,,,,,,,,,,,,,,2,,1,1,,,,,1,,,,1,,,,,,,,,,,,1,,,,2,,,,1,,,,,,1,,2,,1,,,,,,,,1,,,,1,,1,,,,1,,1,,1,1,2,2,,,,,,,1,,1,,,,1,,,,,,51,7,5,,1,,1,,2,,,,6,2,2,,3,,3,,3,,13,,10,,5,,11,,2,,,,,,67,2,5,,,,2,,3,,4,,4,,5,,8,,1,,,,32,0,150,9,186,117,5
24626,23295,2412,1,1639,34,Bodleian-1639-34-recto,1,August,8,August,,,1,,,,,,,,,,1,,1,,,,1,,,,,,1,,,,,,,,,,,,,,1,,2,,,,,,2,,,,,,,,1,,1,,,,,,,,,,,,,,,,,,,,2,,,,1,,1,,1,,1,,,,1,,4,2,,,,,,,1,,,,,,,,,,3,2,,,,,,,,,2,,,,,,,,,,,,,,1,,,,,,,,,,2,,,,,,,,,,,,,,,,1,,,,,,,,,,2,,1,,,,,,1,,,,,,1,,,,1,,,,,,41,4,3,,1,,,,6,,1,,4,1,4,,3,,4,,5,,16,3,5,,7,,5,1,2,,,,2,2,68,7,3,1,,,6,,5,1,2,,5,,6,,1,,2,,1,,31,2,140,13,181,115,7
24627,23296,2503,1,1639,35,Bodleian-1639-35-recto,8,August,15,August,,,,,,,2,,,,,,,,,,,,,,,,,,1,,2,,,,,,,,,,1,,,,,,,,1,,1,,,,,,,,1,,,,1,,1,,,,1,,,,2,,,,,,,,,,,,,,,,1,,,,,,,,3,2,1,,1,,,,1,,,,,,,,1,,,,,,,,,,,,,,,,,,,,,,2,,,,,,,,,,,,,,,,1,,,,1,,,,,,1,,,,1,,3,,,,,,,,,,,,,,2,,1,,1,,,,1,,,,1,,,,1,,38,2,10,,,,,,4,,1,,6,3,10,,9,2,4,,3,,9,,10,,2,,12,1,1,,,,,,81,6,5,,,,6,,3,,4,,2,,7,,9,,1,,,,37,0,156,8,180,118,4
24628,23297,2504,1,1639,36,Bodleian-1639-36-recto,13,August,22,August,,,1,,,,2,,,,,,,,,,,,1,,,,,,1,,,,2,,,,,,,,,,,,,,,,2,,,,,,,,1,,,,,,,,,,1,,,,,,,,,,,,,,,,,,,,1,,2,,,,,,,,5,,,,,,1,,,,,,3,,1,,,,1,,,,,,,,,,1,,,,1,,,,,,1,,,,,,,,1,,1,,,,1,,1,,,,,,,,,,,,,,1,,,,1,,,,,,,,,,,,2,1,,,,,,,2,,,,1,,,,,,39,1,8,,1,,,,2,,2,,6,2,7,1,7,,1,,5,,31,5,5,,6,,7,,2,,,,,,90,9,6,,,,3,,8,3,6,,2,,16,,10,1,,,,,51,4,180,14,180,116,6
24629,23298,2561,1,1639,37,Bodleian-1639-37-recto,22,August,29,August,1,,1,,,,,,,,,,,,,,,,2,,,,,,,,,,3,,,,,,,,,,,,1,,,,1,,1,,,,,,,,1,,,,,,,,,,,,,,,,,,,,,,,,,,,,,,2,,,,,,1,,3,,,,,,,,,,,,1,,1,,1,,,,,,,,,,,,1,,,,1,,,,,,,,1,,,,1,,,,,,2,,2,,,,2,,,,,,,,,,,,,,,,1,,,,3,,,,1,,1,,,,,,,,,,1,,2,,,,,,,,40,0,9,4,2,,1,,4,,1,,4,2,9,,3,1,7,3,8,,15,3,10,,6,,12,3,2,,,,1,1,94,17,6,,,,5,,7,2,5,,3,,8,,13,,4,,,,51,2,185,19,192,115,7
24630,23299,2182,1,1639,38,Bodleian-1639-38-recto,29,August,5,September,,,1,,,,1,,,,,,,,,,3,,,,1,,,,,,,,,,,,,,1,,1,,,,1,,,,,,7,,,,,,,,1,,,,,,1,,,,,,2,,2,,,,3,,,,,,,,1,,,,1,,,,2,,,,1,1,1,,1,,,,,,2,,3,,,,,,,,,,,,,,,,1,,,,1,,,,,,,,,,1,,1,1,,,1,,2,,,,,,2,,1,,,,,,,,1,,,,1,,,,,,1,,,,1,,,,,,,,1,,,,,,,,1,,2,,1,,54,2,10,2,3,,,,4,,1,,5,4,8,,6,,1,1,2,,19,,5,,4,,5,,,,1,,1,1,76,8,4,,,,5,,8,,4,,11,1,6,,7,,1,,1,,47,1,177,11,208,116,6
24631,23300,2194,1,1639,39,Bodleian-1639-39-recto,5,September,12,September,1,,1,,,,1,,,,,,,,,,,,,,2,,,,4,,,,7,3,,,,,1,,,,,,,,1,,,,1,,,,1,,1,,2,,,,,,,,,,1,,,,,,1,,,,,,1,,,,,,,,1,,2,1,3,,,,1,,,,1,,,,,,1,,,,,,,,1,,,,,,,,3,,,,,,,,1,,,,,,,,1,,1,1,,,,,,,,,,,1,,2,,,,1,,,,,,,,,,,,,,,,,,,,,,,,,,1,,1,,3,,,,1,,,,,,52,5,13,4,1,,,,9,1,,,5,2,6,1,5,,2,,10,1,24,3,7,,6,,17,1,,,,,2,2,107,15,7,,,,7,1,5,,7,1,3,,9,,10,1,4,,2,,54,3,213,23,185,109,13
24632,23301,2217,1,1639,40,Bodleian-1639-40-recto,12,September,19,September,,,3,,1,,,,,,,,,,,,1,,,,1,,1,,2,,,,5,1,1,,1,,,,,,,,1,,,,1,,3,,,,1,,1,,,,1,,1,,,,,,,,,,,,1,,,,1,,1,,,,1,,,,,,,,,,,,2,1,,,1,,,,1,,,,,,,,,,,,,,,,1,,,,1,,,,,,,,,,,,1,,,,2,2,,,,,1,,,,,,,,,,,,,,1,,,,,,,,,,,,1,,,,1,,,,,,,,,,,,2,,,,1,,,,1,,46,4,16,3,3,,3,,2,,,,6,4,8,,6,1,4,1,7,,13,3,11,,5,1,15,,,,,,2,2,101,15,8,,,,4,,13,4,6,1,3,,10,,9,,2,,2,1,57,6,204,25,223,110,12
24633,23302,2219,1,1639,41,Bodleian-1639-41-recto,19,September,26,September,1,,1,,,,2,,,,2,,,,,,3,1,,,,,,,4,1,1,,1,,,,,,,,,,,,1,,,,1,,2,,,,2,,1,,1,,1,,1,,2,,1,,,,,,,,,,,,,,,,,,1,,,,,,,,,,,,2,,,,,,,,3,,1,,,,1,,1,,,,,,,,,,2,,2,,,,,,,,,,,,,,,,2,,,,,,2,,2,,,,2,,,,,,,,,,,,,,,,,,,,1,,,,,,,,,,,,,,,,1,,,,,,1,,,,52,2,12,1,5,2,1,,3,1,,,3,3,6,1,6,,6,,1,,40,9,2,,5,1,10,,1,,,,1,1,108,18,8,,,,9,,3,1,2,,2,,13,,6,,3,,2,2,48,3,208,23,188,111,11
24634,23303,2220,1,1639,42,Bodleian-1639-42-recto,26,September,3,October,1,1,1,,,,2,,1,,,,,,,,1,,,,1,,,,8,5,1,,2,,1,,,,,,1,,1,,1,,,,,,2,,,,,,1,,2,,,,,,2,,1,,,,,,3,,,,,,,,1,,1,,,,,,5,,,,,,,,1,,2,,1,,,,,,,,1,,1,,,,,,,,,,,,,,1,,1,,1,,,,,,1,,,,,,2,,,,,,,,2,,,,,,1,1,1,,,,2,,,,1,,,,,,,,2,,,,1,,,,,,1,,,,,,,,,,,,,,,,63,7,18,4,2,1,,,8,1,,,1,,11,1,7,,7,,2,,23,3,13,2,6,2,12,1,,,,,1,,111,15,9,,,,10,,4,,6,,3,,12,,8,2,3,1,,,57,1,231,23,210,110,12
24664,23304,2224,1,1639,43,Bodleian-1639-43-recto,3,October,10,October,1,1,1,,,,2,,1,,,,,,,,1,,,,,,,,4,1,1,,3,1,,,,,,,1,,,,1,,,,1,,,,1,,,,,,,,,,,,,,1,,,,1,,1,,,,,,,,,,,,1,,,,,,,,,,,,2,,,,,,,,1,,,,,,,,1,,1,,1,,,,,,1,,1,,,,,,1,,,,3,,1,,,,3,,,,,,,,2,,,,,,1,,2,,,,,,,,1,,,,,,1,,,,,,,,,,,,,,1,,,,,,,,,,,,,,46,3,12,3,2,1,,,7,1,2,1,5,1,10,3,7,,4,,4,,21,5,12,,8,2,16,5,,,,,,,110,22,4,1,,,4,,10,1,1,,6,1,11,,7,,1,,5,,49,3,205,28,233,107,15
24665,23305,2225,1,1639,44,Bodleian-1639-44-recto,10,October,17,October,,,1,,1,,3,2,,,1,,,,,,,,,,,,2,3,1,,,,3,1,1,,1,,1,,1,,,,1,,,,1,,7,,1,,,,,,,,,,,,,,1,,,,,,1,,,,,,,,2,,,,,,,,1,,2,,,,,,1,,,,1,,2,,2,,,,,,,,,,,,1,,,,1,,,,,,,,,,,,,,3,,,,,,,,,,,,,,1,,,,,,1,,,,,,,,,,,,,,1,,,,1,,,,,,2,,1,,,,,,,,,,,,,,,,,,53,4,13,7,2,2,2,,3,,1,,1,,7,,3,,3,1,4,,20,2,9,,8,1,20,2,2,,,,2,2,100,17,5,,,,9,,,,3,,7,,9,,10,,2,,2,,47,0,200,21,213,113,9
24666,23306,2259,1,1639,45,Bodleian-1639-45-recto,17,October,24,October,2,,2,,1,,,,,,,,,,1,,1,,,,,,,,2,,,,1,,,,,,,,,,,,2,,1,,,,2,,,,,,1,,1,,,,1,,1,,,,,,,,2,,,,,,2,,,,,,,,1,,1,,1,,,,,,,,,,1,,,,,,,,,,,,,,,,2,,,,,,1,,,,,,1,,,,,,,,1,1,,,1,,,,,,3,,,,1,,,,,,,,,,1,,,,,,1,,,,1,,,,,,,,,,,,1,,1,,1,,2,,1,,1,,,,,,47,1,16,,2,1,,,4,1,,,3,,5,,4,,2,,2,,29,3,9,,10,4,13,3,,,,,,,99,12,3,,,,6,,3,1,2,,3,,17,,7,,2,,1,,44,1,190,14,216,115,7
24667,23307,2261,1,1639,46,Bodleian-1639-46-recto,24,October,31,October,2,,2,,,,,,,,,,,,,,,,1,,1,,,,5,2,1,,,,,,1,,1,,1,,1,,,,,,2,,1,,1,,2,,,,,,,,,,,,1,,1,,2,,2,,1,,,,,,1,,,,,,1,,2,,1,,,,,,4,,,,,,,,,,1,,,,,,1,,,,2,1,,,2,,,,,,,,,,1,,,,1,,,,,,2,,,,,,,,,,1,,,,,,,,1,,1,,1,,1,,,,1,,,,1,,,,1,1,,,,,,,,,,,1,,,,,,,,5,,62,4,14,,,,,,8,,,,2,,4,,3,,2,,5,,19,2,13,,10,1,14,,1,1,,,,,95,4,3,,,,6,,5,,6,,4,1,13,,4,,1,,1,,43,1,200,9,210,115,7
24668,23308,2272,1,1639,47,Bodleian-1639-47-recto,31,October,7,November,3,,1,,3,,2,,,,,,1,,,,1,,2,,,,,,4,,1,,4,,,,2,,,,1,,,,,,,,,,2,,1,,1,,,,1,,,,,,,,1,,,,,,1,,,,1,,2,,1,,1,,,,,,,,,,1,,,,1,,,,,,,,1,,,,,,,,,,2,,,,,,,,,,6,,,,,,,,,,,,1,1,,,1,,1,,1,1,,,1,,1,,,,,,,,,,,,,,1,,,,,,,,,,,,,,,,1,,,,,,1,,,,,,1,,2,,,,60,2,8,,2,,1,,9,1,,,2,,11,,5,,5,,4,,11,1,9,,11,3,15,3,,,,,,,93,8,6,,,,2,,2,,6,,,,14,,3,,2,,2,,37,0,190,10,206,116,6
24669,23309,2273,1,1639,48,Bodleian-1639-48-recto,7,November,14,November,1,,,,,,1,,,,,,,,,,1,,1,,,,1,,5,1,,,3,,,,,,,,,,,,1,,,,,,,,,,,,,,1,,1,,,,,,,,,,,,,,,,,,1,,1,,,,,,1,,,,,,,,,,,,1,,,,,,1,,,,,,,,,,2,,1,1,,,,,1,,,,,,2,,,,,,1,,,,,,2,,,,2,,1,,1,,,,,,,,,,,,,,,,,,,,1,,,,2,,,,,,,,,,,,,,,,1,,,,,,,,,,38,2,6,,,,,,3,,1,,3,,7,1,11,,3,,2,,17,,11,,5,,8,1,1,,1,,1,1,80,3,6,,,,5,,4,,1,,2,,14,,7,,1,,,,40,0,158,5,198,118,4
24670,23310,2274,1,1639,49,Bodleian-1639-49-recto,14,November,21,November,1,,1,,1,,,,,,,,,,,,1,,1,,,,,,4,,2,,1,,,,1,,,,,,,,1,,,,,,3,,,,,,1,,,,,,,,,,1,,1,,3,,3,3,1,,,,1,,,,,,,,1,,1,,1,,,,,,3,,2,,1,,,,,,,,,,1,,,,1,,,,,,,,,,,,,,,,1,,,,,,1,,,,1,,,,,,,,1,,,,,,,,,,,,,,1,,,,1,,1,,,,1,,1,,,,,,,,1,,,,,,1,,,,,,,,,,50,3,12,1,2,,1,,3,,1,,3,,4,,,,2,,7,,12,,12,,6,1,13,2,2,,,,,,80,4,1,,,,6,,9,,2,,4,,9,,7,,3,,1,,42,0,172,7,187,118,4
24671,23311,2275,1,1639,50,Bodleian-1639-50-recto,21,November,28,November,1,,2,,,,1,,,,4,,1,,,,,,2,,,,,,1,1,1,,3,,,,1,,,,,,,,1,,,,,,1,,,,,,3,,3,,1,,,,,,,,,,1,,,,,,,,,,1,,,,,,1,,2,,2,,1,,,,1,,1,,,,,,1,,,,1,,1,,1,,1,,,,,,,,,,1,,,,,,,,,,1,,,,,,1,,1,,,,,,,,,,,,,,,,3,,,,1,,,,1,,,,,,1,,,,,,,,1,,,,1,,1,,1,,,,,,2,1,1,,58,2,15,2,1,,1,,6,,,,,,8,,6,,1,,3,,16,2,6,,10,,15,3,4,,1,,1,1,94,8,3,,,,9,,7,1,3,,,,13,,12,,6,,,,13,1,205,11,223,116,6
24672,23312,2276,1,1639,51,Bodleian-1639-51-recto,28,November,5,December,1,,1,,,,1,,1,,,,,,2,,2,,2,,,,,,2,,,,3,,1,,1,,1,,,,,,,,,,1,,2,,,,,,,,1,,,,,,,,1,,,,3,,,,,,,,,,1,,1,,,,,,1,,1,,,,,,2,,1,,,,,,,,,,,,,,,,,,,,,,1,,1,,1,,,,1,,1,,,,,,,,,,3,1,,,,,3,,2,,,,,,1,,1,,,,,,,,,,,,1,,,,1,,,,,,,,,,,,,,,,1,,,,,,,,,,51,1,8,2,1,,1,,6,,,,4,,4,,9,,4,,3,,6,,4,,6,2,9,2,2,,,,1,,68,6,6,,,,6,,7,,,,,,12,,12,,,,2,,45,0,164,7,230,118,4
24673,23313,2284,1,1639,52,Bodleian-1639-52-recto,5,December,12,December,,,2,,,,1,,,,,,,,1,,,,,,2,,,,1,,2,,2,,,,,,2,,,,,,1,,,,1,,3,,,,,,,,1,,,,,,1,,,,,,,,,,,,,,,,,,,,,,,,,,1,,1,,,,2,,,,,,,,,,,,,,2,,,,,,2,,,,,,,,,,,,1,,,,,,1,,,,,,,,,,,,,,,,,,1,,,,,,1,,,,,,,,,,,,,,,,,,,,,,,,1,,2,,2,,3,,,,,,,,1,,41,0,6,,,,,,2,,,,,,7,,3,,4,,1,,7,,14,,5,1,16,,,,1,,,,66,1,3,1,,,2,,6,1,2,,3,,13,,7,,3,,,,39,2,146,3,198,119,3
24705,23314,2285,1,1640,4,Bodleian-1640-04-recto,7,January,14,January,1,,1,,,,1,,,,,,,,3,3,1,,,,1,,2,,2,,1,,1,,,,,,,,1,,,,4,,,,1,,2,,,,1,,,,1,,,,1,,2,,,,,,,,4,,,,,,1,,,,,,1,,1,,,,,,,,,,1,,,,,,,,1,,,,1,,1,,,,1,,,,,,,,,,,,,,1,,2,,,,2,,3,,,,1,,,,,,,,2,,1,,,,1,,,,1,,,,,,1,,,,,,,,1,,,,,,,,1,,,,,,,,,,,,,,1,,,,57,3,10,,1,,1,,4,,,,2,,9,,6,,7,,5,,16,,7,,6,,14,,1,,,,1,1,90,1,4,,,,15,,6,,5,,6,,5,,9,,1,,,,51,0,198,4,184,121,1
24706,23315,2286,1,1640,5,Bodleian-1640-05-recto,14,January,21,January,,,2,,1,,3,1,,,,,,,,,,,1,,1,,,,2,,1,,3,,,,1,,,,,,,,,,,,,,4,,,,,,,,2,,,,,,,,1,,,,,,4,,,,2,,,,1,,,,1,,1,,2,,,,2,,,,,,,,,,1,,1,,,,,,1,,,,2,,1,,,,1,,,,1,,1,,,,2,,,,,,,,,,,,,,,,,,2,,,,1,,,,,,1,,1,,,,,,,,,,,,1,,,,,,,,,,,,1,,1,,1,1,,,2,,,,,,57,2,12,2,2,,,,4,,,,1,,11,,8,,7,,10,,11,,12,,11,,11,,,,,,,,100,2,4,,,,21,,5,,2,,7,,13,,12,1,,,1,,65,1,222,5,206,118,4
24707,23316,2287,1,1641,46,Bodleian-1641-46-recto,28,October,4,November,,,3,1,,,1,1,,,1,,,,4,,,,2,1,,,,,5,3,3,2,5,,,,,,,,,,1,,,,,,1,,2,,1,,,,1,,4,,,,,,,,1,,,,,,,,,,3,,,,,,1,,2,1,,,5,2,,,1,1,,,3,,,,,,,,1,1,1,,2,,2,,,,,,,,,,,,3,2,,,2,,,,,,2,,1,,,,1,,2,1,1,,,,1,,3,1,,,,,,,,,1,,3,2,,,1,,1,,1,,,,1,,1,,1,,1,,,,,,,,,,1,1,,,,,1,,2,,87,20,18,4,2,,,,15,7,,,5,5,17,2,13,,3,1,7,1,52,14,26,13,13,1,33,7,2,,,,3,2,209,57,16,5,,,13,2,12,4,3,,12,2,29,9,19,6,6,1,2,,112,29,408,106,177,91,31
24708,23317,2288,1,1641,47,Bodleian-1641-47-recto,4,November,11,November,,,2,,1,,1,1,,,1,,1,,,,,,,,,,,,2,,2,1,,,1,,,,1,,,,,,,,1,,,,4,1,,,1,,,,2,,,,1,,,,,,1,,,,1,,,,1,,,,1,,,,1,,3,,2,,,,,,1,,2,,,,2,,,,1,,,,,,1,,,,,,,,1,,1,,,,3,,1,1,,,,,,,3,,,,,,,,,,,,2,,2,2,,,1,,,,,,,,,,1,,,,,,,,,,2,,1,,1,1,,,,,1,1,,,,,1,1,1,,1,,,,1,,62,9,14,5,1,,4,2,10,4,1,,5,2,15,1,14,1,3,,8,1,41,7,18,6,9,3,20,9,,,1,,4,4,168,45,11,4,,,17,2,7,5,4,1,14,,21,4,20,9,12,,1,,107,25,337,79,183,97,25
24709,23318,2293,1,1641,49,Bodleian-1641-49-recto,18,November,25,November,,,1,1,,,2,,,,1,,,,1,,2,,,,,,,,4,,1,,2,,1,,,,1,,,,,,1,,,,,,,,,,1,,,,2,,,,1,,1,,1,,,,,,1,,,,1,1,2,2,1,,1,,,,1,,,,,,,,,,,,,,1,,,,,,1,,2,,1,,1,,2,,,,,,,,2,,,,,,,,,,,,2,,,,,,2,1,1,,,,1,,,,,,1,,1,,1,,1,,,,,,,,,,,,,,1,,,,,,,,1,,,,1,,,,2,,,,,,1,,,,56,5,18,3,1,,,,7,,,,6,,11,1,17,2,11,,6,,34,10,21,2,8,1,12,4,4,,2,,,,158,23,11,6,,,11,,6,3,7,,7,,22,3,12,3,5,1,1,,82,16,296,44,223,106,16
24710,23319,2302,1,1641,50,Bodleian-1641-50-recto,25,November,2,December,3,,,,,,2,,1,,,,,,,,1,,1,,,,,,2,,3,,3,,,,,,1,,1,,,,,,1,,,,2,1,,,,,1,,2,,,,1,,,,,,,,,,,,,,,,,,1,,,,1,,1,,1,1,1,,,,,,,,,,1,,,,,,,,,,3,,,,1,,,,,,1,,,,1,,,,,,,,1,,,,,,,,,,,,,,1,,1,,,,1,,1,,1,,2,,1,,1,,1,,,,1,1,,,,,,,,,,,1,,,,1,,1,,1,,,,,,,,,,53,3,15,4,2,,2,,8,2,,,7,2,8,1,14,,7,4,7,1,27,5,18,2,8,2,17,1,3,1,,,3,3,146,28,8,2,,,10,,4,,4,,5,,20,4,21,4,5,,3,,80,10,279,41,198,105,17
24711,23320,2303,1,1641,51,Bodleian-1641-51-recto,2,December,9,December,,,1,,1,,5,,,,3,,,,,,,,1,,,,,,1,,3,1,3,1,,,1,,4,,,,,,1,,,,,,1,,,,,,,,,,1,,1,,1,,,,,,2,,,,,,1,,,,1,,,,,,2,,,,,,,,,,2,,,,1,,,,,,,,,,1,,1,,,,1,,,,,,,,,,,,,,,,,,3,,,,,,1,,,,,,2,,4,,,,1,,,,,,1,,,,,,,,,,,,,,,,1,,1,,,,,,,,,,,,2,,1,,,,,,2,,59,2,15,1,1,,,,7,,1,,6,2,9,,9,,2,1,7,,16,,14,3,12,,18,3,3,1,,,,,120,11,5,,,,14,,3,,4,,6,1,17,,11,1,4,,2,,66,2,245,15,209,112,10
24712,23321,2304,1,1641,52,Bodleian-1641-52-recto,9,December,16,December,,,1,,,,,,,,1,,,,,,,,2,,1,,,,1,,2,,1,,2,,,,,,,,,,,,,,,,1,,,,,,1,,,,1,,,,1,,,,1,,,,4,,1,,1,,,,1,,,,1,,,,3,,1,,,,,,,,,,,,,,,,,,,,1,,1,,,,,,,,,,,,3,,,,,,,,,,2,,1,,,,2,,1,,,,1,,3,,,,1,,1,,,,1,,1,,1,,1,,,,1,,,,1,,,,1,,,,1,,1,,,,1,,,,1,,,,,,1,,57,0,11,2,1,,,,9,,1,,3,,13,1,8,1,8,1,9,1,22,2,11,,6,,20,2,3,1,2,,1,1,128,12,3,,,,14,,5,,1,,6,,8,1,16,4,7,,1,,61,5,246,17,190,112,10
24713,23322,2327,1,1641,1,Bodleian-1641-01-recto,16,December,23,December,1,,1,,,,2,,,,,,,,2,,2,,1,,,,,,1,,,,1,,1,,,,,,,,,,1,,,,,,1,1,3,,1,1,,,3,,,,1,,,,1,,,,,,1,,2,,,,,,,,,,,,1,,,,,,,,,,1,,,,1,,,,1,,,,,,,,,,,,,,1,,,,,,,,,,,,,,,,,,,,,,1,,,,,,,,,,,,1,,2,,,,1,,1,,,,1,,,,1,,1,,1,,,,1,,1,,,,1,,2,1,1,,,,,,,,,,2,,49,3,9,,2,,,,3,,,,3,1,9,,7,,6,,5,,12,3,14,2,6,,18,2,1,,1,,,,96,8,5,,,,12,1,5,,4,,7,,21,3,5,,3,,1,,63,4,208,15,213,113,9
24714,23323,2328,1,1641,2,Bodleian-1641-02-recto,23,December,30,December,,,2,1,,,3,1,,,,,,,,,1,,3,,,,,,2,,,,2,1,,,,,,,1,,,,2,1,,,,,1,,,,,,,,,,1,,,,1,,,,2,,,,1,,1,,1,,,,1,,,,,,1,,1,,,,,,1,,5,1,,,2,,,,,,,,,,1,1,1,,2,2,,,,,,,,,,,,,1,,,,,,,,,,,,,,,,,,1,,,,1,,,,1,,,,,,,,,,,,,,1,1,1,,,,,,2,,,,,,1,,3,1,,,,,,,,,,,,,51,10,7,,2,,1,,12,2,,,3,1,16,2,7,,2,1,7,1,23,3,15,2,7,2,23,7,2,,1,,1,1,129,22,9,1,,,12,2,7,,6,,10,1,14,1,24,14,5,,,,87,19,267,51,196,99,23
24751,23324,2216,1,1641,3,Bodleian-1641-03-recto,30,December,6,January,3,,1,1,,,2,,1,,1,,,,2,,,,1,,1,,,,,,3,3,1,,2,,,,,,,,,,,,,,,,2,1,1,,,,1,,2,,,,,,,,1,,,,,,1,,1,,,,1,,,,,,,,1,,1,,,,,,,,2,,,,,,,,1,,1,,,,1,,1,,,,,,1,,,,,,,,,,,,,,,,1,1,1,,,,3,,,,1,,,,1,,1,,,,2,,,,,,,,1,,,,1,,,,1,,3,,,,,,,,,,2,,,,,,1,,,,,,,,,,56,6,9,1,,,,,9,1,2,,4,1,5,1,6,,6,,8,,23,3,18,3,5,1,20,4,2,,,,1,1,118,16,7,,,,22,,2,,4,,7,,20,3,12,1,3,,2,,79,4,253,26,213,108,14
24752,23325,2218,1,1641,4,Bodleian-1641-04-recto,6,January,13,January,2,,,,,,,,1,,,,1,,,,,,,,,,3,,2,,2,1,1,,,,,,,,1,,,,1,,,,,,1,,,,,,,,1,,,,,,1,,2,,,,,,1,,,,,,3,,,,,,,,,,3,,,,,,,,2,,,,,,,,,,,,1,,,,1,,1,,1,,,,,,,,1,,,,,,1,,1,,1,1,,,1,,3,,,,1,,,,1,,1,,,,,,1,,,,1,,1,,2,,,,,,,,1,,,,1,,,,,,,,,,1,,1,,,,,,,,1,,53,2,5,,1,,2,,8,,,,7,,6,,2,,4,,9,1,17,,11,1,6,,12,1,,,,,,,90,3,5,1,,,18,1,2,,3,,7,,9,1,11,3,3,,1,,59,6,202,11,193,113,9
24753,23326,2221,1,1641,5,Bodleian-1641-05-recto,13,January,20,January,,,2,,,,1,,,,1,,,,1,,,,,,,,1,,1,,,,,,2,,1,,,,,,,,1,,,,2,,1,,1,,1,,1,,1,,,,,,1,,,,,,,,,,,,,,1,,1,,,,1,,,,1,,,,1,,,,1,1,,,,,1,,1,,,,2,,1,,,,,,,,1,,,,,,,,,,,,,,1,,,,1,,,,2,,,,,,1,,,,2,,,,1,,,,1,,,,,,1,,,,,,1,,2,,1,,1,,1,,,,1,,,,1,,2,,,,,,,,,,51,1,11,,2,,1,,6,2,1,,3,,9,,9,,5,,7,,19,,12,1,5,,10,2,1,,,,,,101,5,8,3,,,10,1,5,,3,,7,3,9,,11,1,1,,2,,56,8,208,14,180,114,8
24754,23327,2222,1,1641,6,Bodleian-1641-06-recto,20,January,27,January,,,1,1,2,,1,1,,,2,1,2,,1,,,,1,1,,,,,,,2,,1,,2,,,,,,,,,,1,,,,,,2,1,,,,,,,3,,,,,,,,,,,,,,1,,,,,,1,,1,,,,,,,,1,,,,,,,,1,,,,,,,,1,,,,,,,,,,1,1,1,,1,,,,,,1,,,,1,,,,2,,,,,,,,1,,,,,,1,,1,,1,,,,,,,,,,,,,,1,,,,,,,,,,1,,1,,,,,,,,,,,,2,,,,,,1,,,,44,6,16,,2,,,,8,2,1,,3,,7,,10,,6,,6,,22,1,10,3,5,,17,5,,,,,,,113,11,9,1,,,13,,4,1,6,,6,2,19,3,15,6,4,,1,1,77,14,234,31,235,106,16
24755,23328,2223,1,1641,8,Bodleian-1641-08-recto,3,February,10,February,2,,1,,1,,1,1,,,2,,,,1,,2,,1,,,,,,,,1,,3,,1,,,,,,,,,,,,,,,,6,1,,,,,,,,,,,,,1,,,,,,,,1,,,,,,,,,,,,,,2,,3,,1,,1,,,,1,,,,1,,,,1,,,,,,1,,2,,,,,,,,3,,,,,,,,,,1,,,,3,1,,,,,,,,,,,1,,,,,,,,2,,1,,1,,,,,,,,,,,,1,,2,,1,,3,,,,1,,,,,,1,,1,,2,,1,,1,,,,63,3,8,,2,,2,1,6,1,,,2,,10,,4,,4,,6,,22,2,14,3,8,1,12,2,1,,,,2,1,103,11,7,3,,,20,,5,,7,,12,2,16,2,13,1,3,1,1,,84,9,250,23,259,108,14
24756,23329,2233,1,1641,9,Bodleian-1641-09-recto,10,February,17,February,,,1,,,,2,,1,,1,,,,,,1,,,,,,,,1,,,,,,,,1,,,,,,,,,,,,1,,4,,1,,,,1,,2,,2,,1,,1,,,,,,,,1,,1,,,,,,,,,,1,,1,,,,,,,,,,,,,,2,,1,,,,,,,,1,,,,,,1,,,,,,,,1,,1,,,,1,,1,,1,,,,1,,2,,,,,,,,,,,,,,,,,,,,,,1,,,,,,,,1,,,,,,1,,,,,,1,,,,,,1,,,,1,,2,1,,,46,1,8,1,2,,,,10,,,,2,,8,,6,,1,,4,,10,1,8,1,7,,9,,,,,,,,75,3,5,,,,10,,2,,3,,14,4,16,3,14,3,2,,,,66,10,187,14,215,115,7
24757,23330,2234,1,1641,10,Bodleian-1641-10-recto,17,February,24,February,,,,,1,,2,,,,2,,,,,,1,,,,,,,,,,,,2,,1,,,,1,,,,,,1,,,,,,3,,,,1,,,,,,,,2,,1,,,,1,,,,,,,,,,2,,,,,,1,,1,,2,,,,,,,,1,,,,1,,,,1,,3,,,,,,2,,2,,,,,,,,,,2,,,,,,5,1,,,,,2,,,,1,,,,,,3,,,,1,,,,,,,,,,1,,,,,,,,1,,,,,,,,3,,,,1,,1,,1,,,,2,,,,,,,,2,,61,1,15,,1,,,,10,1,,,1,,13,2,9,,5,,4,,17,4,9,2,5,,16,3,,,1,,1,1,107,13,7,,,,9,,5,,1,,6,3,17,7,12,2,3,,3,,63,12,231,26,210,113,9
24758,23331,2235,1,1641,11,Bodleian-1641-11-recto,24,February,3,March,1,,2,,,,2,,,,,,1,,,,,,1,,1,,1,1,1,,,,2,,,,,,,,1,,1,,2,,,,,,,,,,1,1,1,,2,,,,,,,,,,,,,,,,1,,,,2,,,,,,,,2,,1,,,,1,,1,,,,2,,1,,,,,,2,,,,,,1,,,,,,1,,,,,,1,,,,,,,,,,3,,3,,1,,1,,,,,,1,,,,2,,2,,2,1,,,1,,,,,,2,,,,1,,,,,,,,2,,1,,,,1,,1,,,,,,2,,,,,,,,62,3,12,1,2,,1,,6,,1,,2,,13,,17,,4,,3,,17,2,13,2,2,,19,2,1,,,,,,113,7,4,,,,9,,6,,5,,7,1,19,4,10,2,3,,1,,64,7,239,17,237,112,10
24759,23332,2236,1,1641,12,Bodleian-1641-12-recto,3,March,10,March,2,,2,,,,1,,,,,,,,2,,1,,1,,,,,,4,1,,,4,1,,,1,,1,,1,,,,,,1,,,,3,,,,,,,,1,,,,,,1,,,,2,1,,,1,,3,,2,,1,,1,,,,,,2,,,,1,,2,,,,1,,1,,,,,,1,,,,,,,,,,,,,,,,1,,,,1,,,,,,,,,,2,,,,,,,,,,1,,,,,,,,,,,,,,,,,,,,,,,,,,,,,,,,2,,,,,,1,,,,,,1,,,,1,,1,,1,,56,3,15,,1,,,,8,1,1,,5,,10,,9,,4,,3,,17,2,9,,9,2,16,2,1,,,,,,108,7,6,,,,14,,11,3,4,,4,,16,3,8,1,5,1,,,68,8,232,18,232,111,11
24760,23333,2237,1,1641,13,Bodleian-1641-13-recto,10,March,17,March,,,2,,,,1,,,,1,,,,,,,,,,,,3,,2,,2,,4,,,,,,,,1,,1,,1,,,,,,3,,,,,,,,3,,,,,,,,,,,,,,2,,,,,,,,,,,,,,,,1,,,,,,,,,,3,,,,1,,,,,,1,,1,,,,,,,,1,,,,,,,,,,,,,,,,2,,,,1,,,,,,1,,3,,,,,,,,1,,,,1,,,,,,,,1,,1,,1,,,,,,,,1,,1,,,,,,,,2,,,,,,1,,2,,53,0,11,,2,,,,10,,,,6,,10,,7,,4,,,,17,1,13,,5,1,11,1,1,,,,,,97,3,6,,,,10,,6,1,3,,5,,15,,14,1,2,,3,,64,2,214,5,206,117,5
24794,23334,2264,1,1641,14,Bodleian-1641-14-recto,17,March,24,March,2,,4,,,,3,,,,,,1,,1,,1,,,,,,3,,2,,1,,8,,,,,,,,1,,,,,,,,1,,,,,,,,,,1,,,,,,,,,,,,,,,,,,1,,,,,,,,1,,1,,,,,,1,,,,1,,,,1,,,,,,,,,,,,,,,,,,,,3,,,,1,,1,,,,1,,,,1,,,,,,2,,1,,,,,,,,1,,,,,,,,,,1,,,,,,,,,,,,1,,,,,,,,,,,,,,,,1,,,,3,,,,,,54,0,9,,3,,1,,4,,,,2,,11,,10,,4,,5,,19,5,14,2,8,2,13,,,,1,,1,1,105,10,7,,,,5,,5,,7,,6,1,15,2,11,1,4,,,,60,3,219,13,203,117,5
24795,23335,2265,1,1642,15,Bodleian-1641-15-recto,24,March,31,March,,,1,,,,3,,,,,,,,1,,1,,,,,,1,,2,1,,,3,,1,,,,,,2,,1,1,,,,,,,1,,,,1,,,,1,,,,,,1,,,,,,,,2,,1,,1,,,,,,,,,,,,1,,,,,,,,,,2,2,,,,,,,1,,,,,,1,,,,,,,,,,1,,2,,,,,,,,1,,1,,,,2,,2,,,,,,,,1,,2,,,,,,,,1,,3,,,,,,,,1,,1,,,,2,,2,1,,,1,,,,1,,,,1,,,,1,,1,,2,1,58,6,5,1,4,,,,6,,1,,4,,8,,8,,7,1,7,,21,4,9,,8,2,9,1,,,1,,1,1,99,10,3,,,,15,,2,,2,,3,,9,1,8,,5,,,,47,1,204,17,221,111,11
24796,23336,2266,1,1642,16,Bodleian-1642-16-recto,31,March,7,April,2,,5,,,,1,,,,,,,,1,,1,,,,,,,,1,,4,,1,,,,,,,,,,,,,,,,,,5,1,,,,,,,3,,1,,,,,,,,1,1,,,1,,,,,,3,,1,,,,1,,,,2,,,,,,1,,2,1,1,,,,,,,,,,,,,,,,1,,,,1,,2,,,,3,1,,,,,,,,,3,,,,,,1,,,,,,,,,,,,,,1,,,,1,,,,,,,,,,,,,,,,,,1,1,,,1,,,,,,,,2,,1,,1,,,,1,,58,5,11,1,4,,,,8,1,,,2,,7,,11,1,2,,4,,13,3,13,,9,4,14,1,,,,,1,1,99,12,5,,,,7,,3,,4,,8,,11,3,12,3,4,,2,,56,6,213,23,211,109,13
24797,23337,2267,1,1642,17,Bodleian-1642-14-recto,7,April,14,April,1,,,,,,,,,,,,,,3,,,,1,,,,,,2,,,,,,,,,,1,,,,,,,,,,,,3,,,,,,,,,,,,,,2,,,,,,,,,,,,1,,,,,,,,,,1,,1,,,,1,,,,1,,,,,,,,1,,,,,,,,2,,2,,,,,,,,,,2,,,,,,1,,,,2,,1,,,,1,,,,,,,,,,,,,,,,1,,1,,,,,,,,1,,,,,,,,1,,,,,,,,,,,,1,1,2,,,,,,,,,,37,1,10,2,3,1,1,,4,,,,2,,7,,10,4,3,1,4,,10,1,16,,7,4,17,1,,,,,2,2,96,16,11,,,,9,,7,1,2,,9,1,6,,11,1,1,,1,,57,3,190,20,191,111,11
24798,23338,2268,1,1642,18,Bodleian-1642-18-recto,14,April,21,April,1,,1,,,,,,,,1,,2,,1,,2,,1,,2,,,,,,1,,,,,,1,,,,,,1,,,,,,,,2,,,,2,,,,2,,,,,,1,,,,,,,,2,,,,,,1,,,,,,1,,2,,,,1,,1,,,,,,1,,,,,,,,,,,,,,2,,,,,,,,,,,,2,,,,,,,,,,,,,,1,1,1,,,,,,3,,1,,,,1,,1,,,,,,,,,,,,,,,,1,,,,,,,,,,1,,1,,2,2,,,1,,,,,,1,,1,,50,3,10,,1,,,,1,,3,,5,,13,,9,1,2,,5,,11,1,7,,9,6,16,,,,,,,,92,8,9,3,,,11,,2,,5,,5,1,21,5,7,1,3,1,,,63,11,205,22,211,112,10
24799,23339,2269,1,1642,19,Bodleian-1642-19-recto,21,April,28,April,1,,4,,,,,,,,3,,,,,,2,,2,,,,1,,2,,,,1,,,,1,,,,1,,3,1,1,,,,1,,1,,,,1,,1,,,,,,1,,,,2,,,,,,,,2,,1,,1,,,,1,,,,1,,1,,1,,,,2,,2,,1,1,,,,,,,,,1,,,,1,,,,,,1,,,,,,2,,,,,,1,,,,2,,,,,,1,,1,,1,,,,,,,,,,,,1,,,,,,,,,,,,,,,,3,,,,2,1,,,,,1,,1,,1,1,,,,,,,,,2,,64,4,14,,2,,1,,6,,,,3,,11,2,12,,3,,6,,18,2,12,,10,5,16,1,3,,,,1,1,118,11,6,,,,11,3,5,,6,,8,,10,1,7,,4,1,,,57,5,239,20,211,111,11
24800,23340,2270,1,1642,21,Bodleian-1642-12-recto,5,May,12,May,,,1,,,,1,,,,,,,,,,1,,2,,,,1,,2,,,,5,2,,,,,,,1,,,,1,,,,,,2,,1,,,,,,1,,1,,,,,,,,1,,,,,,,,,,,,1,,,,1,,,,,,,,2,,,,3,,,,,,,,1,,,,1,,,,1,,,,1,,,,,,,,1,,,,,,1,,,,2,,2,,,,,,1,,1,,2,,,,,,,,,,,,,,1,,,,1,,,,2,1,,,1,,,,,,,,,,,,,,,,1,,,,,,1,,,,49,3,7,,3,,1,,3,,,,4,,8,,6,,3,,3,,21,3,12,1,10,5,12,3,,,,,1,1,94,13,8,,,,19,3,7,,6,2,9,,19,6,10,1,6,1,3,,87,13,230,29,198,111,11
24801,23341,2271,1,1642,22,Bodleian-1642-22-recto,12,May,19,May,2,,2,,,,1,,,,1,,1,,,,,,,,,,2,,2,,,,2,,2,,,,3,,2,,,,2,,,,1,,2,,1,,,,,,3,,,,3,,4,1,1,,,,,,,,,,1,,2,,,,,,2,,,,,,1,,,,1,,1,,1,,,,,,,,,,,,1,,,,,,,,,,,,,,,,,,,,,,,,2,,,,1,1,,,1,,1,,1,,3,1,,,,,1,,,,1,,1,,,,,,,,1,1,2,,,,,,,,,,,,,,1,,2,,3,,,,1,,2,,,,71,4,12,,3,2,,,4,,,,4,,9,2,8,2,8,,4,,16,,12,,8,1,20,2,,,,,3,2,111,11,8,1,,,13,2,1,,6,1,7,,13,3,8,1,4,2,3,,63,10,245,25,201,107,15
24802,23342,2277,1,1642,23,Bodleian-1642-23-recto,19,May,26,May,2,,3,,,,3,,,,,,1,,,,1,,1,,1,,,,2,,1,1,,2,,,,,,,,,,,1,,,,,,3,,,,,,1,,,,,,,,,,,,,,,,,,2,,,,3,,,,1,,1,,,,2,,,,1,,,,2,1,1,,,,,,,,,,1,,,,2,,1,,,,,,,,,,1,,,,,,,,,,1,,,,,,,,,,,,1,,,,,,,,2,,,,1,1,,,,,1,1,,,1,,,,1,,,,2,,,,,,1,,,,,,,,,,,,2,,,,53,4,10,3,1,1,,,8,,2,,2,,10,,7,2,5,1,5,,15,1,10,,11,3,3,,1,,,,,,90,11,6,1,,,17,1,5,,5,1,5,,21,6,11,3,2,,2,,74,12,217,27,174,107,15
24803,23343,2278,1,1642,24,Bodleian-1642-24-recto,26,May,2,June,,,,,,,1,,,,1,,2,,1,,1,,,,,,,,2,,1,,2,1,,,1,,,,,,,,2,,,,,,4,,,,,,,,2,,1,,,,2,,,,,,,,,,,,,,1,1,,,,,1,,,,2,,1,,,,,,,,,,,,,,2,,,,,,,,,,,,,,,,,,1,,,,,,,,,,,,1,,,,1,,,,,,,,1,,,,,,,,1,,,,1,,,,1,,,,1,,2,1,1,,1,,,,1,,,,,,,,1,,,,4,2,,,1,,3,2,,,52,7,10,1,1,,2,,2,,1,,3,,7,1,8,1,1,,3,1,17,4,8,,12,6,13,3,2,,,,2,2,92,19,7,,,,13,3,4,,4,1,6,,12,3,17,4,4,,,,67,11,211,37,174,106,16
24837,23344,2279,1,1642,25,Bodleian-1642-25-recto,2,June,9,June,1,,2,,,,2,,,,1,,1,,,,,,,,2,,1,,1,,2,,1,,2,2,1,,2,2,,,,,2,,,,,,,,1,,,,1,,2,,1,,,,,,,,1,,,,2,,2,,,,,,,,,,,,,,1,,,,,,,,1,,,,,,,,,,,,,,2,,1,,,,1,,,,,,,,,,,,,,1,,1,,,,1,,,,4,,1,,,,,,1,,,,,,1,,,,1,,,,,,1,,,,,,,,,,,,2,,,,,,,,,,,,1,,,,,,3,2,,,55,6,9,,2,1,,,10,,,,3,,11,1,7,1,6,1,5,,10,,8,,9,3,13,,2,1,1,,2,2,98,10,5,2,,,10,,5,1,5,,4,,8,1,15,4,3,,,,55,9,208,25,165,108,14
24838,23345,2280,1,1642,26,Bodleian-1642-26-recto,9,June,16,June,,,4,,,,5,,,,,,,,,,,,,,1,,1,,1,,3,1,2,1,1,,2,,,,2,,,,,,,,,,1,,,,,,,,3,,,,1,,1,,,,,,,,,,1,,,,1,,,,,,2,2,,,,,,,,,,,,,,,,,1,,,,,,,,,,,,1,,,,,,1,,,,,,,,,,1,,,,2,,,,,,1,,1,,,,1,,1,,1,,,,,,,,,,1,,1,,,,,,1,,,,1,,,,,,,,,,,,1,,,,1,1,1,,1,,1,,1,,53,5,12,3,2,,,,10,,,,3,,10,,7,,2,,9,,8,1,14,1,8,1,8,1,,,,,,,93,7,11,1,,,8,,2,1,4,2,5,,11,2,10,4,4,1,1,,56,11,202,23,157,107,15
24839,23346,2281,1,1642,27,Bodleian-1642-27-recto,16,June,23,June,1,,2,,1,,1,,,,4,,,,,,1,,1,,,,,,1,,,,1,,,,,,1,,,,,,1,,,,1,,,,,,,,,,1,,,,2,,,,,,,,,,1,,,,,,1,,2,,,,1,1,1,,,,,,,,,,1,,1,,,,,,,,,,,,1,,,,,,,,,,2,,1,,1,,,,,,,,,,,,,,,,2,,1,,,,,,,,2,,,,1,,,,,,1,,1,,2,,,,,,,,1,,,,1,,,,1,,,,,,,,2,,,,,,1,,2,,50,1,9,1,1,,,,3,,,,2,,5,,7,,2,,5,,10,1,8,,4,1,11,,2,,,,2,2,71,5,9,1,,,10,1,2,,4,1,7,1,9,2,11,2,4,,1,,57,8,178,14,177,112,10
24840,23347,2282,1,1642,28,Bodleian-1642-28-recto,23,June,30,June,1,,2,,,,1,,,,,,,,,,1,,,,,,,,2,,,,1,,1,,,,1,,,,,,2,,,,,,2,,,,1,,,,2,,1,,,,,,1,,,,,,,,1,,,,,,1,,,,,,2,1,,,,,1,,,,1,,,,1,,,,,,,,,,2,,,,,,,,,,,,1,,1,,,,1,,1,,,,,,,,,,,,,,1,,1,,1,,1,,1,,,,,,,,,,,,,,,,,,1,,,,,,2,,1,,1,,1,,,,,,1,,,,,,1,,,,45,1,15,4,,,,,8,,,,2,,5,1,3,,5,,6,,11,1,11,,7,2,7,,,,,,2,1,82,9,6,2,,,5,,1,,2,,5,,5,,11,3,,,2,,37,5,164,15,167,115,7
24841,23348,2283,1,1642,29,Bodleian-1642-29-recto,30,June,7,July,1,,1,,1,,1,,,,,,,,,,1,,3,,1,1,1,,1,,,,2,1,1,,,,1,,,,,,1,,,,1,,1,,,,,,,,,,,,,,,,1,,,,,,,,1,,,,,,,,,,3,1,,,,,,,,,,,1,,2,,,,1,,1,,,,,,,,,,1,,,,,,1,,,,,,,,,,,,,,,,,,,,1,,,,1,,1,,,,1,,1,,,,,,2,,1,,,,,,,,1,,,,,,,,1,,,,1,,1,,,,1,,1,,2,,,,,,,,46,3,9,2,,,1,,3,,,,,,4,,4,,2,1,1,,9,,11,1,6,3,9,2,,,,,,,59,9,6,,,,16,2,4,,2,1,8,,8,1,13,2,1,,,,58,6,163,18,170,110,12
24975,23374,2244,1,1642,5,Bodleian-1642-05-recto,12,January,19,January,1,,5,,2,,,,,,,,,,2,,1,,4,,1,,,,3,,2,,4,,,,,,,,1,,,,1,,,,,,5,,1,,,,1,,1,,,,1,,1,,2,,,,,,,,,,1,,,,,,,,1,,3,,3,,,,1,,,,3,,2,,1,,1,,,,,,,,1,,1,,,,1,,,,4,1,,,,,1,,2,,2,,,,,,,,1,,3,,1,,,,1,,1,,,,,,1,,,,,,2,,1,,,,1,,1,1,,,,,1,,,,,,,,,,1,,1,,1,,1,,,,1,,,,85,2,9,,2,,,,4,,1,,2,,17,,19,,5,,3,1,17,,13,1,6,,15,,,,1,,,,120,2,10,,,,15,2,3,,6,2,5,,6,,12,3,4,,2,,68,7,273,11,200,115,7
24976,23375,2245,1,1642,6,Bodleian-1642-06-recto,19,January,26,January,,,3,,,,3,,,,,,,,1,,,,4,,,,,,2,,1,,3,,1,,2,,,,,,1,,,,,,1,,3,,,,,,,,2,,,,2,1,1,,1,,,,,,1,,2,,1,,1,,1,,,,1,,,,2,,,,,,,,,,1,,2,,1,,,,,,,,5,,2,,1,,,,1,,,,,,3,,,,,,,,,,4,1,,,,,2,,,,,,2,,1,,,,2,,2,,,,,,,,2,,1,,,,1,,1,,,,,,,,1,,,,,,,,1,,3,,,,1,,2,,2,,84,2,13,,2,,,,6,1,,,2,,13,2,8,,11,,5,1,16,,13,1,12,,18,,2,1,,,,,121,6,11,,,,5,,,,5,,3,,16,,5,,7,,,,52,0,257,8,234,115,7
24977,23376,2246,1,1642,7,Bodleian-1642-07-recto,26,January,2,February,1,,3,,,,3,,,,1,,,,2,,1,,,,,,,,1,,1,,3,,,,1,,2,,,,1,,1,,,,1,,4,,,,,,,,1,,,,,,,,,,1,,,,2,,2,,,,,,1,,,,,,,,2,,,,,,1,,4,,,,,,,,,,,,,,,,,,,,1,,,,,,,,1,,1,,,,,,,,2,1,,,,,1,,,,,,,,,,1,,,,1,,2,,,,2,,,,,,,,1,,3,,,,,,,,,,1,,,,,,1,,,,,,1,,,,1,,60,1,10,,,,,,10,,,,2,,7,,7,,3,,6,1,16,2,9,1,10,,13,,5,1,,,,,98,5,11,,,,12,,4,,3,,9,2,17,,16,3,3,,1,,76,5,234,44,215,115,7
24978,23377,2317,1,1642,9,Bodleian-1642-09-recto,9,February,16,February,,,2,,,,1,,1,,,,,,,,1,,2,,,,,,,,,,2,,,,,,,,,,1,,4,,,,,,2,,,,1,,,,1,,,,,,1,,,,,,,,2,,,,1,,2,,,,,,1,,1,,1,,,,,,,,1,,,,,,,,,,1,,,,2,,1,,1,,2,,,,,,1,,2,,,,,,1,,,,1,,,,,,1,,,,,,,,1,,,,,,,,,,,,3,,1,,1,,1,,,,,,1,,,,1,,,,,,1,,,,,,,,2,,1,,,,1,,55,0,11,,1,,,,3,,,,5,,5,,5,,5,,7,,17,,13,,8,,14,,4,1,,,,,103,1,8,,,,11,,2,,6,,4,,17,,9,,1,,,,58,0,216,1,193,121,1
24979,23378,2318,1,1642,10,Bodleian-1642-10-recto,16,February,23,February,1,,4,,,,2,,,,1,,1,,2,,1,,2,,,,1,,1,,,,3,,,,1,,1,,1,,,,3,,,,,,2,,2,,,,1,,1,,,,1,,,,,,,,1,,1,,,,,,1,,,,,,,,,,,,2,,2,,,,,,1,,,,1,,,,,,,,1,,,,,,,,1,,,,1,,1,,1,,,,1,,,,1,,,,,,,,,,1,,3,1,,,,,,,1,,,,,,,,,,,,,,3,,1,,,,,,1,,1,,,,,,,,,,3,,,,,,1,,,,63,1,6,,,,1,,10,,,,4,,12,,8,,4,,5,,14,,19,1,9,,17,,1,,1,,,,111,1,8,,,,16,,5,,4,,8,,12,,8,,5,,4,,70,0,244,2,225,120,2
24980,23379,2319,1,1642,11,Bodleian-1642-11-recto,23,February,2,March,,,2,,1,,2,,,,1,,,,,,1,,,,1,,2,,1,,2,,,,,,,,1,,1,,,,,,,,1,,4,,,,,,1,,,,,,,,,,1,,1,,,,,,1,,1,,1,,2,,,,,,1,,,,1,,2,,,,2,,1,,1,,,,,,,,,,,,1,,1,,2,,,,1,,1,,,,,,,,,,1,,3,,1,,,,,,,,,,2,2,2,,,,2,,1,,,,,,,,,,1,,,,1,,,,2,,,,,,,,,,1,,1,,,,1,,1,,2,,,,,,64,2,7,,2,,,,5,1,,,3,,9,,6,,2,,9,,18,,11,1,8,,14,,2,,,,,,96,2,11,,,,13,,4,,3,,8,,18,,11,,3,,,,71,0,231,4,214,119,3
24981,23380,2320,1,1642,12,Bodleian-1642-12-recto,2,March,9,March,1,,6,,1,,3,,1,,3,,2,,,,,,2,,2,,,,2,,,,2,,,,,,3,,2,,,,2,,,,1,,2,,,,,,1,,2,,1,,1,,,,1,,,,,,3,,1,,,,,,4,,,,,,2,,1,,,,,,,,1,,1,,,,,,,,1,,,,2,,1,,1,,2,,1,,,,,,1,,1,,,,,,,,,,,,,,2,,,,,,3,1,2,,1,,1,,2,,,,2,,,,1,,,,1,,1,,1,,,,1,,1,,,,1,,1,,1,,1,,2,,,,1,,,,1,,91,1,12,,,,1,,11,,1,,1,,14,,11,3,6,,5,,13,,16,2,8,1,15,1,1,,,,,,115,7,7,,,,10,,4,,3,,12,,9,,8,,4,,1,,58,0,264,8,197,117,5
24982,23381,2321,1,1642,13,Bodleian-1642-13-recto,9,March,16,March,1,,2,,,,2,,,,2,,,,,,1,,2,,1,,1,,1,,,,,,1,,,,,,,,1,,1,,,,1,,3,,,,,,2,,2,,,,2,,2,,1,,,,,,,,,,,,1,,1,,,,,,2,,4,,1,,,,,,,,,,,,,,1,,,,,,1,,1,,1,,,,,,,,,,,,,,,,,,2,,1,,,,,,1,,,,,,1,,,,2,,2,,2,,2,,,,,,1,,,,,,,,1,,2,,,,,,,,,,1,,,,2,,,,1,,,,,,,,63,0,9,,1,,,,4,,,,3,,9,,11,,2,,4,,22,,12,,6,,5,,1,,1,,,,90,0,7,,,,11,,3,,3,1,5,,8,,17,2,3,,1,,58,3,211,3,211,120,2
24983,23382,2322,1,1642,14,Bodleian-1642-14-recto,16,March,23,March,,,,,2,,3,,,,2,,,,2,,3,,4,,,,3,,,,2,,2,,,,,,2,,1,,,,,,,,3,,3,,,,,,1,,3,,1,,1,,1,,,,,,,,3,,,,,,,,,,,,,,1,,1,,,,,,,,2,,2,,,,,,,,,,2,,,,1,,1,,,,,,,,,,,,1,,,,1,,,,1,,,,,,1,,,,,,,,1,,,,1,,1,,,,,,,,,,,,,,,,,,2,,,,,,,,,,,,,,,,2,,1,,,,1,,1,,66,0,8,,1,,,,6,,,,1,,3,,9,,5,,8,,26,1,13,,9,1,8,,1,,,,,,103,2,10,,,,6,,7,,5,,5,,10,,5,,6,,1,,55,0,224,2,214,120,2
24984,23383,2323,1,1643,42,Bodleian-1643-42-recto,28,September,5,October,,,6,,1,,3,,1,,1,,,,1,,1,,2,1,1,,3,,3,,2,,3,,,,,,1,,,,1,,,,,,,,1,,1,,2,,,,,,1,,1,,,,4,,,,,,4,2,,,1,,1,,,,,,2,,1,,5,1,1,,2,,2,2,1,,,,,,,,,,1,1,1,,2,,2,,,,1,,,,,,1,,3,1,,,1,,,,,,1,,2,1,1,,4,,,,,,,,1,,1,,1,,1,,,,1,,1,,,,,,2,,,,1,,2,,,,1,1,,,1,,,,,,,,,,1,,,,1,,,,95,10,4,1,3,,2,,11,1,,,5,2,24,6,10,2,2,,10,7,23,3,22,6,27,23,20,5,2,,1,,,,166,56,6,1,,,15,,4,,3,,7,,24,5,22,1,3,,8,,93,7,354,73,199,101,21
25077,23399,2419,1,1644,30,Bodleian-1644-30-recto,4,July,11,July,,,2,1,,,3,1,1,,1,,,,,,3,3,1,,,,1,,3,,,,,,,,,,,,1,1,,,2,,,,1,,3,,,,,,,,3,,,,,,1,,,,1,,,,2,,,,,,,,,,,,1,,1,,1,,1,,1,,,,3,2,1,,,,,,,,,,,,,,1,,1,,,,1,,,,,,,,,,,,1,,,,,,,,,,1,1,,,,,,,1,,1,,1,,1,,,,,,,,,,,,,,1,,,,,,,,,,,,,,,,,,,,2,1,,,,,,,,,50,10,7,,3,,1,,15,4,1,1,2,,10,2,2,,5,2,2,,7,2,14,,8,4,7,1,1,1,,,,,85,17,5,2,,,2,,3,,5,2,4,,14,,9,1,5,,,,47,5,182,32,154,104,18
25078,23400,2420,1,1644,31,Bodleian-1644-31-recto,11,July,18,July,,,6,3,,,3,,,,,,,,1,,,,1,,,,,,1,,2,,,,1,,,,,,,,,,3,,,,5,3,1,,,,1,,,,1,,,,2,,,,1,,,,,,1,,,,,,1,,,,,,,,,,4,,,,,,,,1,1,1,,1,,,,1,,,,,,,,,,,,,,,,,,1,,,,,,,,,,,,1,1,1,,,,,,1,,1,,1,,2,,,,1,,4,,,,,,,,,,,,,,,,,,2,,,,1,1,,,,,,,,,,,1,1,1,,1,,,,1,,59,10,3,,,,1,,13,6,,,1,,7,,4,,8,4,2,1,15,3,19,4,5,2,17,1,,,,,1,1,96,22,1,1,,,7,1,5,,1,,6,1,8,1,9,4,5,,1,,43,8,198,40,157,104,18
25079,23401,2421,1,1644,32,Bodleian-1644-32-recto,18,July,25,July,1,,6,4,,,1,,,,1,,,,,,1,1,1,,,,,,2,,,,1,1,,,1,,2,,,,,,2,,,,3,1,4,2,1,,,,1,1,,,,,1,,,,,,,,1,,1,,,,1,1,,,1,,,,,,1,,1,,1,,1,,1,,2,2,,,,,,,,,,,,,,,,,1,,,,1,,,,1,,1,,,,,,1,,,,,,,,,,2,,,,,,,,,,,,1,,1,,,,1,,1,,,,,,,,,,,,1,,,,,,,,1,,,,1,,,,1,,,,,,1,,,,56,13,7,1,2,,,,10,4,1,,2,,6,,7,3,5,,3,1,19,1,16,1,11,5,11,3,1,1,,,1,1,102,21,5,2,,,4,,1,,4,,6,1,12,,9,5,5,2,,,46,10,204,44,135,101,21
25080,23402,2422,1,1644,33,Bodleian-1644-33-recto,25,July,1,August,1,,3,3,,,2,,,,1,,,,1,,2,1,,,,,,,1,,,,3,1,,,1,,,,,,,,2,,,,1,1,,,,,,,,,1,,,,3,2,1,1,,,,,,,,,,,3,1,1,,,,,,,,,,,,,,,,,,5,2,,,,,,,1,,,,2,,1,,2,,,,,,,,,,,,1,,,,1,,1,,1,,,,,,,,,,,,,,2,,1,,,,,,,,,,,,,,1,,,,,,1,,1,,,,,,2,,,,,,1,,,,,,4,1,,,,,1,,,,56,13,11,1,1,,,,14,5,,,9,3,14,1,6,1,8,2,7,2,18,3,23,5,14,8,18,6,,,,,,,143,37,8,,,,11,,5,1,6,,8,3,20,3,11,4,5,,1,,75,11,274,61,143,98,24
25216,23424,2260,1,1646,15,Bodleian-1646-15-recto,26,March,2,April,,,2,,,,4,,,,2,,,,,,1,,1,,1,,,,1,,,,1,,,,2,,,,2,,,,,,1,,,,1,,1,,,,,,,,,,,,,,,,,,,,1,,,,,,,,,,,,1,,,,1,,,,,,,,2,,,,,,,,1,,,,,,,,2,,,,,,,,,,,,,,,,,,,,,,2,,,,,,3,,,,,,3,,,,2,,,,1,,,,,,3,1,,,,,1,,1,,,,,,1,,,,,,,,2,,1,,,,1,,,,,,,,,,49,1,5,,3,,1,,4,,,,2,,12,,4,1,3,,5,,19,,10,,9,,13,,2,,1,,,,93,1,4,,,,5,,3,,3,,7,,19,,5,,2,,,,48,0,190,2,128,120,2
25217,23425,2262,1,1646,16,Bodleian-1646-16-recto,2,April,9,April,1,,2,,2,,,,,,,,,,,,1,,2,,,,1,,3,,1,,3,,,,2,,,,1,,1,,2,,,,,,1,,,,2,,,,1,,1,,,,1,,,,,,,,,,,,,,1,,,,,,,,1,,1,,,,1,,1,,1,,,,1,,,,1,,1,,,,1,,,,,,,,,,,,,,1,,,,,,,,1,,1,,1,,1,,,,,,,,1,,,,1,,2,,1,,,,,,,,1,,,,,,,,,,,,,,,,,,2,,1,,1,,,,1,,,,1,,,,,,55,0,10,,1,,,,9,,,,3,,15,2,7,,4,,5,,26,,13,1,8,,13,1,3,,,,,,117,4,4,,,,3,,3,,2,,6,,12,,4,,2,,2,,38,0,210,4,167,119,3
25218,23426,2289,1,1646,17,Bodleian-1646-17-recto,9,April,16,April,1,,1,,,,2,,,,1,,,,,,1,,,,,,2,,1,,,,2,,,,1,1,,,,,1,,1,,,,1,,1,1,1,,1,,1,,2,,,,2,,4,,1,,,,,,1,,,,,,2,,,,,,,,1,,,,,,,,,,,,2,,,,,,,,,,,,,,,,2,,,,,,,,,,1,,,,,,1,,,,1,,,,,,2,,,,,,2,,1,,2,,,,1,,,,,,1,,,,,,1,,,,,,1,,,,,,1,,2,,,,1,,1,,5,,,,1,,,,,,61,2,9,,1,,3,,8,,1,,,,8,2,8,2,4,,4,,20,1,14,,6,,12,1,1,,,,,,99,6,4,,3,,4,,2,,3,,6,,13,,6,,3,,,,44,0,204,8,173,116,6
25219,23427,2290,1,1646,18,Bodleian-1646-18-recto,16,April,23,April,1,,1,,,,3,,,,1,,,,,,2,,,,,,,,2,,1,,1,,,,,,1,,,,1,,1,,1,,,,1,,,,,,,,2,,,,1,1,1,,,,,,,,,,,,,,2,,2,,,,1,,,,1,,,,,,,,1,,1,,,,,,,,,,,,1,,,,1,,,,,,1,,,,2,,,,,,,,1,,1,,1,,1,,4,,,,,,2,,1,,,,1,,1,,1,,,,2,,,,,,,,,,,,,,,,1,,,,,,,,,,,,1,,1,,1,,2,,1,,57,1,6,,2,,,,8,,,,2,,11,1,14,2,6,,9,,29,,14,1,9,,7,1,,,1,,,,118,5,1,,2,,4,,4,,3,,3,,6,,5,,6,,,,34,0,209,6,142,117,5
25220,23428,2291,1,1646,19,Bodleian-1646-19-recto,23,April,30,April,,,2,,,,,,,,,,,,2,,1,,2,,1,,,,2,,,,,,,,,,,,,,,,,,,,1,,1,,2,,,,1,,,,,,1,1,,,1,,,,,,1,,2,,2,,2,,1,,,,,,,,,,,,,,,,,,,,,,,,2,,,,1,,1,,,,2,,,,,,1,,,,,,,,,,,,,,,,1,,,,,,,,,,,,,,1,,,,1,,,,,,,,,,1,,,,,,,,,,,,3,,1,,,,,,1,,,,1,,,,,,,,1,,43,1,9,,4,,1,,4,,,,4,1,9,,10,2,2,,3,,17,,13,,4,,14,,1,,,,,,95,3,4,,,,3,,3,,,,5,,9,1,4,,6,,,,34,1,172,5,155,119,4
25221,23429,2292,1,1646,20,Bodleian-1646-20-recto,30,April,7,May,,,3,,1,,1,,,,,,1,,,,,,1,,,,2,,2,,,,1,,,,,,,,1,,,,3,,,,,,4,,,,,,1,,,,1,,2,1,,,1,,,,,,1,,,,,,1,,,,,,,,1,,2,,,,,,,,,,,,,,1,,,,,,1,,,,,,,,1,,,,,,,,2,,,,1,,,,,,2,,,,,,,,,,,,1,,,,,,,,1,,1,,,,,,1,,1,,,,,,,,,,,,,,1,,,,1,,2,,1,,1,,,,,,1,,1,,51,1,8,,1,,,,7,,1,,,,13,,11,3,6,,3,,17,1,8,,8,,12,,2,,,,,,97,4,4,,2,1,3,,3,,5,,4,,7,,4,,6,,,,38,1,186,6,137,119,4
25222,23430,2301,1,1646,21,Bodleian-1646-21-recto,7,May,14,May,,,,3,,,2,,,,,,,,1,,1,,,,,,,,2,,,,1,,,,1,,2,,,,,,1,,,,1,,2,,1,,,,,,2,,,,1,1,2,,1,,,,1,,,,,,,,2,,,,,,2,,1,,,,,,,,2,,1,,,,1,,,,,,1,,1,,,,,,,,,,,,,,,,1,,,,1,,1,,2,,,,,,1,,1,1,,,,,2,,,,2,,,,,,1,,,,1,,1,,,,3,,2,,,,1,,,,,,,,,,1,,,,1,,,,,,1,,,,,,59,2,9,,,,,,9,,,,1,,12,4,,,5,,5,,21,2,13,,6,,11,1,1,,,,,,93,7,5,,2,,12,,2,,4,,2,,13,,6,,6,,,,52,0,204,9,130,118,5
25223,23431,2324,1,1646,22,Bodleian-1646-22-recto,14,May,21,May,,,1,,,,4,2,,,,,,,1,,1,,1,,1,,,,1,,2,,2,,,,1,,,,1,,,,,,,,1,,1,,,,,,2,,1,,,,,,1,,,,1,,1,,,,,,,,3,,,,,,1,,1,,4,,,,,,,,1,,,,,,,,1,,,,,,1,,,,2,,,,,,,,,,,,,,1,,,,,,,,,,,,,,,,,,,,,,2,,,,1,,,,,,1,,,,1,,1,,,,1,,,,,,,,1,,,,,,,,,,,,,,3,,1,,1,,53,2,6,,2,,1,,5,,1,,2,,14,,5,,3,,2,,11,,10,,10,,19,1,2,,,,,,93,1,4,,5,,10,,4,,4,,1,,16,,6,2,3,,,,53,2,199,5,134,120,3
25224,23432,2325,1,1646,23,Bodleian-1646-23-recto,21,May,28,May,,,,,,,1,,,,,,,,3,,,,,,,,,,,,1,,4,,,,1,,,,1,,,,2,,,,,,1,,,,,,2,,3,,,,1,,,,,,,,,,4,,,,,,2,,1,,,,,,1,,2,,2,,,,,,1,,,,1,,1,,1,,1,,1,,,,1,,,,,,2,,,,,,1,,,,,,,,1,,2,,,,,,3,,,,,,1,,,,2,,,,1,,,,1,,1,,,,,,,,1,,,,2,,,,,,1,,1,,,,2,,1,,2,,,,2,,1,,2,,69,0,16,,2,,3,,6,,,,3,,12,3,7,1,8,,6,,16,,5,,12,,6,,2,,1,,,,105,4,3,,,,6,,6,,5,,7,,8,,7,1,4,,1,,47,1,221,5,142,120,3
25225,23433,2326,1,1646,24,Bodleian-1646-24-recto,28,May,4,June,,,1,,1,,2,,,,,,1,,,,1,,1,,,,1,,2,,,,4,,1,,,,1,,2,,,,4,,,,,,2,1,1,,1,,1,,1,,1,,,,1,,1,,,,,,1,,1,,,,1,,1,,,,,,,,1,,,,,,,,2,,1,,,,,,,,1,,1,,2,,,,1,,,,,,,,,,2,,,,,,,,,,,,,,,,2,,,,,,,,,,,,1,,,,1,,,,,,,,1,,,,,,,,1,,,,,,,,,,,,,,,,,,,,,,,,1,,54,1,12,,1,,1,,4,,,,3,,13,4,6,2,6,,3,,19,1,12,,7,,16,,1,,1,,,,105,7,6,,2,,5,,6,,1,,7,1,8,,6,,3,,2,,46,1,205,9,153,118,5
25320,23449,2258,1,1646,46,Bodleian-1646-46-recto,29,October,5,November,2,,1,,1,,1,,,,4,,,,,,,,,,,,2,,3,,,,3,,1,,,,,,1,1,,,1,,,,,,3,,1,,,,,,3,,,,,,,,,,2,1,1,,1,,,,1,,1,,,,,,,,,,1,,,,1,,2,,1,,,,,,,,,,1,,1,1,,,,,1,,,,,,,,,,2,1,,,,,1,,,,2,,1,,,,,,,,,,,,,,1,,,,1,,,,,,,,,,,,,,,,,,,,,,,,,,,,,,,,,,1,,,,1,,,,,,51,4,13,,2,,2,,8,,1,,5,2,20,4,8,1,4,,2,,24,7,14,3,10,4,23,6,1,1,,,1,1,138,29,12,1,2,,13,,6,,7,4,4,1,11,,20,11,10,5,1,,86,22,275,55,163,106,17
25321,23450,2329,1,1646,47,Bodleian-1646-47-recto,5,November,12,November,,,2,,,,2,,,,,,,,1,,1,,,,,,,,,,,,4,,,,,,,,,,1,,1,,,,,,6,1,1,1,,,,,1,,,,,,,,,,,,1,,2,,,,1,,,,1,,,,1,,,,1,,,,1,1,,,1,,1,,,,,,1,,,,,,,,,,1,,,,,,,,,,,,,,1,,,,,,,,,,,,3,,1,,,,,,1,,1,,1,,2,,,,,,,,,,1,,,,,,,,,,,,,,,,,,,,,,,,1,,,,1,,,,1,,46,3,12,,2,,2,,7,,3,,2,1,13,4,5,,4,1,3,,12,6,8,1,7,,12,,1,,,,1,1,94,14,4,,3,,10,1,1,,2,,4,2,19,2,11,2,5,3,1,,60,10,200,27,159,110,13
25322,23451,2330,1,1646,48,Bodleian-1646-48-recto,12,November,19,November,1,,2,,,,1,,,,1,,1,,,,1,,1,,1,,3,2,2,,1,,2,,1,,,,,,,,1,1,1,,,,,,2,,,,,,,,,,,,,,,,1,,,,,,1,,1,1,,,,,,,,,,,,,2,,1,,1,1,,,,,,,,,2,,,,,,1,,,,,,1,,,,,,,,,,1,1,,,1,,1,,,,2,1,1,,1,,1,,,,,,,,1,,,,,,,,1,,,,,,,,,,,,1,1,2,,1,,,,,,,,,,1,,,,,,1,,1,,1,,,,,,51,8,11,4,1,,,,8,,,,2,,7,1,5,1,7,,2,1,18,4,8,3,8,,12,3,1,,1,,,,91,17,6,4,5,,14,,3,,4,,8,,13,1,26,5,4,2,1,,84,12,226,37,151,105,18
25323,23452,2331,1,1646,49,Bodleian-1646-49-recto,19,November,26,November,1,,1,,1,,,,,,,,,,,,,,2,,1,,2,1,2,1,,,5,1,,,,,,,,,,,1,,,,,,3,,1,,1,,1,,2,,,,1,,,,1,,,,,,1,,1,,,,1,,,,,,,,,,,,,,,,,,1,,,,1,,,,,,,,,,,,,,,,1,,,,1,,1,,1,,,,1,,,,,,1,,,,,,2,,,,,,1,,,,,,,,1,,,,,,1,,,,,,,,,,,,,,,,,,,,,,,,,,1,,,,1,,1,,1,,,,46,3,11,1,2,,,,7,,1,,4,1,6,2,12,3,2,,4,,20,3,9,2,8,2,14,4,1,,1,,,,102,18,6,,6,,12,1,3,,4,1,2,,14,3,20,6,6,2,2,,75,13,223,34,145,107,16
25324,23453,2332,1,1646,50,Bodleian-1646-50-recto,26,November,3,December,,,1,,,,4,,,,,,,,1,,2,1,2,,2,2,,,2,,2,1,4,,1,,,,,,1,,,,1,,,,,,3,1,,,,,1,,,,,,,,1,,,,1,1,,,,,,,1,,,,,,,,,,2,,1,,,,,,,,2,,,,1,,,,,,2,,,,,,,,,,,,1,,1,,,,2,,,,,,,,,,1,,,,,,1,,,,,,1,,,,,,1,,,,1,,,,,,1,,,,,,,,,,2,,1,,1,,,,,,1,,1,,,,3,1,,,1,,,,,,58,7,6,,2,,1,,9,2,,,2,,8,1,11,1,3,,4,,23,7,13,2,6,,8,1,,,1,,2,2,99,16,6,2,,,14,,3,,5,2,9,,14,3,12,2,4,,,,67,9,224,32,143,107,16
25366,23454,2333,1,1646,51,Bodleian-1646-51-recto,3,December,10,December,,,1,,,,2,,,,1,,,,,,1,,,,2,1,,,1,,,,2,,,,,,,,1,,,,,,,,,,3,,,,,,1,,,,1,,1,,,,,,,,,,,,,,,,,,,,,,,,1,,,,1,,,,,,2,,,,,,1,,1,,,,,,,,2,,,,,,,,2,,,,2,1,,,,,,,,,,,,,,,1,,,,,,,,1,,,,1,,1,,,,,,,,1,,,,,,,,1,,,,,,1,,,,,,1,,,1,,,2,,,,1,,2,,1,,43,3,8,,2,,1,,6,,,,1,,6,,5,,6,1,4,1,19,3,6,2,12,,19,,,,,,,,95,7,9,,,,10,2,3,,4,2,1,,18,4,20,5,9,3,,,74,16,212,26,140,111,12
25367,23455,2334,1,1646,52,Bodleian-1646-52-recto,10,December,17,December,,,1,,1,,1,,,,,,1,,1,,,,,,2,,,,1,,,,,,,,,,,,2,,,,,,1,,,,,,1,,,,1,,1,,,,1,,,,,,,,,,,,2,,,,,,1,,,,,,,,1,,1,,2,,1,,2,,,,1,,1,,,,2,,2,,1,,,,1,,1,,,,,,,,1,1,,,,,,,1,,,,,,,,,,,,,,,,,,,,1,,1,,,,1,,,,1,,1,,,,1,,,,,,,,1,,,,,,2,,,,,,1,,,,,,,,1,,47,1,9,1,2,,1,,10,,1,,1,,7,2,5,2,1,,5,,12,5,7,3,6,,12,2,,,,,1,1,80,16,8,,3,,12,3,2,,2,,3,,8,,17,7,3,2,,,58,12,185,29,149,113,10
25368,23456,2350,1,1646,1,Bodleian-1646-01-recto,15,December,22,December,,,2,,,,,,,,,,,,1,,1,1,2,1,1,,1,,,,1,,4,,1,,,,,,,,,,1,,,,,,2,1,,,,,1,,1,,,,2,,,,,,2,,1,,,,,,,,1,,1,,,,,,,,,,,,,,,,,,,,2,,,,,,,,1,,,,,,1,,,,1,,,,,,,,,,,,,,,,1,,,,,,,,,,,,1,,,,,,,,1,,,,,,,,,,,,,,,,,,,,,,2,,,,1,,,,,,,,1,,,,,,,,,,38,3,16,2,1,,,,10,,1,,4,,8,2,3,1,4,,4,1,9,1,9,,6,1,18,,,,1,1,,,94,9,4,,3,,14,5,3,,2,1,8,2,10,3,17,4,4,,,,65,15,197,27,149,108,15
25369,23457,2352,1,1646,2,Bodleian-1646-02-recto,22,December,29,December,,,1,,,,,,1,,1,,,,,,1,,1,1,,,3,,2,,,,2,,,,,,,,,,,,2,,,,,,2,,1,,,,,,,,,,,,1,,2,,1,,1,,,,,,,,,,1,,,,,,2,,,,2,,,,,,2,,,,,,,,,,,,,,,,,,1,,,,,,1,,,,2,1,,,,,,,,,,,,,,,2,,,,,,1,,,,1,,1,,1,,,,,,,,,,,,,,,,,,,,,,,,,,,,1,,,,,,1,,1,,,,,,1,,42,2,10,1,,,,,6,,,,1,,4,,6,,3,,3,1,10,1,7,1,8,,11,,4,1,,,,,73,5,3,,1,,8,5,5,2,2,,5,,10,1,11,1,5,,,,51,9,166,16,147,112,11
25370,23458,2354,1,1646,3,Bodleian-1650-03-recto,29,December,5,January,,,1,1,,,3,,,,2,,,,,,1,,1,,,,2,,1,,,,1,,,,1,,1,,,,,,,,,,,,1,,,,,,1,,1,,1,,1,,,,,,,,,,,,,,,,,,,,,,,,2,,,,1,,1,,,,1,,1,,,,,,,,,,,,,,,,1,,1,,,,2,,,,1,,,,,,,,1,,3,,,,,,,,,,,,,,1,,1,,,,,,,,,,,,2,,2,,,,,,,,1,,1,,,,,,,,1,,,,,,1,,,,1,,,,,,45,1,9,2,,,,,9,,,,1,,5,1,6,,5,,5,,19,1,11,,7,,12,,,,,,,,89,4,6,,2,,9,,2,,3,,3,,11,2,8,2,3,,1,1,48,5,182,10,151,116,7
25371,23459,2356,1,1646,4,Bodleian-1646-04-recto,5,January,12,January,1,,2,1,1,,1,,,,4,,1,,2,,1,,1,,,,,,,,,,1,,,,,,,,,,,,,,,,1,,4,,3,,1,,,,3,,,,1,,,,,,1,,,,3,,,,,,,,,,1,,,,1,,1,,2,,,,,,,,,,,,,,,,,,,,,,,,,,,,2,,,,1,,2,1,,,,,1,,,,,,,,1,,,,,,,,1,,,,,,,,1,,,,1,,,,1,,,,,,1,,,,,,1,,,,,,1,,,,,,1,,,,1,,,,,,,,53,2,14,,1,,,,8,,,,2,,,,7,,1,,4,,23,1,10,,8,,6,,1,,,,,,85,1,7,,1,,12,1,1,,6,,4,,8,,12,1,5,1,3,,59,3,197,6,161,117,6
25372,23460,2358,1,1646,5,Bodleian-1646-05-recto,12,January,19,January,1,,4,,1,,2,,,,,,,,1,,1,,1,,1,,,,2,,1,,,,,,1,,1,,1,,,,,,,,1,,2,1,1,,,,,,1,,,,1,,,,,,1,1,,,,,,,,,1,,,,,,,,1,,1,,,,,,,,2,2,,,,,,,1,,,,,,,,,,1,,,,,,,,,,,,,,,,,,,,2,,,,,,,,1,,,,,,,,,,,,1,,,,1,,,,,,1,,,,,,1,,,,1,,,,1,,,,,,,,,,2,,,,,,,,1,,44,4,14,,1,,1,,8,,,,6,1,10,3,5,,5,,3,,8,1,20,,3,,12,,1,,,,,,97,5,8,,3,,12,2,3,,6,1,4,,9,,12,6,7,,1,,65,9,206,18,192,114,9
25373,23461,2359,1,1646,6,Bodleian-1646-06-recto,19,January,26,January,2,,4,,,,1,,,,2,,1,,,,,,2,,1,1,,,,,,,2,,1,,,,,,,,,,4,,,,,,5,2,,,,,2,,2,,,,,,1,,,,,,,,,,2,,1,,1,,,,,,,,,,,,,,,,,,,,,,,,1,,,,,,1,,,,,,,,,,,,,,,,2,,,,,,,,,,,,,,,,2,,,,1,,,,1,,,,,,1,,,,,,,,,,,,,,,,,,1,,,,2,,1,,,,,,1,,,,2,,,,1,,2,,,,53,3,14,1,3,,1,,7,,1,,1,,10,1,6,,3,1,4,,11,1,8,,9,2,10,,1,,,,,,89,6,4,,1,,8,1,2,1,4,,2,,15,2,12,2,8,1,3,,59,7,201,16,139,111,12
25374,23462,2360,1,1646,7,Bodleian-1646-07-recto,26,January,2,February,,,1,,,,2,,,,,,1,,,,,,,,,,2,,,,,,,,,,1,,,,,,1,,2,,,,1,,2,,,,,,,,2,,,,,,1,,,,,,1,,,,1,,,,2,,,,,,1,,,,1,,,,1,,,,,,2,,,,,,,,,,1,,,,,,,,1,,1,,,,,,1,,,,,,,,,,,,1,,1,,2,,,,,,2,,,,,,1,,1,,,,1,,1,,,,,,1,,,,,,1,,1,,,,,,,,,,,,,,,,,,,,,,1,,43,0,11,,1,,,,7,1,,,4,,9,1,8,1,6,1,4,,20,2,12,,5,,8,,,,,,,,95,6,6,,4,,5,,2,,1,,6,,9,,9,2,1,,3,1,46,3,184,9,143,116,7
25375,23463,2361,1,1646,8,Bodleian-1646-08-recto,2,February,9,February,,,2,,,,1,,,,,,,,1,,,,1,,1,,,,,,,,,,1,,,,,,,,,,2,,,,,,,,,,,,,,,,,,,,,,1,,,,,,2,,,,,,5,,,,,,2,,,,3,,,,,,,,3,,,,1,,,,,,,,,,,,1,,,,,,,,,,1,,,,,,,,,,,,,,1,,,,1,,1,,,,,,,,,,,,,,,,,,,,,,,,,,,,,,,,1,,1,,,,,,1,,,,,,,,,,,,,,,,34,0,9,,,,1,,2,,,,2,,11,,7,,2,,8,,19,1,11,,8,,6,,,,2,,,,88,1,7,,1,,6,,1,1,3,,3,,12,,9,,,,,,42,1,164,2,149,121,2
25415,23464,2362,1,1646,9,Bodleian-1646-09-recto,9,February,16,February,,,3,,,,3,,,,,,1,,,,,,1,,,,,,3,,2,,1,,,,1,,,,,,,,2,,,,1,,,,,,,,,,3,,,,2,,,,1,,1,,,,1,,1,,,,,,,,,,,,,,,,,,,,1,,2,,1,,1,,,,,,,,,,1,,,,,,1,,1,,,,,,,,,,,,,,,,4,,,,1,,2,,,,,,,,1,,,,1,,3,,,,1,,1,,1,,1,,,,,,,,,,1,,,,,,,,,,,,,,1,,,,,,,,,,53,0,12,,4,,,,5,,2,,6,1,14,,2,,7,,8,,13,,11,,6,,15,,3,,1,,,,109,1,5,,2,,5,,6,,3,,2,,9,,5,1,2,,3,,42,1,204,2,178,121,2
25416,23465,2367,1,1646,10,Bodleian-1646-10-recto,16,February,23,February,2,,,,,,,,,,,,,,1,,2,,2,,1,,1,,1,,,,2,,,,,,,,,,,,2,,,,,,2,,,,,,,,1,,,,,,,,,,,,,,1,,,,,,,,,,1,,1,,1,,,,1,,,,,,,,1,,1,,,,,,3,,2,,,,,,,,1,,,,,,,,2,,,,,,,,,,,,3,,,,1,,,,,,,,1,,1,,,,,,2,,,,,,,,1,,1,,2,,,,,,,,,,,,,,,,2,,,,1,,,,,,1,,1,,49,0,8,,5,,1,,12,,,,,,11,,5,,6,,4,,12,,10,,7,1,18,,,,1,,,,100,1,6,,1,,13,,6,,2,,3,,15,,7,,2,,1,,56,0,205,1,149,122,1
25417,23466,2368,1,1646,11,Bodleian-1646-11-recto,23,February,2,March,1,,7,,,,1,,,,,,,,1,,,,,,,,,,1,,1,,,,,,,,,,,,,,,,,,2,,2,,,,,,,,1,,1,,1,,,,,,,,,,2,,,,,,,,,,1,,,,2,,1,,,,,,1,,2,,1,,1,,,,,,,,,,1,,1,,,,,,,,1,,,,2,,,,,,1,,,,3,,2,,,,1,,,,,,2,,2,,,,1,,1,,,,1,,1,,,,1,,,,,,,,1,,,,2,,,,1,,,,,,1,,1,,,,,,1,,,,58,0,6,,2,,1,,8,,,,,,8,,8,1,7,,,,12,2,15,,7,,10,1,1,,,,,,85,4,9,,,,7,,3,,3,,5,,7,,10,,2,,,,46,0,189,4,157,120,3
25418,23467,2369,1,1646,12,Bodleian-1646-12-recto,2,March,9,March,,,5,,,,2,,,,3,,,,,,,,1,,,,1,,,,2,,3,,2,,,,,,,,,,1,,2,,,,4,,,,,,,,4,,,,2,,2,,,,,,,,,,,,,,,,2,,,,1,,1,,,,1,,1,,,,,,,,1,,,,,,,,,,,,,,1,,,,,,2,,,,,,,,,,1,,1,,,,,,,,2,,,,,,,,3,,,,,,1,,,,,,,,1,,1,,,,,,,,1,,,,2,,,,,,1,,1,,,,1,,1,,1,,,,,,62,0,4,,1,,1,,1,,,,4,,10,,7,,5,1,6,,17,,9,,8,,10,,1,,,,,,84,1,5,,2,,3,,4,,6,,6,1,14,,12,,2,,,,53,1,199,2,159,121,2
25419,23468,2370,1,1646,13,Bodleian-1646-13-recto,9,March,16,March,,,1,,1,,1,,,,1,,,,3,,2,1,1,,1,,5,,,,,,,,1,,,,,,1,,,,2,,,,,,2,,1,,,,1,,,,,,,,,,1,,,,,,,,,,,,1,,1,,,,,,1,,,,,,,,1,,1,,,,,,,,2,,1,,1,,,,1,,,,,,,,,,,,1,,,,1,,,,,,1,,,,,,1,,,,,,,,,,1,,,,,,1,,1,,,,,,,,,,1,,1,,1,,,,1,,,,1,,,,,,,,1,,,,,,,,1,,49,1,9,,2,,,,6,,,,3,,12,,5,,5,,1,,20,1,7,1,5,,14,,2,,,,,,91,2,3,,2,,5,,5,,5,,4,,18,,11,2,3,,2,,58,,,,,,
25420,23469,2371,1,1646,14,Bodleian-1646-14-recto,16,March,23,March,,,3,,,,,,,,1,,1,,,,,,,,1,,1,,2,,1,,3,,,,,,,,,,,,,,,,2,,6,,,,,,1,,,,,,1,,,,,,,,,,1,,1,,,,,,1,,,,1,,1,,4,,1,,,,,,1,,1,,1,,,,,,,,,,1,,2,,,,,,,,,,,,2,,,,1,,1,,,,2,,,,,,1,,,,,,,,,,1,,2,,3,,,,1,,,,,,,,,,2,,,,4,,,,1,,1,,2,,1,,,,,,,,1,,,,1,,,,66,0,12,,1,,,,5,,,,3,,8,,18,1,3,,6,,10,2,13,,6,,14,,1,,2,,,,102,3,3,,3,,8,,5,,5,,1,,15,,10,,7,,,,57,,,,,,
25421,23470,2372,1,1647,15,Bodleian-1647-15-recto,23,March,30,March,1,,1,,1,,4,,,,,,,,1,,1,,,,,,2,,2,,1,,3,,,,,,1,,,,,,1,,,,,,7,,,,1,,,,1,,1,,1,,,,,,,,,,,,2,,,,3,,2,,,,,,1,,1,,,,,,,,,,,,,,,,,,,,,,,,1,,,,,,,,,,1,,,,,,2,,,,,,,,1,,1,,2,,2,,,,1,,1,,,,1,,1,,,,,,1,,,,1,,2,,1,,,,,,,,1,,,,,,,,3,,,,,,,,1,,1,,2,,66,0,11,,1,,1,,8,,,,2,,11,,4,,7,1,4,,22,3,16,,6,,13,1,3,,,,,,109,5,8,,,,14,2,,,1,,1,,13,,,,,,,,,,,,,,
25422,23471,2373,1,1647,16,Bodleian-1647-16-recto,30,March,6,April,1,,4,,,,,,,,2,,,,,,1,1,2,,1,,1,,,,1,,5,,,,,,,,1,,,,,,,,,,1,,,,,,,,2,,,,,,2,,2,1,,,,,2,,,,1,,,,,,,,,,1,,1,,,,1,,,,1,,1,,1,,,,2,,,,3,,,,,,,,,,,,,,,,1,,,,1,,,,,,1,,1,,,,1,,,,,,1,,,,,,,,,,1,,,,1,,,,,,,,1,,,,1,,,,1,,,,,,1,,,,1,,,,,,,,,,,,54,2,9,,2,,,,8,,1,,4,,11,,3,1,1,,9,,18,3,13,,11,,11,1,1,,,,,,102,5,10,1,2,,,2,,,2,,6,,10,,,,,,,,69,,225,14,,,
25423,23472,2374,1,1647,17,Bodleian-1647-17-recto,6,April,13,April,,,3,,,,3,,1,,,,,,1,,,,2,,1,,1,,1,,1,,4,,,,,,1,,,,2,,1,,,,,,,,1,,1,,1,,,,,,2,1,,,,,,,,,,,1,,1,,2,,1,,,,1,,,,1,,1,,,,,,2,,3,,1,,,,1,,2,,,,2,,,,,,,,1,,1,,,,1,,,,,,,,,,1,,,,1,,2,,,,,,1,,1,,1,,,,,,,,,,,,1,,2,,,,2,,,,1,,,,2,,,,,,,,,,,,,,1,,,,1,,,,68,1,9,,1,,,,6,,,,4,,8,1,5,,4,,4,,15,,8,,6,,7,,,,,,,,77,1,8,,2,,9,5,7,,2,,3,,12,,8,,5,,,,56,,201,9,,,
25424,23473,2375,1,1647,18,Bodleian-1647-18-recto,13,April,20,April,,,4,,,,3,,,,,,1,,1,,,,1,,2,,2,,2,,1,,2,,2,,1,,,,,,1,,,,,,1,,1,,,,,,,,1,,1,,3,1,,,,,,,,,,,,,,,,,1,,,,,,1,,,,,,1,,,,1,,2,,1,,,,1,,,,1,,1,,,,,,,,,,,,,,1,,,,,,,,,,,,1,,,,1,,,,1,,,,,,1,,,,,,1,,,,,,,,,,1,,,,1,,1,,,,,,,,1,,,,,,,,1,,,,,,,,,,51,1,12,,2,,,,5,,,,3,,11,,7,,3,,7,1,11,1,16,6,,12,,4,,,,,,,99,2,13,,3,,10,1,3,,,,6,,13,,19,2,5,,1,,73,,223,6,,,
25472,23474,2376,1,1647,19,Bodleian-1647-19-recto,20,April,27,April,,,1,,1,,,,,,,,,,,,1,,,,,,,,1,,1,,1,,1,,1,,,,,,,,,,,,,,1,,,,,,,,1,,1,,,,1,,,,,,,,,,1,,,,,,,,,,,,,,1,,,,3,,,,1,,1,,1,,,,,,1,,,,,,4,,,,,,,,,,,,,,,,,,1,,,,2,,,,,,,,,,1,,,,,,,,,,,,,,,,,,1,,,,,,1,,,,1,,,,1,,,,,,1,,,,2,,,,,,,,2,,,,38,0,6,,1,,2,,8,1,,,1,,9,,8,1,5,,,14,,,10,,5,,12,,1,,,,,,82,2,8,,2,,11,1,7,,4,,6,,8,1,13,3,,,,,60,,180,7,,,
25528,23490,2305,1,1647,35,Bodleian-1647-35-recto,10,August,17,August,,,7,3,,,5,3,,,2,,,,,,2,,,,,,3,,2,,4,3,2,,,,,,,,1,,,,,,,,,,4,,1,,,,,,1,,,,1,,1,1,,,,,1,,1,,2,1,1,,,,,,,,,,,,2,,2,,,,,,1,,,,,,2,,,,1,,,,,,,,,,1,,,,,,,,1,,3,1,,,,,,,1,1,2,,,,1,,,,1,,,,,,,,,,3,1,,,,,,,,,,,,,1,,,,,,,,,,1,,,,,,4,2,,,1,,,,,,2,,3,2,74,18,27,16,5,3,4,1,23,11,3,3,2,2,13,4,10,2,17,10,13,2,26,7,32,15,18,12,47,29,2,,,,3,3,245,120,24,14,19,14,32,19,8,2,3,,5,,76,43,26,15,3,,5,3,201,110,520,248,142,92,31
25529,23491,2306,1,1647,36,Bodleian-1647-36-recto,17,August,24,August,1,,6,2,,,4,2,,,1,,,,1,,2,,1,,1,,2,,1,,,,2,,1,,1,,,,,,,,,,,,,,2,,,,1,,,,1,,,,3,,2,,1,1,,,,,,,1,1,1,,2,,1,,,,,,,,,,,,,,1,,2,,1,,1,,,,2,,,,4,,,,1,,1,,,,,,,,1,1,,,1,,,,,,,,3,1,,,,,1,,,,,,1,1,3,1,2,,,,1,1,,,1,,1,,,,,,,,,,,,2,,,,,,,,2,1,,,1,,,,,,,,,,,,1,,73,12,18,10,3,,,,21,7,2,1,2,1,16,5,8,2,9,4,4,,30,10,25,11,16,7,34,13,1,,,,2,2,191,73,20,12,13,11,19,9,14,5,7,,8,,54,25,25,12,6,,4,2,170,76,434,161,156,95,28
25530,23492,2307,1,1647,37,Bodleian-1647-37-recto,24,August,31,August,1,1,,,,,1,,,,,,1,,2,,,,1,,1,,3,2,3,2,,,2,1,,,,,1,,,,,,1,,,,,,6,3,1,,1,,,,1,,,,,,,,,,,,,,2,2,,,1,,2,,,,,,1,1,,,1,,2,1,,,,,,,1,,,,,,3,2,,,,,,,,,,,,,,,,,3,,1,,,,,,,,1,,6,4,1,,,,5,2,,,1,,,,1,,,,,,1,1,1,,,,1,,1,1,,,,,,,3,2,1,,,,1,,1,,,,,,1,,,,2,,,,,,1,1,,,72,26,20,7,5,,,,20,12,1,1,7,3,19,3,12,3,6,6,6,2,22,6,40,23,14,6,35,21,2,,1,1,3,3,213,97,21,13,7,4,32,16,15,10,4,,8,2,48,33,20,7,6,,4,,165,85,450,208,157,88,35
25531,23493,2308,1,1647,39,Bodleian-1647-39-recto,7,September,14,September,2,1,1,,,,5,3,,,4,3,2,,2,2,2,1,,,,,2,,4,,,,,,1,1,1,1,,,,,,,1,,,,1,,6,3,,,,,,,,,2,,2,,2,,1,,,,,,4,,1,,1,,1,1,1,1,,,1,1,,,1,,1,,,,,,2,,2,,,,1,,,,1,,2,2,3,,2,,,,,,1,,,,,,3,,,,1,,3,,,,2,1,,,,,2,,,,,,3,2,1,,,,1,,2,2,1,,1,,1,,,,2,,,,2,2,1,,2,1,1,,,,,,,,,,2,1,,,1,1,1,,,,1,,1,,101,30,12,5,2,2,,,15,7,2,2,4,1,13,2,6,1,5,4,10,,21,9,39,24,20,15,41,20,2,,1,,1,1,194,93,13,7,5,1,21,13,15,9,2,1,11,3,47,21,13,4,6,2,2,,135,61,430,184,142,83,40
25567,23494,2309,1,1647,40,Bodleian-1647-40-recto,14,September,21,September,3,2,2,,,,2,1,,,3,1,,,2,,4,2,1,,1,,1,,3,,3,1,1,,3,1,,,1,,1,,,,3,1,,,,,5,1,,,,,,,2,,1,,2,1,,1,,,,,,,1,,,,,,,,,,1,,6,4,3,,1,,1,,1,,,,1,,1,,2,1,1,,,,,,2,1,1,,,,1,,1,,1,,1,,1,,3,2,,,,,1,,1,,,,,,,,2,1,1,,,,1,,3,,2,,,,,,,,2,1,,,,,,,,,1,1,,,2,,,,3,,,,3,1,,,1,,,,2,1,1,,,,1,1,4,4,105,29,14,3,4,3,,,24,13,2,2,5,2,10,1,14,3,5,2,8,5,45,20,54,32,15,10,12,27,3,,1,,6,6,252,129,14,13,5,2,32,13,13,2,5,2,6,1,37,14,16,4,7,6,1,,136,57,494,215,137,81,42
25568,23495,2310,1,1647,42,Bodleian-1647-42-recto,28,September,5,October,2,1,2,,,,1,,,,,,,,,,1,,,,,,,,3,1,1,,4,,2,,1,,1,,2,1,,,,,1,,,,2,1,,,,,,,1,,,,1,,,,3,1,,,,,,,2,,1,,,,1,,,,2,2,1,,,,1,,2,,,,5,2,1,,3,2,,,1,,,,,,2,,2,,,,,,,,,,1,,2,,,,,,1,,,,2,1,2,,,,,,,,,,2,1,1,,,,1,,,,1,,1,1,4,1,1,,,,,,1,,,,,,,,3,2,,,,,1,,,,,,3,1,,,,,2,,,,81,18,9,8,6,2,1,1,15,6,,,10,1,17,4,8,1,7,4,7,4,34,18,37,31,21,13,29,19,3,1,2,1,2,2,208,116,11,6,5,1,23,11,17,6,3,1,9,3,23,13,14,3,9,5,,,114,49,403,183,160,85,38
25569,23496,2311,1,1647,43,Bodleian-1647-43-recto,5,October,12,October,1,1,3,1,,,,,,,,,,,,,4,2,1,1,,,,,1,,2,1,2,1,,,,,1,,,,,,3,1,,,,,,,,,,,,,1,,,,1,,1,,1,,1,,1,,2,1,,,,,2,2,,,,,,,,,2,,1,,,,,,1,1,,,1,,1,1,2,,,,,,1,1,1,,,,,,1,,2,2,1,1,1,1,,,,,,,1,,5,3,,,,,1,,,,,,1,1,1,,1,1,1,,1,1,1,,1,,,,1,1,,,,,,,1,,1,1,2,,1,,,,,,,,,,2,,,,,,,,2,2,1,1,68,29,13,3,7,3,,,17,7,1,,4,3,10,2,8,2,5,3,5,2,30,14,32,19,22,17,36,20,2,1,,,2,2,194,98,7,2,5,2,18,10,11,8,2,,10,3,24,13,15,4,4,2,1,1,97,45,359,172,145,78,45
25570,23497,2312,1,1647,44,Bodleian-1647-44-recto,12,October,19,October,1,,2,1,,,1,,,,,,1,,,,2,1,,,2,,2,,2,1,,,,,,,3,1,,,,,,,2,,,,,,3,1,,,1,,,,,,1,1,,,,,,,1,,,,,,5,,1,,2,,,,,,2,1,1,,3,,2,2,1,,,,1,1,,,1,,1,,,,1,,1,,1,,,,,,,,1,,,,,,1,1,,,1,1,,,1,,3,2,,,,,1,,,,1,,,,,,1,,2,1,1,,1,1,,,2,,1,,2,2,1,,,,,,,,,,3,1,,,,,2,,,,,,2,1,,,1,,1,,2,,78,20,22,8,4,3,,,13,8,,,6,3,9,7,6,3,5,1,7,1,22,8,31,20,10,6,38,26,1,,,,3,3,177,97,7,2,3,1,15,4,16,11,3,2,17,8,22,7,16,6,12,5,1,,112,46,367,163,153,85,38
25571,23498,2313,1,1647,46,Bodleian-1647-46-recto,20,October,2,November,,,1,,1,,3,1,,,2,,,,,,2,1,,,,,1,,1,,2,2,2,,,,,,2,1,,,,,2,1,,,,,3,,,,,,,,6,,,,,,,,1,,,,,,,,,,1,,3,,2,,,,2,2,2,,1,,2,1,,,,,4,,1,,2,,,,,,3,,,,2,,,,,,,,,,,,,,3,1,,,,,,,,,,,,,,,1,1,,,,,,,1,1,,,1,,,,,,1,,,,2,,1,,,,,,,,1,,,,1,1,1,,,,,,,,,,1,1,,,,,4,1,,,72,15,10,3,7,4,2,1,10,4,,,9,4,13,3,5,,5,,6,1,13,6,22,14,20,12,30,16,3,1,1,1,,,156,70,8,5,4,2,10,2,6,4,1,,8,3,12,6,12,6,13,6,2,1,76,35,304,120,131,88,35
25572,23499,2314,1,1647,47,Bodleian-1647-47-recto,2,November,9,November,1,,3,,,,,,,,,,2,,2,,1,1,,,1,,1,,,,2,,1,,,,,,,,1,,,,1,1,1,,1,,1,,,,,,1,,1,,,,,,,,,,2,,,,1,,,,,,3,1,1,,1,,3,3,,,3,,,,,,,,2,1,,,1,,,,,,,,,,,,,,,,,,1,,,,,,3,,,,,,1,,,,,,,,2,,1,,,,,,,,,,,,1,,,,1,,2,,,,,,,,,,,,,,,,,,1,,,,,,,,,,,,2,1,1,,1,,1,1,1,,57,9,12,4,1,,,,7,,,,4,,7,3,3,1,4,,2,1,20,6,23,11,8,5,29,13,1,1,1,,3,3,125,48,8,3,3,,12,3,11,8,4,,6,3,13,4,17,5,8,1,1,,83,27,265,84,112,100,23
25573,23500,2315,1,1647,48,Bodleian-1647-48-recto,9,November,16,November,1,,,,1,,,,,,4,,,,,,1,1,,,,,2,,1,1,1,,1,,1,,,,,,,,,,,,1,,2,,2,1,2,,1,,1,,,,,,2,,,,,,,,,,3,,,,,,1,,,,,,,,,,,,,,,,,,,,,,2,,,,,,,,,,1,,3,1,2,,,,,,1,,,,2,,,,1,,2,,1,,,,,,,,2,1,,,,,5,2,1,,,,3,1,,,,,,,2,,1,,,,,,2,,,,1,,,,2,1,,,,,,,,,3,,,,,,,,,,,,65,9,13,2,2,2,1,,14,4,,,4,1,13,2,9,1,4,,6,,22,8,11,6,12,2,16,8,2,,,,2,2,131,38,8,,1,1,20,9,7,2,5,1,6,2,15,1,12,2,9,1,,,83,19,279,66,133,97,26
