Omeka Item #,DataScribe Item #,DataScribe Record #,DataScribe Record Position,Year,Week,Unique Identifier,Start Day,Start Month,End Day,End Month,St Alban Woodstreet - Buried,St Alban Woodstreet - Plague,Alhallows Barking - Buried,Alhallows Barking - Plague,Alhallows Breadstreet - Buried,Alhallows Breadstreet - Plague,Alhallows Great - Buried,Alhallows Great - Plague,Alhallows Honylane - Buried,Alhallows Honylane - Plague,Alhallows Lesse - Buried,Alhallows Lesse - Plague,Alhallows Lumbardstreet - Buried,Alhallows Lumbardstreet - Plague,Alhallows Stayning - Buried,Alhallows Stayning - Plague,Alhallows the Wall - Buried,Alhallows the Wall - Plague,St Alphage - Buried,St Alphage - Plague,St Andrew Hubbard - Buried,St Andrew Hubbard - Plague,St Andrew Undershaft - Buried,St Andrew Undershaft - Plague,St Andrew Wardrobe - Buried,St Andrew Wardrobe - Plague,St Ann Aldersgate - Buried,St Ann Aldersgate - Plague,St Ann Blackfryers - Buried,St Ann Blackfryers - Plague,St Antholins Parish - Buried,St Antholins Parish - Plague,St Austins Parish - Buried,St Austins Parish - Plague,St Bartholomew Exchange - Buried,St Bartholomew Exchange - Plague,St Bennet Fynck - Buried,St Bennet Fynck - Plague,St Bennet Gracechurch - Buried,St Bennet Gracechurch - Plague,St Bennet Paulswharf - Buried,St Bennet Paulswharf - Plague,St Bennet Sherehog - Buried,St Bennet Sherehog - Plague,St Botolph Billingsgate - Buried,St Botolph Billingsgate - Plague,Christ Church - Buried,Christ Church - Plague,St Christophers - Buried,St Christophers - Plague,St Clement Eastcheap - Buried,St Clement Eastcheap - Plague,St Dionis Backchurch - Buried,St Dionis Backchurch - Plague,St Dunstan East - Buried,St Dunstan East - Plague,St Edmund Lumbardstr. - Buried,St Edmund Lumbardstr. - Plague,St Ethelborough - Buried,St Ethelborough - Plague,St Faith - Buried,St Faith - Plague,St Foster - Buried,St Foster - Plague,St Gabriel Fenchurch - Buried,St Gabriel Fenchurch - Plague,St George Botolphlane - Buried,St George Botolphlane - Plague,St Gregory by St Pauls - Buried,St Gregory by St Pauls - Plague,St Hellen - Buried,St Hellen - Plague,St James Dukes place - Buried,St James Dukes place - Plague,St James Garlickhithe - Buried,St James Garlickhithe - Plague,St John Baptist - Buried,St John Baptist - Plague,St John Evangelist - Buried,St John Evangelist - Plague,St John Zachary - Buried,St John Zachary - Plague,St Katharine Coleman - Buried,St Katharine Coleman - Plague,St Katharine Creechurch - Buried,St Katharine Creechurch - Plague,St Lawrence Jewry - Buried,St Lawrence Jewry - Plague,St Lawrence Pountney - Buried,St Lawrence Pountney - Plague,St Leonard Eastcheap - Buried,St Leonard Eastcheap - Plague,St Leonard Fosterlane - Buried,St Leonard Fosterlane - Plague,St Magnus Parish - Buried,St Magnus Parish - Plague,St Margaret Lothbury - Buried,St Margaret Lothbury - Plague,St Margaret Moses - Buried,St Margaret Moses - Plague,St Margaret Newfishstreet - Buried,St Margaret Newfishstreet - Plague,St Margaret Pattons - Buried,St Margaret Pattons - Plague,St Mary Abchurch - Buried,St Mary Abchurch - Plague,St Mary Aldermanbury - Buried,St Mary Aldermanbury - Plague,St Mary Aldermary - Buried,St Mary Aldermary - Plague,St Mary le Bow - Buried,St Mary le Bow - Plague,St Mary Bothaw - Buried,St Mary Bothaw - Plague,St Mary Colechurch - Buried,St Mary Colechurch - Plague,St Mary Hill - Buried,St Mary Hill - Plague,St Mary Mounthaw - Buried,St Mary Mounthaw - Plague,St Mary Sommerset - Buried,St Mary Sommerset - Plague,St Mary Stayning - Buried,St Mary Stayning - Plague,St Mary Woolchurch - Buried,St Mary Woolchurch - Plague,St Mary Woolnoth - Buried,St Mary Woolnoth - Plague,St Martin Iremongerlane - Buried,St Martin Iremongerlane - Plague,St Martin Ludgate - Buried,St Martin Ludgate - Plague,St Martin Orgars - Buried,St Martin Orgars - Plague,St Martin Outwich - Buried,St Martin Outwich - Plague,St Martin Vintrey - Buried,St Martin Vintrey - Plague,St Matthew Fridaystreet - Buried,St Matthew Fridaystreet - Plague,St Maudlin Milkstreet - Buried,St Maudlin Milkstreet - Plague,St Maudlin Oldfishstreet - Buried,St Maudlin Oldfishstreet - Plague,St Michael Bassishaw - Buried,St Michael Bassishaw - Plague,St Michael Cornhil - Buried,St Michael Cornhil - Plague,St Michael Crookedlane - Buried,St Michael Crookedlane - Plague,St Michael Queenhithe - Buried,St Michael Queenhithe - Plague,St Michael Quern - Buried,St Michael Quern - Plague,St Michael Royal - Buried,St Michael Royal - Plague,St Michael Woodstreet - Buried,St Michael Woodstreet - Plague,St Mildred Breadstreet - Buried,St Mildred Breadstreet - Plague,St Mildred Poultrey - Buried,St Mildred Poultrey - Plague,St Nicholas Acons - Buried,St Nicholas Acons - Plague,St Nicholas Coleabby - Buried,St Nicholas Coleabby - Plague,St Nicholas Olaves - Buried,St Nicholas Olaves - Plague,St Olave Hartstreet - Buried,St Olave Hartstreet - Plague,St Olave Jewry - Buried,St Olave Jewry - Plague,St Olave Silverstreet - Buried,St Olave Silverstreet - Plague,St Pancras Soperlane - Buried,St Pancras Soperlane - Plague,St Peter Cheap - Buried,St Peter Cheap - Plague,St Peter Cornhil - Buried,St Peter Cornhil - Plague,St Peter Paulswharf - Buried,St Peter Paulswharf - Plague,St Peter Poor - Buried,St Peter Poor - Plague,St Steven Colemanstreet - Buried,St Steven Colemanstreet - Plague,St Steven Walbrook - Buried,St Steven Walbrook - Plague,St Swithin - Buried,St Swithin - Plague,St Thomas Apostles - Buried,St Thomas Apostles - Plague,Trinity Parish - Buried,Trinity Parish - Plague,Christened in the 97 Parishes within the Walls,Buried in the 97 Parishes within the Walls,Plague in the 97 Parishes within the Walls,St Andrew Holborn - Buried,St Andrew Holborn - Plague,St Bartholomew Great - Buried,St Bartholomew Great - Plague,St Bartholomew Less - Buried,St Bartholomew Less - Plague,St Bridget - Buried,St Bridget - Plague,Bridewel Precinct - Buried,Bridewel Precinct - Plague,St Botolph Aldersgate - Buried,St Botolph Aldersgate - Plague,St Botolph Aldgate - Buried,St Botolph Aldgate - Plague,St Botolph Bishopsgate - Buried,St Botolph Bishopsgate - Plague,St Dunstan West - Buried,St Dunstan West - Plague,St George Southwark - Buried,St George Southwark - Plague,St Giles Cripplegate - Buried,St Giles Cripplegate - Plague,St Olave Southwark - Buried,St Olave Southwark - Plague,Saviours Southwark - Buried,Saviours Southwark - Plague,S Sepulchres Parish - Buried,S Sepulchres Parish - Plague,St Thomas Southwark - Buried,St Thomas Southwark - Plague,Trinity Minories - Buried,Trinity Minories - Plague,Pesthouse Without the Walls - Buried,Pesthouse Without the Walls - Plague,Christened in the 16 Parishes without the Walls,Buried in the 16 Parishes without the Walls,Plague in the 16 Parishes without the Walls,St Giles in the Field - Buried,St Giles in the Field - Plague,Hackney Parish - Buried,Hackney Parish - Plague,St James Clerkenwel - Buried,St James Clerkenwel - Plague,St Katharine Tower - Buried,St Katharine Tower - Plague,Lambeth Parish - Buried,Lambeth Parish - Plague,St Leonard Shoreditch - Buried,St Leonard Shoreditch - Plague,St Magdalen Bermondsey - Buried,St Magdalen Bermondsey - Plague,St Mary Islington - Buried,St Mary Islington - Plague,St Mary Newington - Buried,St Mary Newington - Plague,St Mary Whitechappel - Buried,St Mary Whitechappel - Plague,St Pauls Shadwel - Buried,St Pauls Shadwel - Plague,Rothorith Parish - Buried,Rothorith Parish - Plague,Stepney Parish - Buried,Stepney Parish - Plague,Christened in the 13 out-Parishes in Middlesex and Surrey,Buried in the 13 out-Parishes in Middlesex and Surrey,Plague in the 13 out-Parishes in Middlesex and Surrey,St Clement Danes - Buried,St Clement Danes - Plague,St Paul Covent Garden - Buried,St Paul Covent Garden - Plague,St Martin in the fields - Buried,St Martin in the fields - Plague,St Mary Savoy - Buried,St Mary Savoy - Plague,St Margaret Westminster - Buried,St Margaret Westminster - Plague,Pesthouse in Westminster - Buried,Pesthouse in Westminster - Plague,Christened in the 5 Parishes in the City and Liberties of Westminster,Buried in the 5 Parishes in the City and Liberties of Westminster,Plague in the 5 Parishes in the City and Liberties of Westminster
148,129,99,1,1669,23,Wellcome-1669-23-recto,25,May,1,June,,,2,,,,,,,,,,,,1,,1,,,,,,,,,,,,,,,,,,,,,,,,,,,,,,,,,,,,,,,,,,,,,,1,,,,,,,,1,,,,,,1,,,,,,1,,1,,,,,,,,,,,,2,,,,,,1,,,,,,,,,,,,,,,,,,,,,,,,,,,,,,,,,,,,,,,,,,,,,,,,,,,,,,,,,,,,,,,,,,,,,,,,,,,,1,,,,1,,1,,,,,,,,,,9,15,0,15,,,,1,,1,,,,3,,16,,6,,1,,1,,25,,10,,9,,7,,1,,,,,,84,96,0,16,,2,,7,,6,,9,,9,,4,,5,,8,,7,,,,,,30,,78,103,0,4,,5,,11,,2,,13,,,,31,35,0
162,143,113,1,1669,37,Wellcome-1669-37-recto-form-fill,31,August,7,September,,,6,,,,2,,,,1,,,,2,,5,,1,,,,4,,,,1,,1,,,,,,,,1,,,,1,,,,,,1,,1,,,,,,,,,,5,,,,,,,,,,2,,,,,,,,,,,,,,2,,5,,,,,,,,,,2,,,,,,,,,,1,,1,,1,,,,,,,,,,,,1,,,,,,,,,,,,,,,,,,,,,,,,,,,,,,2,,,,,,,,,,1,,,,,,,,1,,,,,,,,,,,,,,,,11,,,,,,,,,,12,62,0,15,,7,,1,,4,,,,5,,24,,9,,4,,,,11,,59,,39,,19,,4,,1,,,,79,262,0,46,,8,,16,,8,,13,,15,,16,,6,,17,,35,,,,6,,81,,91,267,0,11,,2,,63,,5,,35,,,,47,116,0
166,147,117,1,1669,41,Wellcome-1669-41-recto,28,September,5,October,1,,3,,,,1,,,,,,1,,2,,3,,2,,,,,,2,,1,,1,,,,,,,,3,,,,1,,,,,,2,,1,,,,,,4,,,,,,,,1,,,,,,2,,4,,1,,,,,,,,,,4,,3,,,,1,,,,,,,,,,,,,,,,1,,,,,,,,,,,,,,,,,,,,,,1,,,,1,,,,1,,,,,,,,,,,,,,1,,2,,,,,,,,3,,,,2,,,,,,2,,,,,,,,,,4,,1,,3,,6,,,,1,,1,,,,13,73,0,31,,9,,3,,9,,,,4,,22,,18,,4,,8,1,52,,20,,21,,17,,2,,1,,,,98,221,1,28,,7,,14,,5,,11,,15,,18,,7,,5,,27,,,,2,,43,,91,182,0,14,,7,,38,,4,,14,,,,62,77,0
168,149,119,1,1669,43,Wellcome-1669-43-recto,12,October,19,October,,,3,,,,1,,,,,,,,2,,2,,,,,,4,,,,,,1,,,,,,1,,,,,,,,,,,,3,,1,,,,1,,1,,,,,,,,,,,,,,3,,,,3,,,,,,,,,,,,3,,,,,,,,,,1,,1,,,,,,,,,,,,1,,,,1,,,,,,,,,,,,,,,,,,,,,,,,,,,,,,,,1,,,,,,,,,,,,,,,,,,,,,,1,,1,,1,,,,,,,,1,,,,3,,3,,,,,,,,,,15,44,0,21,,,,,,5,,,,11,,25,,11,,2,,5,,33,,20,,26,,25,,2,,,,,,90,186,0,27,,4,,8,,4,,13,,14,,14,1,6,,12,,32,,,,5,,45,,85,184,1,6,,1,,28,,2,,22,,,,59,59,0
169,150,120,1,1669,44,Wellcome-1669-44-recto,19,October,26,October,,,3,,,,1,,,,,,,,,,4,,4,,,,3,,,,,,,,,,,,,,,,,,,,,,,,1,,1,,,,,,,,,,1,,,,1,,,,,,1,,1,,,,1,,,,,,,,1,,1,,3,,,,,,,,2,,,,,,,,,,,,,,,,,,,,,,1,,,,,,,,,,,,,,,,,,1,,,,,,,,,,,,1,,,,1,,,,,,,,,,,,,,,,,,2,,,,,,,,1,,1,,,,3,,,,,,1,,,,,,14,41,0,25,,5,,2,,1,,,,8,,20,,17,,5,,10,,30,,20,,17,,18,,1,,,,,,76,179,0,13,,1,,7,,3,,8,,16,,6,,7,,11,1,28,,,,,,45,,91,145,1,9,,3,,25,,2,,17,,,,46,56,0
280,159,129,1,1669,1,Wellcome-1669-01-recto,21,December,28,December,,,2,,,,,,,,,,,,1,,4,,1,,,,,,1,,,,,,,,,,1,,,,,,2,,1,,,,2,,,,,,,,,,,,,,,,,,,,,,1,,2,,,,1,,,,,,1,,2,,1,,,,,,,,,,,,,,,,,,,,,,2,,,,,,,,,,,,,,,,,,,,,,,,,,,,,,,,,,,,,,1,,,,,,,,,,,,,,,,,,,,,,,,,,,,,,,,,,1,,,,,,4,,,,,,,,,,11,31,0,17,,3,,,,3,,,,5,,11,,13,,7,,10,,43,,17,,18,,17,,1,,,,,,81,165,0,20,,2,,8,,3,,8,,7,,6,,3,,8,,29,,,,,,42,,63,136,0,7,,3,,43,,5,,22,,,,45,80,0
281,160,130,1,1669,2,Wellcome-1669-02-recto,28,December,4,January,,,2,,,,1,,,,,,1,,3,,2,,,,,,2,,,,2,,,,,,,,,,,,1,,,,,,,,,,1,,,,,,1,,,,,,1,,1,,,,,,,,2,,2,,1,,,,,,,,1,,3,,4,,,,,,,,,,,,,,,,,,,,,,,,,,,,,,,,,,,,,,,,,,,,,,,,,,,,,,,,,,1,,,,3,,,,,,,,,,,,,,,,2,,,,2,,,,,,,,,,1,,,,3,,5,,,,,,,,,,16,48,0,23,,4,,,,5,,,,8,,11,,11,,8,,13,,36,,19,,22,,26,,,,1,,,,91,187,0,36,,3,,8,,8,,6,,19,,,,3,,7,,30,,,,,,46,,61,166,0,,,3,,52,,4,,23,,,,43,90,0
282,161,131,1,1669,3,Wellcome-1669-03-recto,4,January,11,January,,,,,,,,,1,,,,,,2,,,,,,,,,,1,,,,2,,,,,,,,,,1,,,,,,,,,,,,,,1,,2,,,,2,,,,,,,,,,,,2,,1,,,,1,,,,,,2,,2,,1,,,,,,,,1,,1,,,,,,,,,,,,1,,,,,,,,,,,,,,,,,,,,,,,,,,,,2,,,,,,,,1,,,,,,,,,,,,,,,,,,1,,,,,,2,,,,,,,,,,,,,,1,,,,,,1,,,,,,16,32,0,19,,3,,3,,3,,,,7,,19,,13,,6,,16,,29,,27,,12,,14,,,,,,,,99,171,0,26,,3,,8,,8,,8,,10,,24,,4,,6,,20,,,,8,,45,,103,170,0,12,,3,,43,,2,,27,,,,49,87,0
283,162,132,1,1669,4,Wellcome-1669-04-recto,11,January,18,January,,,2,,1,,,,,,,,1,,,,1,,,,,,2,,,,1,,,,,,,,,,,,1,,1,,,,,,2,,,,,,,,,,,,1,,1,,1,,,,,,,,,,,,,,,,,,,,,,1,,,,,,,,,,,,,,,,,,,,,,1,,1,,1,,,,,,,,,,1,,,,,,,,,,,,,,,,1,,,,,,,,,,1,,,,,,,,,,,,,,,,2,,,,,,,,1,,,,,,,,,,,,,,4,,2,,,,,,,,15,31,0,16,,,,1,,4,,,,2,,12,,6,,3,,5,,23,,21,,14,,13,,,,,,,,77,119,0,26,,,,9,,4,,5,,9,,6,,3,,5,,18,,,,1,,24,,78,110,0,9,,2,,29,,1,,17,,,,57,58,0
284,163,133,1,1669,5,Wellcome-1669-05-recto,18,January,25,January,,,1,,,,,,,,,,,,1,,,,1,,,,,,,,1,,1,,,,,,2,,,,,,1,,,,,,1,,,,,,,,2,,,,3,,,,,,,,,,,,1,,1,,,,,,,,,,3,,,,,,,,,,,,1,,,,,,,,,,,,,,,,1,,,,,,,,,,,,,,,,,,,,,,,,1,,,1,,,,,,,1,,,,,,,,,,,,,,,,2,,,,1,,,,1,,,,,,,,,,,,,,,,2,,,,,,,,,,8,30,0,16,,3,,,,1,,1,,3,,10,,6,,2,,3,,30,,21,,15,,9,,1,,,,,,104,121,0,34,,,,7,,6,,6,,10,,4,,,,4,,25,,,,3,,26,,76,125,0,8,,1,,23,,1,,12,,,,46,45,0
285,164,134,1,1669,6,Wellcome-1669-06-recto,25,January,1,February,2,,2,,,,1,,,,,,,,2,,5,,,,,,,,,,,,2,,,,,,,,,,,,,,,,,,1,,,,,,,,1,,,,1,,,,1,,,,,,1,,,,1,,,,,,,,,,3,,1,,1,,,,,,,,1,,,,,,,,,,,,1,,,,,,,,,,,,,,,,1,,,,,,,,,,,,,,1,,,,,,,,,,,,,,,,,,,,,,,,,,,,,,,,3,,,,,,,,1,,2,,,,1,,2,,,,,,1,,,,14,40,0,22,,4,,,,2,,,,3,,15,,6,,3,,8,,29,,15,,19,,11,,1,,,,,,102,138,0,15,,4,,8,,4,,6,,4,,13,,5,,3,,18,,,,2,,25,,90,107,0,13,,4,,39,,3,,12,,,,52,71,0
286,165,136,1,1669,7,Wellcome-1669-07-recto,1,February,8,February,,,1,,2,,,,,,1,,,,,,2,,,,,,1,,,,,,,,,,,,,,,,,,1,,,,,,1,,,,,,,,,,,,,,,,1,,,,,,1,,3,,1,,2,,,,,,,,1,,2,,,,,,,,,,,,1,,,,,,,,,,1,,,,,,,,,,,,,,,,,,,,1,,,,,,,,,,1,,,,,,,,1,,4,,1,,2,,,,,,,,,,1,,,,,,,,,,,,,,,,,,,,,,,,4,,,,,,,,,,23,39,0,16,,3,,1,,3,,,,1,,15,,10,,4,,6,,35,,30,,22,,24,,1,,,,,,89,171,0,33,,1,,6,,2,,9,,10,,8,,1,,6,,18,,,,4,,33,,87,131,0,12,,4,,28,,2,,25,,,,50,71,0
287,166,137,1,1669,8,Wellcome-1669-08-recto,8,February,15,February,2,,3,,1,,,,,,,,,,1,,4,,,,,,1,,1,,2,,,,,,,,,,,,,,,,,,,,1,,,,,,1,,2,,,,,,,,1,,,,,,1,,1,,1,,,,,,,,,,1,,1,,,,,,,,,,,,1,,,,,,,,,,1,,,,,,,,,,,,,,,,,,,,,,,,,,,,1,,3,,,,,,,,1,,,,,,,,,,,,,,,,,,,,,,,,,,,,,,,,,,1,,,,,,3,,,,,,,,,,9,36,0,25,,2,,,,3,,1,,3,,32,,4,,6,,4,,41,,31,,21,,13,,,,1,,,,107,187,0,21,,3,,9,,4,,6,,8,,8,,1,,7,,22,,,,2,,32,,90,123,0,10,,4,,55,,3,,28,,,,47,100,0
288,167,138,1,1669,9,Wellcome-1669-09-recto,15,February,22,February,4,,,,,,,,,,1,,,,1,,2,,,,,,3,,,,,,,,,,,,2,,,,1,,,,1,,,,2,,,,,,,,,,,,1,,,,3,,,,4,,1,,3,,1,,,,,,,,,,2,,2,,1,,,,1,,,,,,1,,,,,,,,,,,,,,,,,,,,2,,,,,,,,,,,,,,,,,,1,,2,,,,,,,,,,1,,,,2,,,,,,,,,,1,,,,,,,,1,,,,,,,,,,3,,,,1,,5,,,,2,,,,,,14,60,0,19,,3,,1,,6,,,,6,,15,,8,,5,,7,,34,,21,,22,,9,,1,,,,,,100,157,0,15,,2,,7,,3,,6,,10,,10,,4,,9,,22,,,,4,,38,,90,130,0,8,,7,,38,,1,,26,,,,53,80,0
289,168,139,1,1669,10,Wellcome-1669-10-recto,22,February,1,March,,,,,2,,1,,,,,,,,1,,2,,,,,,1,,,,1,,,,,,,,,,1,,,,,,,,,,1,,1,,,,,,1,,,,1,,,,,,,,,,1,,,,1,,,,,,,,,,1,,3,,,,,,,,,,2,,,,,,,,,,,,,,,,,,,,,,,,,,,,,,,,,,,,,,,,,,1,,,,,,,,1,,1,,,,,,,,,,,,,,1,,,,,,,,,,,,,,2,,,,1,,,,2,,1,,,,,,,,,,12,31,0,19,,3,,3,,3,,,,4,,15,,12,,7,,7,,32,,25,,18,,13,,2,,,,,,83,163,0,29,,2,,5,,4,,4,,11,,7,,,,7,,21,,,,,,37,,109,127,0,16,,2,,35,,1,,17,,,,61,71,0
290,169,140,1,1669,11,Wellcome-1669-11-recto-form-fill,1,March,8,March,2,,,,2,,1,,,,,,,,,,1,,2,,,,2,,,,,,2,,,,,,1,,,,,,,,,,,,1,,1,,,,2,,2,,,,,,,,,,,,1,,1,,2,,,,2,,,,,,,,,,2,,,,,,,,,,,,,,,,,,,,1,,,,,,,,,,,,,,,,2,,,,,,1,,,,,,,,1,,,,,,,,,,,,,,,,,,,,,,,,,,,,2,,,,1,,1,,,,,,,,,,1,,,,,,4,,,,1,,,,,,20,43,0,20,,4,,3,,3,,1,,7,,24,,9,,6,,7,,39,,35,,23,,11,,,,2,,,,103,194,0,27,,1,,8,,6,,4,,8,,7,,2,,4,,20,,,,3,,36,,101,126,0,14,,5,,34,,3,,24,,,,76,80,0
291,170,141,1,1669,12,Wellcome-1669-12-recto-form-fill,8,March,15,March,1,,,,,,1,,,,,,,,1,,,,,,,,2,,1,,,,,,,,,,,,,,,,,,,,,,,,,,,,,,2,,,,1,,1,,,,,,1,,1,,,,1,,1,,,,,,,,1,,2,,,,,,,,,,,,1,,,,,,,,2,,1,,,,,,,,,,,,,,,,,,,,,,,,,,,,,,,,,,,,,,,,,,,,2,,,,,,,,1,,,,,,,,,,1,,,,,,,,,,1,,,,,,,,,,,,,,1,,20,27,0,21,,2,,3,,3,,,,1,,19,,11,,3,,5,,30,,16,,20,,17,,1,,,,,,109,152,0,31,,5,,6,,6,,,,13,,8,,2,,2,,22,,,,,,29,,93,124,0,12,,3,,39,,3,,13,,,,60,70,0
292,171,142,1,1669,13,Wellcome-1669-13-recto-form-fill,15,March,22,March,,,1,,,,1,,,,,,,,1,,2,,,,,,,,,,2,,1,,,,,,,,1,,,,,,,,,,,,,,,,,,1,,,,,,,,,,,,,,,,,,,,,,,,,,,,3,,,,,,1,,,,,,,,,,,,,,,,,,1,,,,,,,,,,,,,,1,,,,,,,,,,,,,,1,,1,,,,,,,,,,,,,,1,,,,,,,,1,,1,,,,,,,,,,,,,,,,,,,,,,,,3,,,,2,,,,,,11,26,0,16,,1,,1,,6,,,,4,,26,,12,,,,9,,21,,16,,16,,13,,2,,1,,,,87,144,0,29,,2,,4,,7,,6,,12,,8,,1,,7,,24,,,,3,,40,,83,143,0,18,,6,,35,,2,,16,,,,59,87,0
293,172,143,1,1670,14,Wellcome-1670-14-recto,22,March,29,March,,,3,,,,,,,,,,,,,,,,,,,,4,,,,,,1,,,,,,,,,,,,,,,,,,2,,,,,,,,1,,,,1,,,,1,,,,,,,,,,1,,,,,,,,,,2,,,,1,,,,,,,,,,,,,,,,,,,,,,1,,,,,,,,,,,,,,,,,,,,,,2,,,,,,1,,,,,,1,,,,,,,,1,,,,,,,,,,,,,,,,,,1,,,,,,,,,,,,,,,,4,,,,,,,,,,19,28,0,35,,1,,,,1,,,,3,,20,,11,,3,,4,,41,,16,,15,,12,,,,1,,,,88,163,0,24,,,,10,,10,,5,,6,,7,,3,,6,,14,,,,1,,44,,93,130,0,19,,1,,37,,2,,17,,,,51,76,0
294,173,144,1,1670,15,Wellcome-1670-15-recto,29,March,5,April,,,3,,,,,,,,,,,,,,2,,1,,,,2,,,,,,1,,,,,,2,,,,,,,,,,,,,1,,,,,,,1,,2,,3,,,,,,,,,,,,,,2,,1,,,,,,,,1,,3,,,,,,,,,,1,,,,,,,,,,1,,,,,,1,,,,,,,,,,,,,,,,1,,,,,,,,,,,,2,,,,,,,,1,,,,,,,,1,,,,,,,,,,,,,,,,,,,,,,1,,,,,,,,,,,,,,,,,,20,35,0,18,,3,,,,1,,,,5,,14,,8,,4,,7,,22,,21,,21,,14,,,,1,,,,75,135,0,28,,3,,2,,6,,7,,5,,2,,3,,8,,16,,,,2,,36,,77,118,0,11,,3,,38,,,,24,,,,39,81,0
145,127,96,1,1669,21,Wellcome-1669-21-recto,11,May,18,May,1,,,,,,1,,,,,,,,,,,,1,,,,1,,,,,,,,,,,,,,,,,,,,,,,,2,,,,,,,,,,,,2,,,,,,,,,,,,3,,1,,,,,,,,,,2,,1,,,,,,,,,,,,,,,,,,,,,,,,,,,,,,,,,,,,,,,,,,,,,,1,,,,,,,,,,,,,,,,1,,,,,,,,,,,,,,,,,,,,,,1,,,,,,,,,,2,,,,,,1,,,,,,,,,,11,22,0,11,,3,,,,3,,,,5,,9,,5,,3,,3,,24,,6,,15,,7,,,,1,,,,77,95,0,14,,4,,5,,6,,3,,8,,4,,2,,4,,17,,,,1,,32,,84,97,0,11,,2,,17,,2,,15,,,,43,47,0
147,128,98,1,1669,22,Wellcome-1669-22-recto,18,May,25,May,1,,1,,,,,,,,,,,,,,1,,1,,,,,,,,1,,2,,,,,,,,,,,,,,,,,,,,,,,,,,3,,,,,,,,,,,,,,,,1,,,,,,,,,,,,2,,1,,1,,,,,,,,,,,,,,,,,,2,,1,,,,,,,,,,,,,,,,,,,,,,,,,,,,,,,,,,,,,,,,,,,,,,,,,,,,,,,,,,,,,,2,,1,,,,,,,,,,,,,,1,,,,,,,,,,11,23,0,10,,,,,,,,,,5,,16,,5,,6,,2,,18,,13,,8,,6,,2,,3,,,,90,94,0,9,,3,,10,,15,,1,,10,,6,,2,,6,,16,,,,2,,25,,93,103,0,10,,,,2,,1,,5,,,,43,49,0
149,130,100,1,1669,24,Wellcome-1669-24-recto,1,June,8,June,,,2,,,,,,,,,,,,,,2,,1,,,,,,,,,,,,,,,,,,1,,,,,,,,,,2,,,,,,,,1,,,,,,,,,,,,,,,,,,,,,,,,,,,,,,1,,1,,,,,,,,,,,,,,,,,,1,,,,,,,,,,,,,,,,,,,,,,,,,,,,,,,,,,,,,,,,,,,,,,,,,,,,,,,,,,,,,,,,,,,,,,,,,,,,,,,,,,,,,,,,,,12,15,0,12,,2,,,,,,,,3,,15,,7,,4,,7,,26,,9,,12,,10,,,,,,,,84,107,0,12,,1,,5,,2,,6,,9,,4,,,,5,,11,,,,2,,17,,82,74,0,10,,2,,14,,4,,14,,,,40,44,0
150,131,101,1,1669,25,Wellcome-1669-25-recto,8,June,15,June,,,4,,,,,,,,,,,,,,1,,1,,,,,,1,,,,,,,,1,,,,,,,,,,,,,,,,,,,,,,3,,,,,,,,,,,,,,,,1,,1,,,,,,,,,,2,,,,,,,,,,,,,,,,,,,,,,,,1,,,,,,,,,,,,,,,,,,,,,,,,,,,,,,,,,,,,,,,,,,,,,,,,,,,,,,1,,1,,,,,,,,,,,,,,,,,,,,,,,,,,,,,,,,9,19,0,13,,,,,,,,,,3,,9,,6,,3,,,,23,,10,,9,,4,,,,1,,,,94,81,0,12,,2,,4,,7,,2,,3,,1,,2,,2,,11,,,,,,22,,90,68,0,9,,3,,16,,3,,11,,,,58,42,0
151,132,102,1,1669,26,Wellcome-1669-26-recto,15,June,22,June,,,,,,,,,,,,,1,,,,1,,,,,,2,,1,,,,,,,,,,,,1,,,,,,,,,,,,,,,,,,,,,,,,,,,,,,,,,,,,1,,,,,,,,,,,,,,1,,,,,,,,,,,,,,,,,,,,,,,,,,,,,,,,,,,,,,,,,,,,,,,,,,,,,,,,,,,,1,,1,,,,,,,,,,,,1,,,,,,,,,,,,,,,,,,1,,,,2,,3,,,,,,,,1,,13,18,0,15,,2,,,,3,,,,6,,13,,10,,3,,3,,30,,12,,11,,10,,,,1,,,,90,119,0,10,,3,,4,,,,5,,12,,9,,4,,3,,22,,,,1,,37,,77,110,0,9,,2,,17,,7,,18,,,,41,47,0
152,133,103,1,1669,27,Wellcome-1669-27-recto,22,June,29,June,,,4,,,,1,,,,,,,,1,,2,,,,,,1,,1,,,,,,,,,,1,,,,,,,,,,,,,,,,,,,,1,,,,1,,,,,,,,,,,,,,1,,,,,,,,,,1,,,,1,,,,,,,,,,,,,,,,,,,,,,,,,,,,,,,,,,,,,,,,,,,,,,,,,,,,,,,,,,,,,,,,,,,,,,,,,,,,,,,,,,,,,,,,,,,,1,,,,1,,1,,1,,1,,,,,,19,22,0,15,,,,,,1,,,,3,,22,,11,,,,1,,24,,15,,14,,6,,2,,1,,,,70,115,0,19,,,,5,,5,,2,,11,,9,,2,,,,11,,,,1,,40,,87,105,0,7,,4,,16,,1,,13,,,,38,41,0
153,134,104,1,1669,28,Wellcome-1669-28-recto,29,June,6,July,,,4,,,,,,,,,,2,,,,1,,,,,,2,,,,,,,,,,,,,,,,,,4,,,,,,2,,,,,,,,1,,,,,,,,,,,,,,,,,,,,,,,,,,,,1,,2,,1,,,,,,,,,,,,,,,,,,,,,,1,,,,,,,,,,,,,,,,,,,,,,2,,,,,,,,,,,,,,,,,,,,2,,,,,,,,,,,,,,,,,,,,,,,,,,,,,,,,,,2,,,,,,,,,,13,27,0,17,,2,,,,1,,,,4,,20,,12,,3,,4,,33,,23,,18,,7,,2,,,,,,86,146,0,12,,2,,5,,9,,7,,17,,9,,3,,3,,24,,,,1,,47,,86,139,0,5,,1,,27,,,,20,,,,37,53,0
155,136,106,1,1669,30,Wellcome-1669-30-recto,13,July,20,July,,,1,,,,,,,,,,,,,,2,,,,,,1,,,,,,1,,,,,,3,,,,,,,,,,,,1,,,,,,,,1,,,,,,,,,,,,,,1,,,,,,,,,,,,,,,,1,,1,,,,,,,,,,,,,,,,,,,,,,,,,,,,,,,,,,1,,,,,,,,,,,,,,1,,,,,,,,,,,,,,,,,,,,,,,,,,,,,,1,,,,1,,,,,,,,,,1,,,,3,,3,,,,,,,,,,7,24,0,24,,1,,,,2,,,,2,,16,,14,,1,,2,,22,,20,,9,,14,,,,,,,,80,127,0,23,,3,,11,,7,,7,,18,,8,,6,,6,,22,,,,3,,64,,75,178,0,11,,4,,29,,3,,13,,,,53,60,0
156,137,107,1,1669,31,Wellcome-1669-31-recto,20,July,27,July,,,2,,1,,,,,,,,1,,1,,1,,,,4,,,,,,,,,,,,,,,,,,,,,,,,,,,,,,,,,,1,,,,,,1,,1,,,,,,,,1,,2,,,,,,,,,,,,3,,1,,,,,,,,,,,,,,,,,,,,,,,,,,,,,,,,,,,,,,,,,,,,,,,,,,,,,,,,,,,,,,,,,,,,,,,,,,,,,,,,,,,,,,,,,,,,1,,,,1,,1,,,,2,,,,,,10,25,0,16,,1,,1,,1,,,,6,,10,,11,,,,3,,34,,15,,13,,17,,3,,,,,,75,131,0,23,,2,,6,,4,,13,,19,,8,,5,,7,,23,,,,2,,50,,98,162,0,12,,1,,20,,2,,15,,,,41,50,0
157,138,108,1,1669,32,Wellcome-1669-32-recto,17,July,3,August,,,,,,,1,,,,,,1,,2,,1,,2,,,,1,,,,,,1,,,,,,,,,,,,,,,,,,,,,,,,,,1,,,,2,,1,,,,,,,,,,1,,,,,,,,,,,,1,,2,,,,,,,,,,,,,,,,,,,,,,,,,,,,,,,,,,,,,,2,,,,,,,,,,,,1,,,,,,,,,,,,2,,,,2,,,,,,,,,,1,,,,,,,,2,,,,,,,,,,1,,,,,,2,,,,,,,,,,9,31,0,16,,1,,1,,,,,,3,,18,,9,,12,,1,,26,,10,,14,,12,,2,,2,,,,85,117,0,17,,2,,7,,5,,6,,18,,10,,4,,7,,22,,,,3,,35,,92,136,0,11,,2,,26,,1,,16,,,,47,56,0
158,139,109,1,1669,33,Wellcome-1669-33-recto,3,August,10,August,,,2,,1,,1,,,,,,,,,,,,,,,,2,,,,,,,,,,,,,,,,,,,,,,,,2,,,,,,,,1,,,,1,,,,,,,,,,,,,,,,,,,,,,,,1,,1,,1,,,,,,,,1,,1,,,,,,,,,,1,,1,,,,,,,,2,,,,,,,,,,,,,,,,,,,,,,,,,,,,1,,,,,,,,,,,,,,1,,,,,,1,,,,1,,1,,,,,,,,,,,,,,2,,,,1,,,,,,11,27,0,20,,1,,1,,,,,,11,,19,,11,,1,,6,,29,,19,,19,,11,,,,,,,,97,150,0,26,,4,,15,,5,,8,,16,,16,,3,,13,,31,,,,4,,49,,91,190,0,12,,2,,32,,5,,19,,,,39,70,0
159,140,110,1,1669,34,Wellcome-1669-34-recto,10,August,17,August,,,4,,,,,,,,,,,,,,4,,1,,,,,,3,,,,,,,,,,,,,,,,,,,,,,1,,,,,,1,,1,,,,,,,,1,,,,,,1,,1,,,,,,,,,,,,4,,2,,2,,,,,,,,,,,,,,,,1,,,,,,,,,,,,,,,,,,,,,,,,,,,,,,,,1,,,,,,,,,,,,,,,,,,,,,,,,1,,1,,,,,,,,2,,,,,,,,,,1,,,,1,,5,,,,,,,,,,11,39,0,14,,6,,,,3,,,,6,,28,,12,,5,,9,,43,,12,,19,,11,,1,,,,,,85,169,0,28,,6,,14,,9,,7,,27,,16,,5,,8,,27,,,,4,,75,,93,216,0,16,,4,,33,,3,,20,,,,48,76,0
160,141,111,1,1669,35,Wellcome-1669-35-recto,17,August,24,August,,,1,,,,1,,,,,,,,2,,4,,,,,,2,,,,,,1,,,,,,1,,,,,,,,,,,,3,,,,,,1,,,,,,,,,,,,,,,,,,1,,2,,,,,,,,1,,1,,2,,1,,,,1,,,,,,1,,,,,,2,,,,,,2,,,,,,,,1,,,,,,,,,,,,,,,,,,,,,,,,,,,,,,,,,,,,,,,,,,,,,,,,,,,,1,,,,,,,,,,,,,,,,3,,,,,,,,,,8,35,0,21,,2,,2,,2,,,,4,,17,,8,,5,,8,,42,,22,,28,,15,,3,,,,,,95,179,0,19,,10,,19,,6,,6,,30,,11,,7,,6,,17,,,,,,64,,93,195,0,16,,,,34,,3,,18,,,,49,73,0
161,142,112,1,1669,36,Wellcome-1669-36-recto,24,August,31,August,,,7,,,,,,,,,,,,2,,,,,,,,1,,,,3,,3,,,,,,,,,,,,1,,,,,,1,,,,,,,,,,,,1,,1,,1,,,,,,1,,,,3,,,,,,,,,,1,,2,,1,,,,,,,,1,,1,,,,,,,,1,,2,,,,1,,,,,,,,,,1,,,,,,,,,,,,,,,,,,,,,,1,,,,1,,,,,,,,,,1,,2,,1,,,,,,,,1,,,,,,,,,,,,,,1,,2,,,,,,,,,,12,46,0,34,,2,,,,9,,,,16,,25,,22,,4,,9,,56,,28,,29,,19,,2,,1,,,,101,256,0,47,,4,,21,,13,,10,,31,,22,,2,,13,,27,,,,2,,74,,99,266,0,24,,1,,46,,4,,22,,,,58,97,0
163,144,114,1,1669,38,Wellcome-1669-38-recto,7,September,14,September,,,2,,,,1,,,,,,,,,,5,,1,,,,3,,2,,2,,,,,,,,1,,,,,,,,,,,,3,,,,,,,,2,,,,,,1,,,,,,,,,,1,,2,,,,,,,,,,,,2,,,,1,,,,,,,,,,,,,,,,,,1,,,,,,,,,,1,,,,1,,,,,,,,,,,,,,,,,,,,,,,,1,,,,,,3,,,,,,,,,,,,,,2,,,,3,,,,,,,,,,1,,,,1,,2,,,,,,,,,,21,48,0,40,,3,,,,5,,1,,9,,19,,18,,6,,13,,40,,33,,20,,18,,1,,2,,,,87,228,0,24,,4,,18,,7,,15,,25,,23,,9,,11,,31,,,,5,,87,,101,259,0,18,,4,,38,,3,,21,,,,51,84,0
164,145,115,1,1669,39,Wellcome-1669-39-recto,14,September,21,September,,,4,,,,1,,,,,,1,,1,,1,,,,,,,,,,2,,3,,,,,,1,,,,,,,,,,,,2,,,,,,,,1,,,,,,,,1,,,,,,,,3,,1,,,,1,,,,,,,,2,,,,,,,,,,,,1,,,,,,,,2,,,,,,1,,,,,,,,,,,,,,,,,,,,,,,,1,,,,1,,,,,,,,,,1,,1,,,,,,,,1,,1,,,,,,,,2,,,,,,,,,,1,,,,1,,4,,,,,,,,,,17,43,0,39,,4,,,,5,,,,13,,15,,16,,2,,3,,44,,19,,25,,25,,,,3,,,,88,213,0,17,,3,,8,,5,,13,,26,,9,,4,,15,,34,,,,3,,49,,84,186,0,16,,11,,30,,1,,24,,,,59,82,0
165,146,116,1,1669,40,Wellcome-1669-40-recto,21,September,28,September,,,2,,2,,1,,,,,,,,1,,3,,2,,,,,,2,,,,2,,,,,,2,,,,,,2,,,,,,,,1,,,,,,1,,,,3,,,,2,,1,,,,,,5,,2,,,,,,,,,,,,2,,2,,,,,,,,,,1,,,,,,,,,,,,3,,3,,1,,,,2,,,,1,,,,,,,,,,,,1,,1,,,,,,,,,,2,,2,,1,,2,,,,,,,,,,1,,,,,,,,1,,,,,,,,,,,,,,2,,3,,,,1,,,,,,11,63,0,19,,4,,2,,4,,,,13,,26,,14,,5,,13,,47,,25,,22,,24,,5,,,,,,79,223,0,28,,6,,16,,3,,16,,26,,19,,6,,8,,19,,,,4,,69,,73,220,0,9,,3,,30,,1,,21,,,,44,64,0
167,148,118,1,1669,42,Wellcome-1669-42-recto,5,October,12,October,,,3,,,,1,,,,,,,,,,2,,,,,,1,,5,,,,2,,,,1,,1,,,,,,,,,,,,2,,,,,,,,4,,,,1,,,,2,,,,,,,,1,,,,,,,,,,,,1,,4,,1,,,,,,,,1,,3,,,,,,,,,,1,,,,1,,,,,,,,,,1,,,,,,1,,,,1,,1,,3,,,,,,,,,,,,,,3,,1,,,,,,,,,,1,,1,,,,1,,2,,1,,,,,,,,,,,,1,,2,,,,,,,,,,11,58,0,24,,4,,,,6,,,,4,,18,,25,,2,,15,,49,,33,,25,,23,,1,,,,,,108,229,0,23,,3,,10,,1,,9,,25,,14,,5,,8,,24,,,,1,,47,,84,171,0,13,,1,,31,,3,,12,,,,46,60,0
170,151,121,1,1669,45,Wellcome-1669-45-recto,26,October,2,November,,,1,,,,,,,,,,,,,,2,,,,,,,,2,,,,1,,,,,,1,,,,,,,,,,,,,,,,,,,,,,,,,,1,,,,,,,,1,,1,,2,,,,,,,,,,,,1,,,,,,,,,,2,,,,,,,,,,1,,,,1,,1,,1,,,,,,,,1,,,,,,2,,,,,,,,1,,,,,,,,,,,,,,,,,,,,,,,,2,,,,,,,,,,1,,,,,,,,,,1,,,,2,,3,,,,1,,,,,,8,33,0,19,,1,,1,,4,,,,2,,17,,13,,6,,8,,31,,27,,20,,20,,2,,,,,,85,171,0,20,,,,7,,5,,5,,14,,9,,2,,7,,18,,,,,,29,,74,116,0,6,,2,,29,,,,15,,,,45,52,0
171,152,122,1,1669,46,Wellcome-1669-46-recto,2,November,9,November,,,2,,,,2,,,,,,,,1,,,,1,,,,2,,1,,,,,,,,,,,,,,,,,,,,,,1,,,,,,,,,,,,1,,,,,,,,,,,,1,,2,,,,,,,,1,,1,,2,,,,,,,,,,,,,,,,,,,,,,,,,,1,,,,,,,,,,1,,,,,,,,,,1,,,,1,,,,1,,,,,,,,,,,,1,,,,,,,,,,,,1,,,,,,,,,,,,,,,,,,,,1,,1,,1,,,,,,1,,14,29,0,15,,1,,1,,1,,,,5,,18,,8,,2,,4,,24,,17,,13,,13,,1,,,,,,94,123,0,27,,2,,6,,5,,4,,13,,5,,7,,8,,13,,,,1,,34,,88,125,0,9,,2,,27,,1,,18,,,,41,57,0
172,153,123,1,1669,47,Wellcome-1669-47-recto,9,November,16,November,1,,4,,,,1,,,,,,1,,1,,,,,,,,,,,,,,1,,,,,,1,,,,,,,,,,,,1,,,,,,1,,1,,,,,,,,,,,,,,,,1,,,,,,2,,,,,,2,,,,,,,,,,,,,,,,,,,,,,,,,,,,,,,,,,,,,,3,,,,,,3,,,,,,,,,,,,,,,,,,,,,,,,,,,,,,1,,,,,,,,,,,,2,,,,,,,,,,1,,,,,,4,,,,,,,,,,12,32,0,13,,3,,,,5,,,,4,,15,,7,,4,,8,,15,,20,,21,,14,,,,,,,,88,129,0,14,,4,,7,,1,,5,,15,,6,,3,,8,,16,,,,3,,24,,94,106,0,9,,2,,18,,,,10,,,,49,39,0
173,154,124,1,1669,48,Wellcome-1669-48-recto,16,November,23,November,,,1,,,,1,,,,,,,,1,,4,,,,,,,,,,1,,,,,,,,,,,,,,,,,,,,,,,,,,,,1,,,,,,1,,,,,,1,,,,1,,1,,,,,,,,,,,,1,,1,,,,,,,,,,,,,,,,,,,,,,,,,,,,,,,,,,,,,,,,,,,,,,1,,,,1,,,,,,,,,,,,,,,,,,,,,,,,,,,,,,1,,1,,,,,,,,,,1,,,,,,4,,,,,,,,,,18,24,0,22,,1,,1,,4,,,,5,,10,,13,,6,,3,,24,,11,,22,,17,,1,,,,,,98,140,0,17,,4,,11,,1,,8,,10,,5,,1,,9,,21,,,,3,,22,,84,112,0,10,,1,,32,,2,,14,,,,39,59,0
174,155,125,1,1669,49,Wellcome-1669-49-recto,23,November,30,November,,,3,,,,,,,,,,,,1,,,,,,,,1,,1,,,,1,,,,,,,,,,,,,,,,,,1,,,,,,,,,,,,1,,,,1,,,,,,,,2,,2,,,,,,,,,,,,1,,,,,,,,,,1,,1,,,,,,,,,,,,,,,,,,,,,,,,,,,,,,,,,,,,,,,,,,,,,,,,,,,,,,1,,,,,,,,,,,,,,,,,,,,,,,,,,,,,,,,1,,1,,2,,,,,,,,12,22,0,21,,1,,,,2,,,,4,,12,,8,,7,,5,,27,,15,,8,,7,,1,,1,,,,89,119,0,12,,2,,6,,2,,4,,14,,9,,3,,1,,14,,,,3,,34,,84,104,0,10,,,,20,,5,,18,,,,45,53,0
175,156,126,1,1669,50,Wellcome-1669-50-recto,30,November,7,December,,,2,,,,,,,,,,,,,,1,,1,,,,,,1,,1,,,,,,,,,,,,,,,,,,,,1,,,,,,,,,,,,,,,,1,,,,,,,,,,1,,,,,,,,,,,,1,,1,,,,,,,,,,,,,,,,,,,,,,,,,,,,,,,,,,,,,,,,,,,,,,,,,,1,,,,,,,,,,1,,,,,,,,,,,,,,,,,,,,,,3,,,,,,,,,,,,,,,,,,,,,,,,,,4,16,0,16,,3,,,,5,,,,3,,15,,12,,2,,3,,29,,19,,21,,12,,,,,,,,91,140,0,16,,,,8,,5,,3,,7,,11,,1,,3,,13,,,,2,,30,,101,109,0,14,,3,,26,,,,14,,,,43,57,0
176,157,127,1,1669,51,Wellcome-1669-51-recto,7,December,14,December,,,1,,,,1,,,,,,,,1,,1,,,,,,1,,,,,,,,,,,,,,,,,,1,,,,,,1,,,,,,1,,1,,,,,,,,,,,,,,,,2,,,,,,,,,,1,,,,1,,,,,,,,,,,,,,,,,,,,1,,,,,,,,,,,,,,,,,,2,,,,,,,,,,,,,,,,,,,,,,,,2,,,,,,,,,,,,,,,,,,,,,,4,,,,,,,,,,,,,,,,1,,,,,,,,,,14,23,0,12,,3,,,,3,,,,7,,14,,7,,2,,8,,16,,16,,18,,14,,1,,,,,,100,121,0,19,,2,,6,,3,,2,,13,,2,,3,,6,,19,,,,2,,30,,80,107,0,10,,2,,21,,1,,11,,,,51,45,0
177,158,128,1,1669,52,Wellcome-1669-52-recto,14,December,21,December,,,,,,,,,,,,,,,,,2,,1,,,,1,,1,,,,2,,,,,,,,3,,1,,,,,,,,1,,,,,,,,1,,,,1,,,,,,,,,,3,,,,2,,,,,,,,,,3,,3,,,,,,,,,,1,,,,,,,,,,,,,,1,,,,,,,,,,,,,,,,,,,,,,,,,,,,,,,,,,,,,,1,,,,3,,,,,,,,,,,,1,,,,,,1,,,,,,,,,,2,,,,,,1,,,,,,1,,1,,12,38,0,21,,,,,,2,,1,,5,,17,,12,,3,,5,,32,,21,,14,,12,,2,,1,,,,95,148,0,20,,1,,6,,10,,3,,15,,9,,2,,6,,18,,,,3,,28,,72,121,0,16,,7,,39,,1,,21,,,,33,84,0