"Omeka Item #","DataScribe Item #","DataScribe Record #","DataScribe Record Position",Year,Week,"Unique ID","Start Day","Start Month","End Day","End month","St Alban Woodstreet - Buried","Alhallows Barking - Buried","Allhallows Breadstreet - Buried","Allhallows Great - Buried","Alhallows Honylane - Buried","Alhallows Lesse - Buried","Alhallows Lumbardstreet - Buried","Alhallows Stayning - Buried","Alhallows the Wall - Buried","St Alphage - Buried","St Andrew Hubbard - Buried","St Andrew Undershaft - Buried","St Andrew Wardrobe - Buried","St Ann Aldersgate - Buried","St Ann Blackfryers - Buried","St Antholins Parish - Buried","St Austins Parish - Buried","St Bartholomew Exchange - Buried","St Bennet Fynck - Buried","St Bennet Gracechurch - Buried","St Bennet Paulswharf - Buried","St Bennet Sherehog - Buried","St Botolph Billingsgate - Buried","Christ Church - Buried","St Christophers - Buried","St Clement Eastcheap - Buried","St Dionis Backchurch - Buried","St Dunstan East - Buried","St Edmund Lumbardstr. - Buried","St Ethelborough - Buried","St Faith - Buried","St Foster - Buried","St Gabriel Fenchurch - Buried","St George Botolphlane - Buried","St Gregory by St Pauls - Buried","St Hellen - Buried","St James Dukes place - Buried","St James Garlickhithe - Buried","St John Baptist - Buried","St John Evangelist - Buried","St John Zachary - Buried","St Katharine Coleman - Buried","St Katharine Creechurch - Buried","St Lawrence Jewry - Buried","St Lawrence Pountney - Buried","St Leonard Eastcheap - Buried","St Leonard Fosterlane - Buried","St Magnus Parish - Buried","St Margaret Lothbury - Buried","St Margaret Moses - Buried","St Margaret Newfishstreet - Buried","St Margaret Pattons - Buried","St Mary Abchurch - Buried","St Mary Aldermanbury - Buried","St Mary Aldermary - Buried","St Mary le Bow - Buried","St Mary Bothaw - Buried","St Mary Colechurch - Buried","St Mary Hill - Buried","St Mary Mounthaw - Buried","St Mary Sommerset - Buried","St Mary Stayning - Buried","St Mary Woolchurch - Buried","St Mary Woolnoth - Buried","St Martin Iremongerlane - Buried","St Martin Ludgate - Buried","St Martin Orgars - Buried","St Martin Outwich - Buried","St Martin Vintrey - Buried","St Matthew Fridaystreet - Buried","St Maudlin Milkstreet - Buried","St Maudlin Oldfishstreet - Buried","St Michael Bassishaw - Buried","St Michael Cornhil - Buried","St Michael Crookedlane - Buried","St Michael Queenhithe - Buried","St Michael Quern - Buried","St Michael Royal - Buried","St Michael Woodstreet - Buried","St Mildred Breadstreet - Buried","St Mildred Poultrey - Buried","St Nicholas Acons - Buried","St Nicholas Coleabby - Buried","St Nicholas Olaves - Buried","St Olave Hartstreet - Buried","St Olave Jewry - Buried","St Olave Silverstreet - Buried","St Pancras Pancras street - Buried","St Peter Cheap - Buried","St Peter Cornhil - Buried","St Peter Paulswharf - Buried","St Peter Poor - Buried","St Steven Colemanstreet - Buried","St Steven Walbrook - Buried","St Swithin- Buried","St Thomas Apostles - Buried","Trinity Parish - Buried","Christened in the 97 parishes within the walls","Buried in the 97 parishes within the walls","Plague in the 97 parishes within the walls","St Andrew Holborn - Buried","St Bartholomew Great - Buried","St Bartholomew Less - Buried","St Botolph Aldersgate - Buried","St Botolph Aldgate - Buried","St Botolph Bishopsgate - Buried","Bridewel Precinct - Buried","St Bridget - Buried","St Dunstan West - Buried","St George Southwark - Buried","St Giles Cripplegate - Buried","St John Southwark","St Olave Southwark - Buried","Saviours Southwark - Buried","S Sepulchres Parish - Buried","St Thomas Southwark - Buried","Trinity Minories - Buried","Pesthouse Without the Walls - Buried","Christened in the parishes without the walls","Buried in the parishes without the walls","Plague in the parishes without the walls","St. Ann in Middlesex - Buried","Christ Church in Surry - Buried","Christ Church in Middlesex - Buried","St George in Bloomsbury - Buried","St. George in Middlesex","St. George by Queen's Square - Buried","St Giles in the Field - Buried","Hackney Parish - Buried","St John at Wapping - Buried","St James Clerkenwel - Buried","St Katharine Tower - Buried","Lambeth Parish - Buried","St Leonard Shoreditch - Buried","St. Luke in Middlesex - Buried","St Magdalen Bermondsey - Buried","St Mary Islington - Buried","St Mary Newington - Buried","St Mary Whitechappel - Buried","St Matthew at Bethnal Green - Buried","St Pauls Shadwel - Buried","Rothorith Parish - Buried","Stepney Parish - Buried","Christened in the out-Parishes in Middlesex and Surrey","Buried in the out-Parishes in Middlesex and Surrey","Plague in the out-Parishes in Middlesex and Surrey","St Ann in Westminster - Buried","St Clement Danes - Buried","St George by Hanover Square - Buried","St James in Westminster - Buried","St. John the Evangelist - Buried","St Paul Covent Garden - Buried","St Martin in the fields - Buried","St Mary Savoy - Buried","St Mary le Strand","St Margaret Westminster - Buried","Pesthouse in Westminster","Christened in the Parishes and Liberties of Westminster","Buried in the Parishes and Liberties of Westminster","Plague in the Parishes and Liberties of Westminster"
712,290,229,1,1701,14,Laxton-1701-14-recto,18,March,25,March,1,3,1,3,,,,,1,,1,,1,1,1,1,,,,,1,,,4,1,,,2,,1,1,,,,1,,,,,,,1,,,,,2,,1,,,,1,1,3,,1,,,1,1,1,,,,2,1,,,,,,,,1,,,,,,,,,,,,,,,,,,,,,,,23,40,0,20,,1,6,10,9,,6,6,10,26,,18,11,13,4,1,,97,141,0,,1,,,,,23,6,6,9,3,6,4,,15,3,6,16,,11,,43,112,152,0,11,14,,18,,4,38,3,,14,,78,102,0
713,291,234,1,1701,15,Laxton-1701-15-recto,25,March,1,April,2,4,,,,,,,2,1,1,1,,,7,,,,,1,,,,1,,1,1,3,,1,2,1,,1,1,1,,,,,1,2,1,2,,1,1,1,1,,,,,,,,1,,,,1,,,,,,,,,,,1,,,1,1,,1,,1,,,,1,1,,1,,,,,,6,,,1,,38,59,0,24,,1,5,11,17,,,,9,30,,12,10,15,3,,,96,137,0,,4,,,,,25,,5,6,3,4,10,,8,,3,15,,7,5,47,117,142,0,8,12,,24,,4,19,2,,23,,64,102,0
714,292,236,1,1701,16,Laxton-1700-15-recto,1,April,8,April,,,,2,1,,,1,1,2,,1,6,,3,1,1,,1,,,,,2,,,1,,,,1,3,,,1,,,2,1,,,2,2,,,,,,,,,,,3,,,,,1,,1,,,,,,1,,1,,,,,,,,1,,,,,,,,1,,,,,,,,,,1,,,35,45,0,17,1,1,5,7,10,1,13,8,7,14,,17,12,11,2,,,95,126,0,,4,,,,,23,2,9,15,2,,7,,8,5,11,9,,9,6,43,115,153,0,8,9,,19,,9,26,2,,14,,57,87,0
715,293,237,1,1701,17,Laxton-1701-17-recto,8,April,15,April,2,3,,,,,,1,,1,,2,2,1,2,,,,,2,,,,3,3,,,1,1,1,,,,,1,,,2,2,,1,,2,,1,,,1,1,,,,1,1,1,,,,,,4,2,,,1,2,3,,,,,,1,2,3,2,1,,,2,,,,,1,,1,,,,,,3,,1,,,27,68,0,17,1,,7,9,9,,6,3,9,,,19,11,6,2,,,63,99,0,,,,,,,28,2,7,3,2,6,9,,7,,3,11,,13,,34,85,125,0,6,8,,24,,5,35,,,22,,82,100,0
716,294,255,1,1701,18,Laxton-1701-18-recto,15,April,22,April,,1,,,,1,,3,,1,,,2,2,4,,,,,1,1,,,1,,,,1,,,1,,,,2,3,,,1,,3,1,1,,1,,1,,1,,,,,,2,1,,,1,,,1,,2,,,2,,,1,,1,,,1,2,,,,,,,1,2,,,1,,,,,,2,,,1,,25,54,0,21,3,,2,13,15,,3,4,8,43,,12,8,9,,,,106,141,0,,,,,,,28,,6,5,2,9,10,,5,3,3,17,,8,,52,98,148,0,14,9,,23,,5,31,4,,21,,72,107,0
717,295,257,1,1701,19,"Laxton-1701-19-recto ",22,April,29,April,,3,,,,,,,3,,,1,,,1,,,,,,2,,1,2,1,,,1,,1,1,3,,,3,,,5,1,,1,1,3,,1,,1,2,,,,1,1,,1,,,,,,1,,,1,,1,,,1,,,,,2,,1,,,,1,,,,,1,,,,,,,1,1,,,,1,36,53,0,27,1,,3,12,12,,5,4,6,21,,15,18,13,2,,,78,139,0,,3,,,,,24,,6,11,4,3,6,,12,5,4,16,,5,6,45,121,150,0,,6,,23,,5,28,3,,23,,65,88,0
718,296,275,1,1701,20,Laxton-1701-20-recto,29,April,6,May,,3,,,,,1,,,1,,1,1,2,2,1,1,1,1,1,,,2,4,,2,,,,1,1,1,,,2,4,1,,,,,3,,2,,,,,1,1,,,,1,2,,,,1,,,,,,,,,,,1,,3,,,,,,,,,,,,,,,2,2,,1,,2,3,1,1,,1,24,62,0,13,3,,3,15,16,,4,6,8,27,,12,13,8,,,,79,128,0,,1,,,,,23,1,4,,3,7,8,,7,,1,15,,11,,53,93,134,0,10,11,,28,,5,36,2,,14,,62,106,0
759,297,276,1,1701,21,Laxton-1701-21-recto,6,May,13,May,,1,,,,,,,2,,,2,,2,3,,,1,2,,,,,3,,,1,,1,,,,,,,1,1,3,,,,,2,1,,,,2,1,,,,,,,2,1,,,,,,,3,,3,,,2,,,,,3,1,,1,1,,1,1,,,,1,1,,,,1,,,2,,2,,,35,55,0,14,1,1,1,16,9,,4,4,11,29,,15,10,18,2,2,,103,137,0,,,,,,,34,3,6,14,5,7,10,,14,8,6,16,,7,,43,108,173,0,15,7,,26,,1,30,2,,13,,60,94,0
760,298,277,1,1701,22,Laxton-1701-22-recto,13,May,20,May,,3,,3,,,,,1,2,,2,1,1,1,,,1,,,3,,1,1,1,,1,,,,1,,,,3,,,,,,1,2,1,2,1,,1,,,,,,,3,,2,,,,,,,,,,,,1,,,,,,1,,,,,,1,1,,,,2,1,,,2,1,,,2,,,1,,20,52,0,26,,2,1,13,4,,6,3,9,23,,8,10,8,1,,,89,114,0,,1,,,,,35,3,4,4,3,9,15,,9,4,2,13,,7,13,40,105,162,0,17,5,,22,,2,29,,,13,,57,88,0
761,299,278,1,1701,23,Laxton-1701-23-recto,20,May,27,May,,1,,,,,1,1,2,2,,,1,2,1,1,,1,1,1,,,,1,,,1,1,,1,1,,1,,2,2,,2,,,,,1,,,,,,1,,,,1,1,,,1,,,,2,,,,,,,,2,,,1,1,1,,,,2,,,,,,,2,,3,,,,,,3,,,1,,32,50,0,25,3,,2,11,9,1,6,4,7,20,,15,10,7,,,,87,120,0,,4,,,,,19,,4,7,2,4,12,,6,2,10,17,,9,4,40,130,140,0,9,17,,15,,8,26,3,,16,,60,94,0
762,300,279,1,1701,24,Laxton-1701-24-recto,27,May,3,June,1,,1,2,,1,1,,3,,,,2,,2,,,1,,,1,,1,3,,1,,,2,,1,,1,,2,,,1,2,,,,1,,,,,,,,,,,1,2,1,,,2,,1,,,,,1,1,1,,2,,,,,2,1,1,,1,1,1,,,,3,2,,,,1,1,,2,,2,,1,38,61,0,20,2,,6,8,10,,5,3,5,20,,21,7,14,2,1,,80,124,0,,3,,,,,29,2,4,4,3,6,10,,7,3,4,16,,9,2,36,120,138,0,7,6,,18,,4,28,1,,13,,55,77,0
763,301,281,1,1701,25,Laxton-1701-25-recto,3,June,10,June,,2,,,,,2,1,3,,1,,2,3,2,1,,,,,,,,2,,,,2,,,1,,,,,1,,,1,,2,1,2,,,,1,1,,,,,,,1,,,,,,2,2,,,,,,,1,,,1,,,,2,1,,,,,,,,,,,,,,,,1,1,,,,26,43,0,12,2,,3,9,13,,3,3,5,22,,11,5,11,,,,78,99,0,,2,,,,,21,,3,4,5,,12,,4,3,5,8,,6,,38,96,111,0,9,5,,20,,5,20,,,15,,68,74,0
764,302,288,1,1701,26,Laxton-1701-26-recto,10,June,17,June,,,,,,,,,1,,2,1,1,1,1,,1,,,,3,,,2,,,2,1,,,,,,,4,,,,2,,,1,2,,,,1,,,,,,1,,,,,,,,1,,,,,,,,,1,,,,,,1,,,,,,,,,,,,,,,1,,,,,1,2,26,35,0,19,2,1,3,10,7,,3,3,7,23,,12,14,15,,,,100,119,0,,1,,,,,20,4,4,8,2,10,8,,6,2,1,6,,8,,42,106,132,0,8,9,,18,,4,19,2,,17,,60,77,0
765,303,289,1,1701,27,Laxton-1701-27-recto,17,June,24,June,,,1,,,,1,1,2,,,,,,,,,,,2,,1,,4,,,,,2,1,,1,,,2,,1,,,,,,,,,1,,1,,,,,1,4,,,,,,,1,,,,2,,,,,,,1,,,1,1,,,1,,,,,,,1,1,,,,,,1,,1,,,25,37,0,14,1,2,4,6,6,,9,3,8,19,,9,10,18,,,,84,109,0,,2,,,,,22,4,5,4,4,5,6,,7,3,4,9,,5,7,26,95,113,0,8,6,,18,,3,26,3,,15,,66,79,0
766,304,290,1,1701,28,Laxton-1701-28-recto,24,June,1,July,,3,,1,,2,,,1,,1,1,1,1,4,,1,,,1,,,,2,,,,,2,1,,1,,1,4,,1,,,1,2,5,1,,,,,1,,,,,1,,,,,,,,2,,,,,3,,,1,,,,1,2,,,,1,,1,2,,,,1,,,,,3,,,2,,,,1,41,62,0,14,4,,2,9,9,,5,3,2,25,,21,14,10,3,,,96,121,0,,1,,,,,25,2,3,5,1,9,11,,8,3,3,13,,8,6,37,99,135,0,10,3,,20,,3,28,5,,11,,58,80,0
767,305,291,1,1701,29,Laxton-1701-29-recto,1,July,7,July,1,1,,,,,1,,1,1,1,1,1,,2,,,,,,1,,,4,,,,3,,1,4,2,1,2,,1,1,2,,,,,,1,,1,,2,,,,,2,1,,,,,,,,,,1,,,,,,1,,1,,1,,1,2,,,,2,,,,,1,,,1,,,3,2,1,,,,39,56,0,18,2,3,5,11,8,,3,1,3,21,,10,9,12,1,,,83,107,0,,1,,,,,28,3,7,5,2,4,6,,16,1,3,9,,7,3,39,89,134,0,5,7,,21,,6,22,2,,11,,75,74,0
768,306,292,1,1701,30,Laxton-1701-30-recto,8,July,15,July,,1,,,,,,,,1,,2,,1,3,,,,1,,,,,,,,,3,1,1,,,1,,3,,,1,,,,,,,2,,2,1,,,,,,,,2,,,1,,1,,,,1,,,,,,,1,,1,,,,,,,,,,,,1,1,,,,,,2,,,,,17,35,0,12,1,,5,10,5,,4,2,6,20,,16,17,15,2,,,77,115,0,,2,,,,,23,4,10,7,3,6,8,,9,1,6,11,,8,,42,80,140,0,11,7,,15,,6,19,2,,14,,68,74,0
769,307,293,1,1701,31,Laxton-1701-31-recto,15,July,22,July,1,,,,,,3,1,1,,,2,,1,2,,,1,1,,,,,1,1,,1,2,,3,,,,,1,,,1,,1,1,2,,2,,,,1,,,,,2,,,2,,,,,,,,,1,,,,,,,1,1,1,3,1,,,,,,,,1,1,,1,,,1,1,1,2,3,,1,,38,54,0,18,,,2,16,6,,5,4,8,26,,20,16,17,1,1,,87,140,0,,2,,,,,21,,5,5,5,9,8,,8,,8,12,,12,9,43,84,147,0,7,7,,24,,4,30,1,,25,,65,98,0
770,308,305,1,1701,32,Laxton-1701-32-recto,22,July,29,July,,4,,,,,1,,2,1,1,1,,,3,,2,,,,1,,,3,,,3,,,2,,2,,,3,,1,1,,,,,4,,,,,,,,,,,2,,,,,,,,,,1,1,,1,,1,,,,1,1,2,,,1,1,,1,,,,1,,,,,2,,,2,,,1,,31,54,0,16,1,,5,10,10,,6,1,2,23,,9,9,11,1,,,98,104,0,,3,,,,,26,4,7,5,3,7,10,,13,,2,15,,12,6,42,112,155,0,12,12,,17,,4,23,2,,18,,67,88,0
771,309,306,1,1701,33,Laxton-1701-33-recto,29,July,5,August,,1,1,,,,,,2,,,,1,,1,,1,,,,1,,,8,1,,1,1,,1,1,,,,,1,,,1,1,,2,1,,1,,,2,,,,,,,,,,,1,,,,,2,,,,,,,,,1,,,,,,,1,,,,,1,,,,,2,,,6,1,,,,39,44,0,17,3,1,6,12,6,,11,4,6,23,,12,7,12,1,,,96,121,0,,,,,,,25,2,6,6,7,6,8,,6,1,5,12,,3,3,25,103,132,0,6,4,,17,,3,26,2,,16,,71,74,0
772,310,307,1,1701,34,Laxton-1701-34-recto,5,August,12,August,,2,,1,,,,2,1,,,,,,2,,,,1,,,,,,1,,,1,,,1,1,,,,1,,1,,,,1,1,4,,1,2,2,,,,,,,,,,,,1,3,,,2,,2,,,,,,,,1,1,,,,,,1,,,,2,,,,,,,,1,,1,,,43,41,0,11,,,4,7,12,,9,4,4,26,,14,12,11,,,,93,114,0,,5,,,,,32,2,7,5,5,5,12,,10,1,4,16,,8,,55,102,167,0,8,10,,24,,6,22,3,,16,,74,89,0
773,311,308,1,1701,35,Laxton-1701-35-recto,12,August,19,August,3,1,1,2,,,,,1,1,,,1,,2,,,2,,,1,1,,,,,,,,1,1,,,,,,,,,1,,,3,2,,,1,1,1,,,,,,,,,,,,,,,,,,,,,,,,,,,,,,,1,,,,,1,,1,1,,,1,,,,1,,,33,33,0,19,1,1,4,5,4,,9,1,1,19,,16,7,19,,1,,99,107,0,,1,,,,,40,,7,10,4,5,9,,11,3,3,14,,6,8,42,104,161,0,11,11,,24,,2,30,3,,15,,92,96,0
774,312,313,1,1701,36,Laxton-1701-36-recto,19,August,26,August,,1,,,1,,,1,1,,,,1,,,,,,,,3,,1,1,1,1,1,2,,,,1,,,2,,,,,,1,3,2,,,,1,,,,,,,,,,,,1,,,,,,1,3,,2,2,,,1,,,1,2,,,,1,,,,1,2,,,,,,,,3,1,,,1,34,49,0,22,2,1,3,8,5,,8,1,6,34,,12,14,15,2,2,,75,135,0,,2,,,,,31,4,11,6,,7,12,,5,,3,15,,7,2,29,82,134,0,17,6,,20,,3,32,2,,16,,51,96,0
775,313,315,1,1701,37,Laxton-1701-37-recto,26,August,2,September,,1,1,,,,,,1,,,1,2,,9,,,,,,,,,5,,2,,,,1,,,,,,,,2,,,,1,1,4,,,2,1,1,,,,,1,3,,,,,,3,1,,2,1,,,,,,,,1,,1,,,,,,1,,,,,,1,,,,,,3,,,,,23,53,0,16,,,4,10,7,,10,3,6,24,,12,11,10,1,,,86,114,0,,5,,,,,45,8,9,10,7,6,11,,8,4,2,12,,9,,36,98,172,0,16,10,,26,,2,36,4,,17,,73,111,0
776,314,316,1,1701,38,Laxton-1701-38-recto,2,September,9,September,1,4,,2,1,,,1,1,,1,,,,1,1,,,1,,1,,,2,,,,,2,1,,,,,,,,,,,3,1,,3,,,1,1,1,,,,,2,1,1,,,2,,,,,,,1,,1,,,,,,,,2,,,1,,,,3,1,,1,1,,,1,1,2,1,,,1,,36,53,0,17,1,,2,13,8,,3,3,9,18,,16,9,9,,,,89,108,0,,,,,,,35,2,3,12,7,6,16,,11,2,3,11,,4,5,41,91,158,0,6,7,,17,,4,26,1,,14,,77,75,0
777,315,331,1,1701,39,Laxton-1701-39-recto,9,September,16,September,,,,1,,,1,1,,1,,,3,1,,,,,,,2,,,4,,1,,4,,,1,,,,,,,1,,,,1,3,,,,1,,,,,,2,,,,,,,,,1,,,,1,,,,,,,,,1,,,,,,,,,,,,1,,1,,,1,2,,1,,,17,37,0,16,2,3,5,15,4,,7,5,7,15,,16,7,18,,,,93,120,0,,2,,,,,29,5,11,10,,5,6,,7,3,4,10,,3,4,30,115,129,0,9,10,,18,,5,27,4,,18,,73,91,0
778,316,332,1,1701,40,Laxton-1701-40-recto,16,September,23,September,1,2,2,,,,,1,1,1,,,3,1,1,,,,,,1,,,3,,,1,2,,1,1,,,,,,,2,2,,,,2,1,,2,,2,,,,,1,,,,,,,,1,,,1,,1,,,3,,,,,3,,1,,2,1,,,,,1,,,1,,1,2,1,,,,,,,36,53,0,18,1,1,4,8,9,3,10,3,4,24,,8,13,10,2,,,102,118,0,,2,,,,,28,2,3,3,4,,14,,3,2,3,10,,9,,37,79,120,0,9,10,,15,,5,20,,,19,,101,78,0
819,317,333,1,1701,41,Laxton-1701-41-recto,23,September,30,September,,,,4,,,,,1,,,1,,1,1,,,,1,1,1,,1,1,,,3,2,3,,,,,1,1,,,,,,1,2,3,2,,,,,1,,,,,,,,,1,2,,1,,,,,,,,,1,,,,,,1,,,,,,,1,,,1,,,1,2,1,,,2,,1,,34,46,0,16,1,,6,8,9,,4,2,8,21,,17,8,12,4,,,110,116,0,,2,,,,,24,2,2,11,2,6,6,,10,2,3,12,,7,,30,97,119,0,7,11,,13,,6,27,4,,13,,71,81,0
820,318,334,1,1701,42,Laxton-1701-42-recto,30,September,7,October,,2,2,1,,1,,3,,,,1,,1,2,1,1,,,,1,,,2,1,,,2,,,1,,,,2,3,,,1,,,1,,1,,2,1,,1,,,,1,1,,1,1,,1,,2,,,2,,,,,,,,,2,,,,,,,2,1,,,,,,2,,,1,2,3,,,1,2,1,39,60,0,12,1,,5,6,5,,4,2,7,13,,11,6,8,2,1,,94,83,0,,,,,,,16,3,5,8,8,6,8,,9,5,,16,,11,6,32,96,133,0,6,4,,13,,4,23,2,,17,,66,69,0
821,319,335,1,1701,43,Laxton-1701-43-recto,7,October,14,October,,1,,2,,1,,,,,,1,1,,3,,,,,,,,,,,,,2,,2,1,1,,,2,1,,2,,,1,1,,,,1,,1,,,,,,,1,,,,,,,,,,,,,,,,,1,,,,,2,2,,,,,,,1,,1,,,,,,7,,,1,1,30,41,0,20,2,1,4,9,9,,4,3,8,28,,14,10,10,2,,,111,124,0,,2,,,,,18,2,5,7,,7,7,,6,4,4,12,,4,6,43,94,127,0,6,9,,17,,2,28,4,,17,,65,83,0
822,320,336,1,1701,44,Laxton-1701-44-recto,14,October,21,October,,3,1,,,,,1,1,,,,,2,5,,,,2,,,,1,3,,,1,,2,,,,,,,2,,,,,1,2,2,4,,1,2,1,,1,,1,2,1,,1,,,1,1,,,,,,,,,,,,1,,,,2,,,,1,,,1,1,,,,,,,,1,3,,,,,48,55,0,17,,,1,4,10,,2,4,7,17,,8,5,10,,,,89,85,0,,3,,,,,22,4,4,4,5,6,2,,7,2,2,13,,5,,37,109,116,0,8,5,,16,,5,11,2,,9,,72,56,0
823,321,337,1,1701,45,Laxton-1701-45-recto,21,October,28,October,2,1,,,,1,,,1,1,2,1,2,2,4,,,,,,,,,1,,,1,4,1,,1,,,,1,2,,,2,,,1,3,1,,,1,,,,,,,1,1,,,,2,,1,1,,,,2,,,1,,,2,1,2,,1,,,,,,,2,,,,,,,,,1,5,,,1,,36,60,0,24,3,,5,14,10,,5,7,4,27,,16,13,8,1,,,91,137,0,,2,,,,,17,2,4,9,1,6,9,,5,4,5,15,,7,6,46,120,138,0,6,9,,16,,2,23,1,,10,,60,67,0
824,322,338,1,1701,46,Laxton-1701-46-recto,28,October,4,November,,1,,2,,1,,1,3,1,1,,,1,4,,,,,,2,,1,3,,1,,,,,1,1,,,,1,,1,1,,,2,,,,,,1,,,,,1,,,,,,1,,,,,,,,1,1,,,,,1,,,,1,,,,,,,,,,,,,,,,,,,,,30,36,0,13,1,1,3,9,9,,10,1,6,24,,15,8,11,1,,,80,112,0,,7,,,,,18,4,5,5,4,3,11,,4,2,3,13,,8,,28,115,115,0,4,5,,15,,8,23,3,,16,,57,74,0
825,323,339,1,1701,47,Laxton-1701-47-recto,4,November,11,November,,1,,,,,,,3,1,,2,,,4,,,1,,,,,,4,,1,,4,,,1,1,,1,2,1,1,2,,,1,5,3,3,,,,3,1,1,,,,,1,1,,,,,,1,,,,4,,1,,,,,2,,,1,,,,1,,,1,1,1,1,,1,,,,1,1,,,1,,43,67,0,18,2,1,4,6,2,1,3,4,12,22,,19,8,20,1,1,,101,131,0,,5,,,,,26,1,5,6,5,4,12,,6,4,2,19,,6,,41,120,142,0,4,7,,20,,4,18,4,,23,,73,80,0
826,324,353,1,1701,48,Laxton-1701-48-recto,11,November,18,November,,2,,2,,3,,1,,1,,1,,1,1,,,,,3,1,,,2,,,,3,4,,,1,,,1,1,1,,,,,3,,2,,,2,,1,,,,1,,,1,,,1,,3,,,,,2,,,1,,,,,,,,,1,,1,3,,1,1,2,,,,,,2,1,,,,1,,33,59,0,18,2,,2,7,11,,12,9,8,21,,11,8,11,2,,,90,123,0,,,,,,,26,2,2,4,1,3,15,,8,2,4,8,,4,12,43,137,134,0,8,9,,16,,3,20,4,,23,,71,83,0
827,325,354,1,1701,49,Laxton-1701-49-recto,18,November,25,November,1,1,,,,,,,,,1,1,1,,6,,,,1,,,,,,,,1,1,,1,,,,2,2,1,1,3,,,1,,,,,,,,1,,,,,,,1,,,1,,1,1,,,,,,,,,,,1,,1,,,,2,,2,,,,,,1,,,,,,4,1,,1,1,39,44,0,13,1,2,6,11,7,,3,5,2,21,,15,12,5,3,,,90,106,0,,1,,,,,27,,2,5,4,9,6,,8,3,,15,,6,3,38,124,127,0,6,7,,21,,6,29,1,,10,,74,80,0
828,326,355,1,1701,50,Laxton-1701-50-recto,25,November,2,December,1,3,,,,,,1,,2,,,2,1,1,,,,,1,1,,,,,,,2,,1,,1,,1,2,1,,1,1,,1,2,2,,,1,2,3,,,,1,,,,1,,,,,1,,,,,2,,1,,,,1,,,1,1,,,,,,,,,,,1,,,,,,5,,2,,,30,53,0,10,,,4,11,,,3,2,6,18,,11,11,9,1,,,103,86,0,,2,,,,,22,5,4,5,,7,8,,3,,4,19,,5,,27,88,111,0,4,10,,15,,4,15,1,,17,,62,66,0
829,327,356,1,1701,51,Laxton-1701-51-recto,2,December,9,December,,,,1,,,,1,2,,,2,,,,,1,,,,,,,,,,1,2,,,1,1,1,,1,,,,,,,1,1,,2,,,,,,,,,,,,,,,,,,,2,1,2,1,,,,,1,,,3,2,,,1,,,,,,1,,1,,,1,,,2,,,,,26,36,0,12,1,3,4,7,16,,4,5,7,20,,7,7,9,1,2,,103,105,0,,3,,,,,15,,4,5,5,2,10,,5,,2,9,,7,3,41,115,111,0,8,4,,17,,1,29,2,,7,,70,68,0
830,328,357,1,1701,52,Laxton-1701-52-recto,9,December,16,December,,3,1,1,,,,1,1,,,2,,,6,,,1,,,,,,2,1,,,1,2,,,1,,,4,1,,,1,,1,,1,1,,,,2,1,,,1,,,,1,,,1,,,,,,,1,2,,1,,,,1,,,,,,,,,,,,,,,,,1,1,2,2,1,1,,,42,51,0,16,3,,2,10,15,,7,2,4,20,,13,7,12,,,,87,111,0,,1,,,,,24,,4,3,4,3,3,,8,3,2,10,,8,8,41,101,122,0,5,2,,15,,3,21,2,,11,,95,59,0
838,336,240,1,1701,08,Laxton-1701-08-recto,3,February,10,February,,,,,,,1,1,,1,,,1,,1,,,,1,,,,,1,,,1,2,1,,,,,,,1,,1,,,1,1,3,2,1,,,1,,,,,3,2,3,1,,,1,,,1,,2,,,2,1,,,,,1,,,,1,1,,,,,1,1,,,2,,,,,,4,,1,1,,66,51,0,16,,,1,7,8,,9,3,6,15,,12,9,10,1,,,103,97,0,,4,,,,,29,2,4,4,3,6,10,,2,,2,14,,,4,32,108,127,0,7,4,,14,,8,25,3,,14,,61,75,0
879,337,241,1,1701,09,Laxton-1701-09-recto,10,February,17,February,,3,1,2,,1,,,1,2,,1,,,3,,,,1,1,,,,2,1,,1,1,,1,1,1,,,1,1,,1,2,,,,2,1,1,,1,1,1,,,,,,,1,,,,,1,,,,,,,1,,,,2,,,,,,,,,,,,,1,1,,1,,,1,,2,,1,,1,26,49,0,20,,,2,6,3,2,8,5,6,18,,14,6,10,,,,105,100,0,,,,,,,21,2,6,17,3,11,3,,12,3,7,13,,8,,30,103,136,0,6,9,,21,,5,25,4,,19,,74,89,0
880,338,242,1,1701,10,Laxton-1701-10-recto,17,February,24,February,1,2,1,2,,,1,2,,,,1,2,1,5,1,,,,,,,,1,,,,1,,,,,,1,2,1,1,1,1,,,,1,,,,1,1,,,,,,,,,,,,,1,1,,,,,,,1,,,1,,,,2,,1,,,1,,,,1,1,,,,1,,,1,,,2,,29,45,0,14,2,,4,14,11,2,2,2,13,16,,17,14,13,2,,,106,126,0,,2,,,,,19,3,6,4,7,4,9,,7,1,1,14,,9,,36,105,122,0,2,7,,13,,3,23,1,,13,,99,62,0
881,339,243,1,1701,11,Laxton-1701-11-recto,24,February,3,March,,1,,1,,1,,2,2,1,,1,2,,4,,,1,1,,,,1,5,,,,4,,,,,,,1,,,,,,,,1,3,,,1,1,2,,,,1,1,,2,,,2,,,1,,2,,,1,,,,,2,,1,,,,,,1,,,,,1,1,,,1,1,1,1,2,,,,,44,58,0,19,,1,5,12,9,,7,3,5,16,,18,14,9,1,,,112,119,0,,3,,,,,30,2,5,6,4,4,9,,2,,4,16,,14,11,51,102,161,0,10,11,,19,,6,30,6,,10,,70,92,0
882,340,244,1,1701,12,Laxton-1701-12-recto,3,March,10,March,2,2,1,2,,,1,,2,1,,,1,1,7,,,2,1,2,1,,,3,,1,,2,,,1,,,1,2,1,,1,,,,1,2,2,,,1,1,1,,,,2,,,1,,,,,,1,,1,,,,,,,,3,,1,,,1,,,,,,,2,1,2,,,1,2,,2,2,,,1,1,42,70,0,20,1,,5,12,15,1,7,3,9,18,,13,9,10,3,,,103,126,0,,2,,,,,33,2,1,8,6,4,6,,2,1,4,15,,7,2,49,140,142,0,8,7,,20,,1,41,1,,19,,67,97,0
883,341,245,1,1701,13,Laxton-1701-13-recto,10,March,17,March,1,1,,,,,1,1,2,1,,1,1,1,1,,,,2,,,,,1,,,,,2,2,,,,,,1,,2,,,1,,,3,2,,,3,1,,,,,,2,,1,,,,2,,,,,2,,1,,,,,2,,,1,,,1,,1,,,,2,,,,,,,,3,1,,,,46,50,0,18,1,,2,5,9,,9,9,11,12,,11,14,6,2,1,,115,110,0,,3,,,,,32,,4,6,3,6,7,,7,2,1,12,,6,2,46,112,137,0,7,,,18,,3,31,3,,15,,62,90,0
884,342,249,1,1701,14,Laxton-1701-14-recto,17,March,24,March,,2,,,,,,1,3,,,1,1,,2,,,,,,,,,3,,,,1,,,1,2,,,2,1,,2,,,,1,1,,,,,,1,,,1,1,,,1,,,2,,,,,,1,,,,2,1,,4,,1,1,1,,,,,,,1,,1,,1,,,,,,2,,2,,,34,47,0,24,,,2,12,7,,12,4,5,25,,18,12,5,1,2,,104,129,0,,3,,,,,26,4,5,3,2,,7,,8,1,4,16,,14,,33,122,126,0,10,12,,13,,6,22,2,,19,,67,84,0
885,343,246,1,1702,15,Laxton-1702-15-recto,24,March,31,March,2,1,,,1,,,,2,1,,,,,3,,,,1,,,,,,1,,2,,,,,,,1,2,,,1,,1,1,,,2,,,,2,1,,,,2,1,,,,,1,,,1,,,1,1,,,,,,3,1,1,2,,,,,,,,,,2,,,,,,,,3,3,,1,,29,48,0,15,1,1,6,9,7,,11,1,6,21,,19,9,9,2,,,106,117,0,,4,,,,,30,2,5,6,3,5,4,,6,,,12,,4,2,43,86,126,0,6,4,,19,,5,15,,,19,,75,69,0
886,344,247,1,1702,16,Laxton-1702-16-recto,31,March,7,April,,1,,,,,2,,1,2,,,,2,3,,,,,,,,,2,,,,,,,1,,,,1,3,,,1,,,2,,,1,1,,1,,,,,,,1,1,,,,1,5,,,1,1,1,,,,1,,1,,,,,1,,,,,,1,,,,,,1,,,,4,,,,,23,44,0,16,,,4,7,9,,6,1,7,19,,11,14,10,2,,,92,106,0,,2,,,,,23,,4,3,2,4,2,,10,,8,9,,8,,34,81,109,0,4,16,,19,,,35,2,,9,,86,85,0
887,345,251,1,1702,17,Laxton-1702-17-recto,7,April,14,April,2,,,1,,,1,3,,,,1,3,,3,,1,1,,1,,,,3,,,3,3,,,1,,,,2,,,,,,1,,2,1,1,,,,1,,,1,,,,,,,1,,,,,1,1,2,,1,,1,,2,2,,,,,,,1,1,,,,,,1,,,,,1,4,,1,,,27,56,0,12,1,,,9,10,,10,3,1,21,,23,11,10,1,,,99,112,0,,3,,,,,26,4,4,4,3,2,12,,6,4,5,15,,10,2,33,109,133,0,7,6,,21,,5,21,,,11,,73,71,0
888,346,252,1,1702,18,Laxton-1702-18-recto,14,April,21,April,,1,3,,,2,,,2,,1,2,,,4,2,,1,,1,,,,1,,1,1,2,2,1,,1,,,1,1,,1,,,,2,2,1,,1,1,,2,,,1,1,1,,1,,,2,,2,,,,,,1,,,,,1,,,,,,,,,,,1,,,,,,,1,,,,1,,,1,59,54,0,13,1,1,9,9,7,,5,4,10,20,,17,13,13,,,,110,122,0,,2,,,,,22,,9,4,2,5,8,,4,4,,11,,10,1,35,110,118,0,6,14,,22,,7,26,2,,17,,36,94,0
889,347,253,1,1702,19,Laxton-1702-19-recto,21,April,28,April,2,1,,,,,1,,,,,,1,1,1,1,,,,,1,,,1,,,1,2,,1,,,,,1,,,,1,,,2,1,,,,,,,,,,,,,1,,,,,,1,,,,,,,,,,,,,1,,,,1,2,,,,1,,,1,,,1,,,3,1,,,,26,32,0,11,,,2,13,14,,3,3,8,19,,18,8,14,3,1,,87,117,0,,,,,,,29,3,4,7,3,5,8,,11,1,4,14,,4,,25,101,118,0,6,3,,24,,4,35,2,,11,,68,85,0
890,348,254,1,1702,20,Laxton-1702-20-recto,28,April,5,May,,1,,,,,,,2,3,1,1,1,,3,1,2,,,,2,,,1,,1,,,,2,,1,,,3,,2,,,,,4,2,,,,,1,2,,,2,1,,2,,,,,,2,1,,1,,1,,,2,,,,,,,1,,1,,,,,1,,1,,1,,,,,,,2,,,,40,55,0,22,,,3,9,12,,8,3,4,19,,14,16,8,2,,,104,120,0,,,,,,,22,5,4,,5,3,8,,3,2,3,13,,13,2,41,97,124,0,10,14,,20,,2,25,1,,10,,69,82,0
891,349,256,1,1702,21,Laxton-1702-21-recto,5,May,12,May,,,,2,,2,,1,2,1,1,2,,,1,,,,,,1,,,2,,,2,4,,,,1,,1,,,1,,,,1,,,,1,,,1,,,,,,,,,,,,,1,,,,,,,1,1,,,2,,,3,,1,,,2,,,1,,1,1,,,2,,2,,7,,,,,30,52,0,20,1,1,3,13,11,1,7,4,5,24,,15,12,13,2,,,94,132,0,,2,,,,,21,,5,11,3,8,8,,2,,3,11,,10,4,36,113,124,0,10,5,,18,,2,26,2,,14,,67,77,0
892,350,258,1,1702,22,Laxton-1702-22-recto,12,May,19,May,,4,,,,,,1,,1,2,1,1,,1,1,,1,,,,,1,1,1,,,,,,,,1,,1,,,1,,,1,2,1,2,,,,1,,,,1,1,1,,,,,,,,,,,,1,,1,,,,1,,,,1,,,,,1,,2,,,,,,,1,,,1,,,,,40,38,0,21,,,6,7,7,,6,,7,16,,17,11,10,3,,,72,111,0,,2,,,,,24,2,5,9,3,4,10,,9,2,4,13,,4,1,36,110,128,0,17,10,,13,,1,28,2,,18,,68,89,0
893,351,271,1,1702,23,Laxton-1702-23-recto,19,May,26,May,1,2,,,,,1,,,,2,2,1,,1,,,1,1,,1,,2,3,,,1,3,,1,1,1,1,,3,1,2,,,,,,,1,,,1,1,,,,,,,1,,,,,,,,,,,,1,,3,,,1,3,,,,,,,,,,3,,1,,,,2,,,,1,1,1,,,36,53,0,19,2,,3,8,8,,10,,4,18,,18,7,13,,,,99,110,0,,3,,,,,32,3,5,5,1,5,8,,4,5,3,12,,5,,38,95,129,0,7,7,,15,,3,24,2,,11,,57,69,0
894,352,272,1,1702,24,Laxton-1702-24-recto,26,May,2,June,,1,,,,,,,,,,,2,1,3,1,,,1,,1,,,1,,,,,,,,1,,,2,,,,,,,,2,,,,,,,,,1,1,1,,,,,,,,2,,1,,,,,1,,,,1,1,,3,,,,,,,,,,,,,,1,2,,,,,1,,19,32,0,17,2,,7,7,10,,3,,,24,,16,8,12,,1,,89,113,0,,1,,,,,24,3,6,1,4,5,12,,10,,3,13,,4,7,40,128,133,0,7,4,,14,,,31,,,17,,79,78,0
895,353,273,1,1702,25,Laxton-1702-25-recto,2,June,9,June,,1,,,,,,,1,2,1,4,1,,1,,,,1,,1,,,1,,,,2,,1,,,1,,,,,,,,,1,,2,,,,,,,,1,,,,,1,,1,,2,,,,,2,1,,,,,,,,1,,,,,,,,,,,,,,,,,,1,,,,,30,31,0,20,1,1,1,10,10,,8,2,6,19,,10,8,9,1,,,80,106,0,,3,,,,,19,3,6,6,2,3,8,,7,3,7,15,,5,,47,92,134,0,7,5,,15,,3,25,4,,8,,38,67,0
896,354,274,1,1702,26,Laxton-1702-26-recto,9,June,16,June,,1,1,,,,,,1,,,,1,1,2,,,1,1,,,,,,,,,1,1,,1,1,,,,,,,,,,,,,,,,,,,,,,,,,,,,,1,,,,,1,1,,1,1,,,,,,,,,,,,,,,,,,,,,,1,2,,,,,37,21,0,14,2,,2,10,5,,3,4,7,16,,11,9,9,1,,,72,93,0,,1,,,,,28,2,5,5,2,1,3,,8,4,3,15,,9,6,22,90,114,0,11,10,,16,,3,19,3,,9,,57,71,0
897,355,280,1,1702,27,Laxton-1702-27-recto,16,June,23,June,,2,,,,,,2,,,,1,2,1,2,,,,,,1,,,1,,,,1,,,,,,,3,,,,,,,1,1,1,,,,,,,,1,1,,2,,,,,,1,,,1,2,,,,,1,,1,,1,,,1,,,,,,,,,,,,,4,,,2,1,1,1,,49,40,0,11,,,3,9,7,,4,3,3,15,,7,8,11,4,,,84,85,0,,2,,,,,23,,5,2,3,6,6,,9,4,4,11,,6,,39,101,120,0,5,4,,16,,1,25,3,,12,,65,66,0
898,356,282,1,1702,28,Laxton-1702-28-recto,23,June,30,June,,,,,1,,,2,1,1,1,,1,,1,1,,,,,,,,,,,,1,,1,,,,,2,1,,,1,,,,2,1,,,,,1,,,,,2,,1,,,,,,,,,,,1,,,,,,,,1,,,3,,,,,,,,,,,,,,,,,1,,,28,28,0,9,4,1,2,4,6,2,6,2,5,12,,12,11,7,,1,,93,84,0,,,,,,,15,2,1,5,3,3,7,,7,1,3,13,,4,10,25,102,99,0,8,4,,9,,5,34,2,,15,,79,77,0
939,357,283,1,1702,29,Laxton-1702-29-recto,30,June,7,July,,2,1,,,1,,,,,1,2,,,3,,1,2,,,3,,,,,,2,4,,,2,1,,,,1,,,,,,1,1,,,,2,1,1,,,,,,1,,,,,,,1,,1,1,,1,,2,2,,,,,,,,,,,,,,,,,1,,,1,1,,,,,,,42,44,0,13,1,,3,7,6,,3,2,4,21,,7,9,7,2,,,88,85,0,,4,,,,,17,1,4,7,1,5,1,,11,,1,7,,2,,23,74,84,0,3,12,,12,,3,30,,,23,,61,83,0
940,358,286,1,1702,30,Laxton-1702-30-recto,7,July,14,July,1,2,,,,,2,,1,,,2,3,1,1,,,,,,,,,3,1,,,2,2,,,,,,,,,3,,,,1,1,1,,,1,,1,,,,2,,,,,,,,,,,1,,1,1,,,,,2,1,1,2,,,,1,,,,2,,,,,,1,,,,7,,,,,40,51,0,11,,,3,6,9,,1,4,7,15,,11,8,8,,,,84,83,0,,2,,,,,19,1,3,3,4,5,8,,6,2,2,12,,10,6,40,116,123,0,7,8,,13,,6,26,,,11,,63,71,0
941,359,287,1,1702,31,Laxton-1702-31-recto,14,July,21,July,1,,,2,,,2,,,,,,1,,2,1,,,,,1,1,,2,,,,1,,1,,,,,2,,,,,1,,3,,,,,,,1,,,,1,,,,,,,,1,,,,,,1,,2,,,,1,,,,,,1,,,,1,,,,,,,3,,,2,1,,,,31,36,0,17,,1,1,6,9,3,5,3,,11,,6,16,10,,1,,91,89,0,,1,,,,,16,2,7,6,4,1,11,,4,3,2,14,,4,,35,96,110,0,8,6,,14,,1,26,3,,15,,68,73,0
942,360,303,1,1702,32,Laxton-1702-32-recto,21,July,28,July,,1,,,,,2,,2,,,,3,1,1,,,,1,,1,,1,2,,,1,,,,,1,,,1,1,,,1,,1,2,2,1,,,,1,1,,,,,,1,,,,,1,1,,,,,1,,1,,2,,1,1,,,,,,,,,,1,1,2,,,,,,,,,,1,1,,35,43,0,18,1,1,3,14,6,,4,4,11,20,,17,12,11,1,,,92,123,0,,2,,,,,20,2,2,6,2,4,4,,6,2,7,10,,6,2,34,122,109,0,9,11,,17,,,26,1,,15,,65,79,0
943,361,304,1,1702,33,Laxton-1702-33-recto,28,July,4,August,,1,3,3,,,,,2,,,,2,,2,1,,2,,,1,,,3,1,2,1,1,,,1,1,,,1,,,,,,,2,2,1,1,,,,1,,,2,,,,1,,,,,,,,,,1,,1,2,1,,1,1,,,1,,,,1,,,1,,1,,,,,1,,,4,,,,,38,54,0,17,1,,1,5,8,,2,6,10,20,,20,14,7,2,,,89,113,0,,4,,,,,31,,8,6,2,11,5,,13,4,6,16,,8,4,42,112,160,0,8,6,,16,,5,33,1,,12,,75,81,0
944,362,311,1,1702,34,Laxton-1702-34-recto,4,August,11,August,1,1,1,,,,,,2,1,,2,3,1,5,,,,,,2,,,2,,,2,2,,,1,1,,,,1,,3,,,1,1,1,1,1,,,,1,,,,,,3,2,,,,,1,,,,,,1,,,,,3,2,2,,,,,,,,,1,,,,1,,,,,2,2,,1,,,35,58,0,17,,,5,4,10,,3,6,12,22,,21,19,4,,,,99,123,0,,3,,,,,38,1,6,3,5,7,9,,17,6,10,17,,5,5,31,112,163,0,7,7,,14,,,27,1,,14,,70,70,0
945,363,312,1,1702,35,Laxton-1702-35-recto,11,August,18,August,,3,1,,,2,1,2,,1,3,1,,,1,,1,3,3,,2,,,,1,,1,2,,,1,,,1,,,1,,,,,,,1,,,1,3,,,,,,1,,,,,,,1,,,1,,,,,3,,,,1,,2,,,,,,,,,,1,,1,,,2,,2,1,,1,,,40,53,0,20,1,,5,11,16,4,5,5,6,30,,14,9,6,,,,101,132,0,,2,,,,,24,1,4,9,4,8,10,,10,,1,10,,5,,41,102,129,0,5,6,,,,2,37,1,,5,,50,56,0
946,364,314,1,1702,36,Laxton-1702-36-recto,18,August,25,August,,5,,,,,2,,,1,,1,4,1,5,,1,1,2,,,,,,,1,1,1,,,,,,,3,2,,2,,,1,1,1,,1,,,1,,,,,1,1,,2,,,,,1,,,,,2,,,,,,1,,,,1,,,,2,1,,,,,,1,,,,,,,,,,,40,51,0,16,1,,3,7,7,,6,4,5,23,,17,16,11,4,,,94,120,0,,5,,,,,30,,5,4,5,7,11,,10,2,3,22,,8,4,46,106,162,0,12,12,,40,,6,28,,,17,,70,115,0
947,365,322,1,1702,37,Laxton-1702-37-recto,25,August,1,September,,2,,,,,1,1,,1,,1,3,,2,2,3,2,1,,,,,4,,,1,,,,1,3,,2,1,,,1,1,,1,1,1,1,,,1,,,,,1,,,2,1,2,,,,1,,,,,,,,2,1,,1,2,,1,1,,,,2,,,,,3,,2,,,,,,3,1,3,,,33,67,0,16,,2,5,13,11,,8,5,14,24,,19,8,10,1,,,94,136,0,,2,,,,,32,4,4,4,4,11,13,,10,,2,16,,10,3,54,99,169,0,11,9,,20,,5,29,1,,13,,70,88,0
948,366,323,1,1702,38,Laxton-1702-38-recto,1,September,8,September,,,,2,,,1,2,1,1,,1,2,,5,,,,1,1,,,,2,,,2,4,,,2,,,,,,,,,,,,,,,1,,1,1,,,,,,,1,,,,1,,,,,,2,1,,3,,,,,,,,,,,2,,,,,,,,,,,,2,3,,,,,38,45,0,17,,,5,19,13,,4,,11,17,,22,11,13,2,,,87,134,0,,1,,,,,43,4,7,7,3,12,10,,10,7,7,18,,9,5,57,100,200,0,9,8,,20,,7,33,3,,17,,76,97,0
949,367,324,1,1702,39,Laxton-1702-39-recto,8,September,15,September,,3,,,,,,1,1,1,2,1,,,3,,,,1,,2,,1,3,,,,2,,2,3,,,1,1,,,4,,,,1,1,,,1,,2,,,,,1,,2,,,,,,1,,,,,1,1,,,1,,1,2,,,1,,,,1,1,,,,,1,,,2,,,1,1,1,1,,,40,57,0,26,1,2,7,11,10,2,6,,12,19,,22,12,11,5,,,87,146,0,,5,,,,,29,4,8,9,5,6,11,,12,1,8,17,,14,7,33,98,169,0,12,10,,24,,5,21,1,,17,,76,90,0
950,368,325,1,1702,40,Laxton-1702-40-recto,15,September,22,September,,4,,2,,1,,,2,,,1,,,1,,,,,,1,,,1,,1,,,,1,,,1,,3,,,2,1,,,2,1,,,,1,,1,,,,2,,,2,,,,,,,,1,,1,,,4,,,,1,,2,,,1,,,,,1,1,1,,,,,3,,,,,,1,2,46,50,0,22,4,,4,13,11,,4,5,10,32,,11,7,5,3,,,76,131,0,,3,,,,,31,4,4,6,2,12,11,,8,3,8,19,,15,,35,113,161,0,13,10,,22,,2,20,3,,14,,60,84,0
951,369,326,1,1702,41,Laxton-1702-41-recto,22,September,29,September,,1,,2,,,,1,,,,,1,,1,1,,1,,,,,1,1,,,,3,2,1,,,,,1,,1,,1,,1,,2,,,,,1,,,,1,1,,,,,,1,,,,,,,,,2,,,,,,,1,,,,,2,2,,,,2,1,,,,,,,5,,4,1,,32,46,0,16,,,3,13,8,,3,1,7,21,,13,8,13,1,,,121,107,0,,1,,,,,26,,11,5,,5,11,,11,2,8,19,,8,14,47,106,168,0,10,5,,15,,1,33,1,,21,,75,86,0
952,370,327,1,1702,42,Laxton-1702-42-recto,29,September,6,October,,2,,,,1,,,2,1,,1,1,,1,1,,,,,2,,,4,,2,,,,,,,1,,5,,,,,,,1,,,,,,1,1,,,,,1,,2,,,,,1,,,1,,2,,,1,1,,1,1,,,1,,,1,,1,,,,2,,2,1,1,,,1,,,,,,53,48,0,18,,2,5,9,15,,2,1,7,23,,12,20,12,2,1,,98,129,0,,7,,,,,16,2,7,7,6,3,7,,6,2,7,6,,6,2,35,94,119,0,4,6,,20,,,24,1,,10,,82,65,0
953,371,328,1,1702,43,Laxton-1702-43-recto,6,October,13,October,,3,,1,,,,,2,,,,,,3,,1,2,2,,1,,1,1,,,1,2,,,,,,,,1,,,,,,2,,1,1,,,,,,,,,1,1,2,,,2,,2,,,1,1,,,,,,,,,1,2,1,,,1,,,,,1,,,,,,,,,,,,,,25,41,0,15,2,,2,11,8,,3,5,8,14,,12,14,11,1,1,,85,107,0,,2,,,,,26,,,8,,6,9,,10,4,6,14,,8,1,42,114,136,0,6,8,,22,,2,25,1,,22,,90,86,0
954,372,329,1,1702,44,Laxton-1702-44-recto,13,October,20,October,1,4,,,,,1,,,2,,,1,,2,1,2,1,2,1,1,,,2,,2,,2,2,,,,,,,2,1,5,1,,,,,2,,,,,2,,,,,,,,,,1,,1,2,,,,2,,,2,,,,2,,,,1,,,,,,1,,,,,1,,4,2,,6,,,,,49,65,0,26,2,1,2,7,8,,3,6,4,17,,10,10,7,,,,87,103,0,,1,,,,,24,,12,5,,5,5,,6,5,4,19,,5,3,36,99,130,0,4,7,,25,,10,28,1,,19,,78,94,0
955,373,330,1,1702,45,Laxton-1702-45-recto,20,October,27,October,2,1,1,2,,,,2,3,,,,2,,3,1,,,,,1,,1,2,,1,,4,,1,,,,,2,,,3,,,,,2,,,1,,1,1,,,,,,,,,,3,,,,,,1,,,,,1,,1,1,,1,,,,,1,,,,,1,,1,,,1,1,1,2,,,,,37,53,0,22,2,,4,10,14,,3,3,11,25,,13,12,8,3,,,79,130,0,,4,,,,,30,4,9,6,5,4,8,,6,2,4,15,,7,2,31,104,137,0,4,7,,17,,3,23,3,,14,,82,71,0
956,374,340,1,1702,46,"Laxton-1702-46-recto ",27,October,3,November,,1,1,,,,,,2,,,,,,2,,,,,,,,,5,,,,2,,,,,,,,2,,,,,1,,1,,,,2,1,,,,,1,2,,,,,,,,,,1,1,,1,,,,,2,1,,1,1,,1,,,1,,1,,,,,,,,,,3,1,,,,23,38,0,20,3,,1,8,7,2,3,5,6,21,,,12,13,,,,76,101,0,,5,,,,,28,,5,8,4,4,10,,5,,3,13,,20,,43,79,148,0,9,12,,23,,1,24,1,,14,,82,84,0
957,375,341,1,1702,47,Laxton-1702-47-recto,3,November,10,November,,2,,,,2,,,1,,,1,1,,,,1,,,,2,,,3,,,1,1,1,,2,1,,1,1,,,,,,1,2,,1,,,1,1,2,,,,2,,,1,,,,,1,1,,,,3,,,,,,,1,1,,,,,,3,,,1,,2,,,,,,,,3,,,,,40,48,0,16,2,,3,14,9,,8,6,12,20,,25,5,11,,,,112,131,0,,2,,,,,23,2,7,8,4,7,5,,4,2,4,14,,9,1,34,104,126,0,7,8,,21,,5,22,2,,10,,79,73,0
958,376,342,1,1702,48,Laxton-1702-48-recto,10,November,17,November,,2,1,,,,2,,1,1,1,2,1,,3,,,,,,1,,,1,1,,1,1,,1,,2,1,,,,,2,,1,,2,,1,,1,,1,,,,,,,3,1,,,,,1,,,,,,,,3,,,2,2,1,1,,,,,,1,,,,,,,,,,1,,3,2,,,1,37,53,0,15,,,4,8,6,,7,1,6,26,,6,9,18,,,,74,106,0,,1,,,,,24,1,8,10,,7,12,,7,1,2,11,,9,,36,91,129,0,12,10,,17,,2,22,,,16,,79,79,0
999,377,372,1,1702,49,Laxton-1702-49-recto,17,November,24,November,2,,,,,,1,1,,,,,1,1,5,1,1,,,,1,,,1,1,,,2,,,,,1,,2,,,,,,1,,1,2,,,,,2,,,,,1,,1,,,,,,1,,1,1,2,,,,3,,,1,2,,,,,,,,,,,1,,2,,1,,,,1,1,,,1,49,47,0,19,2,,4,9,10,,5,2,6,19,,18,5,15,,,,87,114,0,,4,,,,,25,3,10,4,7,,8,,6,,2,14,,12,6,30,80,131,0,6,6,,25,,3,27,2,,20,,61,89,0
1000,378,373,1,1702,50,Laxton-1702-50-recto,24,November,1,December,,2,,,,,,,1,1,1,3,,,6,,,1,1,,2,,,1,,,2,,2,3,1,1,1,2,2,,,,,2,2,1,2,,,,,1,,,,,1,1,,2,,,,,,1,,,,,1,,,,,,,,,2,1,,,,,,,,2,,,,,2,,,3,,2,1,,35,81,0,20,2,1,5,9,7,2,10,4,7,16,,16,15,9,,,,92,123,0,,,,,,,22,,4,6,2,6,7,,7,4,2,15,,8,2,39,107,124,0,8,6,,19,,2,22,5,,12,,73,74,0
1001,379,374,1,1702,51,Laxton-1702-51-recto,1,December,8,December,,4,1,1,,1,,,2,,,1,1,,3,,,1,1,,,,,1,3,,,2,,,,2,,,1,1,1,,2,,1,,2,1,,,,,,1,,,,2,3,,,,,,1,,,,,2,1,1,,,,,,,,1,,,,,1,,1,,,,,,,,2,1,5,,1,,,35,56,0,11,2,2,3,9,13,,4,5,5,15,,16,10,14,4,,,86,113,0,,3,,,,,20,2,6,3,5,14,5,,10,2,3,7,,8,7,26,125,121,0,6,8,,17,,3,19,5,,12,,80,70,0
1002,380,375,1,1702,52,Laxton-1702-52-recto,8,December,15,December,,3,,2,,,,2,1,,1,,1,2,1,,,,2,,2,,,4,1,1,,4,,1,2,,,,1,,1,,,,,1,1,1,,,,1,,,,1,,,,,,,,,,1,,,1,1,1,,2,1,,,1,,1,,,,,1,,,,,1,,,,,,2,,5,,,,,45,55,0,20,1,,3,12,8,,7,,10,16,,17,16,7,1,,,95,118,0,,2,,,,,25,4,8,10,,,8,,4,4,8,17,,7,3,46,100,146,0,8,7,,17,,7,30,3,,17,,75,89,0
1011,381,376,1,1702,01,Laxton-1702-01-recto,15,December,22,December,,1,,,,,,2,2,1,,1,1,1,5,,,,2,,,,,2,,,,2,,1,,,,,3,,,1,,,,3,1,1,2,,1,1,,,,1,,,,1,,,,,,1,,,,1,,,,,,,,,,,,,1,,,,,,1,,1,,,1,,1,1,1,,,1,43,46,0,18,2,1,2,8,6,,10,1,5,20,,16,13,13,,2,,100,117,0,,3,,,,,19,8,6,8,2,8,10,,7,,6,17,,5,4,39,105,142,0,9,16,,20,,3,43,1,,16,,55,108,0
1012,382,385,1,1702,02,Laxton-1702-02-recto,22,December,29,December,1,5,,2,,,,,1,1,,2,,,1,1,,,,,1,,,2,,,1,3,,,,,,1,2,,,,,,,,3,,,,2,,1,,,,1,3,,,,,,,,,,,,,,,,,,1,,,1,,,,,,,,,,1,,,,1,2,1,,1,,2,,1,22,45,0,16,4,,2,7,7,,8,6,12,17,,14,10,15,1,,,90,119,0,,3,,,,,24,2,2,7,2,6,6,,5,,2,18,,10,,39,88,126,0,8,6,,32,,2,28,,,20,,77,96,0
1013,383,386,1,1702,03,Laxton-1702-03-recto,29,December,5,January,1,2,,2,,,,,1,1,,,,,2,,,,1,2,,,,2,,,1,2,,,,1,,1,1,1,,2,,,,1,,1,,,1,1,1,,,1,2,,,,1,,,,,,,,,,3,,,,,1,1,1,1,,,,,,,,,,,,,,,1,1,,4,,,,,27,45,0,15,1,2,2,13,8,,4,4,8,14,,17,11,13,3,,,98,115,0,,3,,,,,25,2,8,6,6,6,7,,4,1,,15,,10,4,38,102,135,0,9,6,,25,,1,30,5,,24,,96,100,0
1014,384,387,1,1702,04,Laxton-1702-04-recto,5,January,12,January,1,2,,1,,1,,,1,,,1,2,1,,,,,,,,,,1,,,,2,,,,,,,,,3,1,,,,1,2,,,1,1,2,3,,,,,2,1,,,,,,,,,,1,,1,1,,1,,,2,,,1,,4,,,,,,,3,,1,,,,,1,1,5,1,,1,39,50,0,16,1,1,4,12,13,,6,4,8,25,,13,13,13,2,,,87,131,0,,4,,,,,23,,7,5,5,,11,,6,3,2,16,,11,3,39,114,135,0,16,7,,22,,8,32,1,,30,,75,116,0
1015,385,388,1,1702,05,Laxton-1702-05-recto,12,January,19,January,1,2,1,,,,1,1,1,,1,,1,1,4,,,1,,,1,,,,,,,3,4,,,,1,1,,1,,1,,,,1,2,2,1,,,,,,,,1,,,,,,,,,,,,,,1,,3,1,,,,,,,,2,1,,2,,,,,,2,1,,1,,,1,2,1,,1,39,53,0,18,2,,5,14,9,,4,3,5,29,,13,9,15,,1,,93,127,0,,7,,,,,35,2,6,6,,8,18,,8,2,3,18,,12,,49,107,174,0,12,16,,35,,4,29,3,,22,,76,121,0
1016,386,397,1,1702,06,Laxton-1702-06-recto,19,January,26,January,1,1,,,,,,1,,,,1,,,4,,,,,,,,,3,,2,1,2,,,,1,,2,1,1,,,,,,1,,,,1,1,2,1,,,,2,,2,,,1,2,,,,,1,,4,1,,1,,,,1,,,1,1,1,,1,2,,,,3,,,1,,1,,1,2,,,1,,31,57,0,24,3,,6,13,13,,8,5,6,23,,23,19,17,,,,98,160,0,,1,,,,,35,,7,12,2,1,12,,9,5,5,22,,,2,55,106,168,0,14,10,,40,,4,41,6,,27,,78,142,0
1017,387,407,1,1702,07,Laxton-1702-07-recto,26,January,2,February,,,,1,,1,,2,2,2,,1,,,,,2,,,,3,,,1,,,1,4,,,2,,,,2,2,,3,,,1,,1,,,,,2,,,,1,,3,,,,,1,,3,,,,,2,,,1,,,,1,,2,,,1,,,1,,,,1,,1,1,,,,3,,,,,,30,55,0,23,2,1,5,14,19,,6,3,12,20,,7,20,16,1,,,97,149,0,,2,,,,,33,2,4,5,,4,11,,16,2,5,16,,17,10,49,117,176,0,9,5,,17,,7,42,1,,19,,68,100,0
1018,388,416,1,1702,08,Laxton-1702-08-recto,2,February,9,February,,3,,1,,,,,3,,,2,,1,4,,1,,,3,2,,,3,,,,1,,1,1,,,,3,1,1,2,,,2,,1,1,2,1,1,1,,,,,,,1,2,,,2,1,1,,,1,2,,,,2,4,,1,,2,,1,,3,,,1,,,,1,,,,,1,,2,9,,,,,31,79,0,26,2,,,10,12,,7,2,9,29,,16,10,35,1,,,98,149,0,,2,,,,,10,3,7,9,,4,17,,10,,2,26,,7,,46,111,183,0,16,20,,34,,6,36,4,,24,,77,140,0
1019,389,417,1,1702,09,Laxton-1702-09-recto,9,February,16,February,,,1,,,,3,1,2,3,,1,2,3,5,1,,,2,,,,,3,2,,1,2,2,1,,,,,2,,,2,,,1,1,1,,,1,1,,,1,,1,2,,1,,,,1,,1,,,1,1,1,1,,,1,,2,,,1,,,,,1,2,,,,,,2,,1,1,,,,,1,,,46,69,0,27,1,2,7,18,16,,8,,7,27,,16,12,18,1,,,111,160,0,,3,,,,,37,3,5,8,4,3,15,,4,4,3,16,,16,7,46,122,174,0,14,5,,21,,2,28,4,,21,,73,95,0
1020,390,418,1,1702,10,Laxton-1702-10-recto,16,February,23,February,1,1,,,,1,,1,1,,2,1,1,1,3,1,,,1,,1,1,,1,,1,,2,,,2,,1,,2,,1,2,,1,1,1,,,,,1,2,3,,,,1,1,,,,,,,,,,,,,,,1,,,,1,1,1,,,2,,1,,,,1,1,,,1,,,2,1,8,2,,,,44,63,0,27,4,1,1,14,13,2,7,4,10,28,,22,18,14,3,,,97,168,0,,,,,,,31,3,2,9,5,8,11,,13,3,2,22,,6,3,60,102,178,0,11,11,,26,,1,36,4,,35,,78,123,0
1021,391,419,1,1702,11,Laxton-1702-11-recto,23,February,2,March,,,1,,,,,,,2,,1,3,1,1,,,,1,,2,,,1,1,,2,2,,,,,,,3,1,1,,,,,1,,,,,6,,,,,,,,2,,,,1,,,1,,4,,,,,,1,,2,3,1,,,1,,,1,,,,,,,,,,,,,,,,,,20,47,0,34,2,,4,8,9,,6,1,6,24,,25,2,17,5,1,,106,144,0,,2,,,,,41,,2,5,2,7,11,,6,,3,13,,11,,38,105,141,0,9,9,,22,,7,28,3,,18,,79,96,0
1022,392,420,1,1702,12,Laxton-1702-12-recto,2,March,9,March,,4,,1,,1,1,2,1,,,,,2,5,2,1,,,,3,,,2,,,1,2,,1,1,1,,,7,2,1,,,,,,2,,1,,1,,1,,,,,,,,,,,,3,,,1,,,,1,,,,,,1,,1,,,1,,1,,,,1,,,,,,1,,7,,,,,40,64,0,19,1,2,3,14,18,,4,4,4,28,,18,5,14,,,,100,134,0,,4,,,,,25,4,3,8,4,7,15,,9,,4,13,,10,2,50,105,158,0,13,10,,11,,2,23,8,,20,,82,87,
1023,393,421,1,1702,13,Laxton-1702-13-recto,9,March,16,March,,3,,,,,,,,,,,2,,2,1,,,,,1,,,2,,,1,,,,1,,,,,,1,,,,1,,,,,,,,,1,,,,,3,1,,,,,1,,,,,1,1,,3,,,2,,,1,2,,2,,,,,,1,,,1,,1,3,,2,4,,1,,,32,46,0,21,2,,2,13,13,,11,1,3,27,,15,5,13,1,,,98,127,0,,3,,,,,35,4,5,7,3,5,7,,3,,5,22,,5,,36,94,140,0,6,14,,22,,9,28,3,,24,,77,106,0
1024,394,429,1,1702,14,Laxton-1702-14-recto,16,March,23,March,,1,,1,,,,1,2,2,,2,,,1,,1,1,,,1,,,2,,,,3,,2,1,1,1,,1,1,,1,2,,2,,3,,,,1,,3,,,,1,,,,,,2,,1,,,,,1,,,,,,1,,,,1,,,,,,,,,,,,,,2,,,5,,3,,,45,54,0,18,,1,4,11,15,,9,1,7,22,,17,8,11,1,2,,96,127,0,,6,,,,,40,2,5,7,3,4,10,,6,1,2,18,,12,3,46,102,165,0,6,7,,28,,3,27,,,25,,75,96,0
1025,395,430,1,1703,15,Laxton-1703-15-recto,23,March,30,March,2,3,,,,,,,,,,3,1,,2,,,,,,,,,2,,1,,,2,,,,,,,,,1,,,2,5,,,,,,,1,,,,,,2,1,,,,,,1,,1,,,,,2,,,,,,,1,,,1,,,,,,,,1,,1,,,,2,1,,,,37,39,0,17,2,,5,13,13,,8,6,7,23,,16,9,9,,,,97,128,0,,3,,,,,36,,11,16,2,5,11,,10,3,2,17,,10,,50,73,176,0,5,16,,13,,3,31,,,9,,65,77,0
1026,396,431,1,1703,16,Laxton-1703-16-recto,30,March,6,April,1,2,,,,,1,1,2,1,,2,2,1,2,,,,1,1,1,,1,5,,1,2,1,,,,,,1,4,,,,,,,1,,,,,,,,,,1,1,,,,,,2,,1,,,2,,1,,,,,,1,1,,1,,,,,,,,1,,,,,,,,2,2,2,3,3,,2,29,60,0,21,2,,4,10,8,2,5,4,9,23,,14,10,17,,,,97,129,0,,5,,,,,32,5,6,7,3,7,13,,9,1,6,11,,7,6,52,111,170,0,6,9,,17,,,33,4,,17,,74,89,0
1027,397,432,1,1703,17,Laxton-1703-17-recto,6,April,13,April,,2,1,2,,,,2,1,,,1,,,2,,,1,,,,,,4,,,2,1,,,,1,,,2,1,1,,,,,,,3,,,,,1,,,,,1,,,,,1,,1,1,,,,,,,,,,1,,,,,1,,,,,,,,,2,1,,,4,,,1,,,1,1,26,44,0,21,2,2,4,11,11,,8,1,4,20,,15,12,14,2,,,85,127,0,,2,,,,,20,6,5,8,4,10,5,,6,3,8,15,,12,10,48,97,162,0,4,9,,28,,3,24,3,,12,,44,82,0
1028,398,435,1,1703,18,Laxton-1703-18-recto,13,April,20,April,2,3,,2,,,,,2,,,,1,4,,,,1,,,1,,,1,,1,,3,,,,1,,1,1,1,,1,1,,,1,,2,1,1,,2,1,,,1,,,,1,,,,,,2,,1,,,,,,,,,,,,,1,,,,,,2,,3,,1,,,,,,2,,,1,,27,50,0,18,,,4,7,,,8,1,4,20,,9,9,11,1,,,71,92,0,,3,,,,,16,1,8,7,5,3,9,,8,1,6,15,,10,,44,103,136,0,7,7,,27,,2,27,2,,23,,58,95,0
1144,433,235,1,1703,14,Laxton-1703-01-recto,14,December,21,December,,2,1,,,,1,,,,,1,1,,4,,,,1,,,,,2,1,1,,1,,1,2,1,,,1,,1,,,,,1,1,,,,3,1,1,,,,,4,,,,,2,,1,,,1,,2,,,,3,,,,,2,1,,,1,,,,,,1,,1,,1,,1,,,,,1,,30,51,0,17,2,1,2,13,5,,5,8,2,24,,11,11,13,1,,,98,115,0,,3,,,,,34,,8,7,3,2,9,,5,,6,15,,12,7,27,116,138,0,11,8,,18,,2,32,2,,13,,74,86,0
1145,434,259,1,1703,02,Laxton-1703-02-recto,21,December,28,December,,1,,2,,,3,,1,,1,,,1,,1,,,,,2,,,3,,1,2,4,,1,1,2,,,4,,,,,,,1,1,,,1,,,,,,1,2,1,1,,,,,,,,,,,2,,,,,,4,2,,,1,,,,2,,,2,,,,1,,1,1,,,5,1,,,1,29,61,0,29,1,1,4,14,6,,5,4,6,27,,15,10,15,2,,,105,139,0,,,,,,,36,3,8,11,4,3,13,,8,2,3,18,,13,3,38,113,163,0,5,11,,20,,3,32,4,,16,,76,91,
1146,435,260,1,1703,03,Laxton-1703-03-recto,28,December,4,January,,2,,1,1,,2,3,,,,1,3,2,6,,,,,,,,1,3,,,2,1,,,,1,1,,1,1,,,1,,1,1,,2,2,,,,,,,,1,,,3,,,,,,,,1,,2,1,,3,1,,1,,,,,,4,,,,,,,1,,1,,,,,2,4,,,,,27,64,0,23,3,,8,12,16,,13,3,13,19,,11,21,20,,,,107,162,0,,2,,,,,33,2,8,7,2,6,15,,15,2,6,14,,9,7,51,116,179,0,16,9,,27,,3,36,1,,14,,97,106,
1147,436,261,1,1703,04,"Laxton-1703-04-recto ",4,January,11,January,1,1,,,,,,,2,1,,1,2,,2,,,,,,3,,1,4,,2,,2,,4,,1,,,,,1,1,,1,1,2,2,,,,1,1,1,1,,1,1,3,1,,,,1,,4,,,,,2,2,,,,,1,1,,2,3,,,,,,,1,,1,,,,,,2,,3,,,1,1,40,70,0,16,1,,3,12,5,,7,6,5,26,,23,13,19,2,,,94,138,0,,2,,,,,28,,9,3,7,7,10,,13,4,2,12,,13,3,47,119,160,0,11,10,,27,,2,31,2,,25,,79,108,
1148,437,262,1,1703,05,Laxton-1703-05-recto,11,January,18,January,,2,,3,,,2,1,1,2,,,1,1,3,,,,,1,,,,5,1,,2,,,1,1,4,,1,3,4,1,,,,2,,1,,,,1,2,1,,,,5,,1,,1,,2,1,2,1,,,,,,3,1,1,,,1,1,,,,1,,,,,,1,2,1,1,,,2,,1,1,,,,2,43,79,0,28,7,2,5,26,15,1,6,6,8,27,,20,13,15,1,2,,91,182,0,,2,,,,,35,4,9,7,8,4,20,,9,3,5,17,,6,5,59,122,193,0,14,13,,30,,3,36,5,,19,,65,120,
1149,438,263,1,1703,06,Laxton-1703-06-recto,18,January,25,January,,1,1,2,1,2,1,1,2,2,,,2,1,4,,,,,1,4,,,1,,,1,4,,2,,1,1,,1,,2,,1,1,,4,1,1,1,,,,1,,,1,,,,,,,,,,,,,,,1,,,,,1,,,,,,1,,,,,,,1,,1,1,,2,,1,6,1,,,,28,65,0,30,3,1,7,6,6,,9,5,4,18,,15,9,13,1,1,,114,128,0,,3,,,,,36,,6,8,5,7,12,,9,2,5,18,,,1,41,101,153,0,18,5,,38,,9,34,4,,32,,95,140,
1150,439,264,1,1703,07,Laxton-1703-07-recto,25,January,1,February,1,,1,1,,1,,,3,,,1,1,,3,,,,,,,,,4,,,,2,2,,1,,,,,,,3,,,,2,1,2,,,,1,,,,,,,,,,,,,2,,,,,1,1,1,,,,1,,1,,,1,,,,,,,,,,2,,,,,1,,,,1,,45,42,0,25,3,,6,9,11,,4,2,11,31,,16,10,7,1,,,102,136,0,,2,,,,,29,7,13,7,3,6,14,,4,,3,22,,14,5,48,123,177,0,6,7,,40,,6,32,3,,13,,78,107,
1151,440,265,1,1703,08,Laxton-1703-08-recto,1,February,8,February,2,1,,,,,,,2,2,,,,,2,,,1,,,1,,,1,,,1,,,,,3,,3,4,2,,,,,,,2,2,,,,2,1,,,,,,,,,,2,,1,,,,,,,,2,,,,,,1,1,,,,,,,1,,1,,,,,,1,,,,,,1,29,43,0,17,,5,5,16,10,1,9,4,11,24,,17,12,12,1,1,,97,145,0,,2,,,,,35,2,6,8,7,3,9,,11,3,4,10,,11,3,51,127,165,0,13,8,,16,,6,35,1,,14,,75,93,
1193,441,266,1,1703,09,Laxton-1703-09-recto,8,February,15,February,1,3,,,,,,,2,1,1,3,2,2,1,,,,,,1,,,3,,,1,1,,,1,1,,,2,,,,,,,1,1,2,,,,2,,,,,,,,,,,,,,,,1,,,,,,1,,,,,,,,,,,,,,,,1,,,,1,,,3,,1,,,31,40,0,28,1,,1,8,11,,9,1,8,19,,15,14,11,,,,80,126,0,,2,,,,,35,,4,6,6,3,9,,8,3,2,17,,5,5,52,86,157,0,18,12,,35,,8,26,3,,18,,74,120,
1194,442,267,1,1703,10,Laxton-1703-10-recto,15,February,22,February,2,2,,4,,,1,1,1,,1,,,,3,1,1,,,,,,,2,,1,,1,,,1,,1,,3,1,1,,,,1,,,3,1,,2,2,,,,1,,2,,,,,,,2,1,,,1,,1,1,,,,1,2,,,2,1,,,,2,,,,,,,1,,,3,1,,1,1,,1,46,62,0,22,1,,3,17,8,,7,5,5,25,,20,13,17,3,2,,95,148,0,,2,,,,,36,2,5,5,3,6,7,,8,4,2,13,,10,3,53,113,159,0,12,9,,26,,8,35,2,,25,,81,117,
1195,443,268,1,1703,11," Laxton-1703-11-recto",22,February,29,February,,1,2,4,,,,1,1,,1,1,1,,,,2,,,,2,,,3,,,2,,2,,1,,,1,3,,,,,,1,,3,2,,,2,1,,,,,,1,,,,,,,6,,,2,,,1,,,1,,1,1,,,,,2,,,,,,,1,1,,,,2,,,,1,1,1,,36,59,0,25,,1,4,20,6,,4,4,7,18,,19,6,15,2,,,108,131,0,,3,,,,,36,1,11,2,4,7,17,,6,2,2,22,,13,2,47,111,175,0,15,8,,21,,4,38,8,,17,,70,111,
1196,444,269,1,1703,12,Laxton-1703-12-recto,29,February,7,March,,1,,,,1,,1,1,,,2,,,5,1,,,,,1,,,1,,,1,3,2,,,,1,,3,1,,2,1,,,1,,2,,,1,1,1,,,,,2,,,,,1,,,,,,,,1,,2,,,1,3,,,,,1,,,,,1,,1,1,1,1,,1,1,,4,1,1,1,2,47,61,0,21,2,1,5,4,9,3,11,7,4,21,,16,12,11,2,,,114,129,0,,1,,,,,35,2,6,8,5,5,6,,7,3,5,15,,9,4,56,111,167,0,12,13,,25,,4,31,4,,20,,74,109,
1197,445,270,1,1703,13," Laxton-1703-13-recto",7,March,14,March,1,3,6,1,,2,,1,1,,,1,,,1,1,,,,,,,,2,1,1,1,1,,1,,,,,1,1,,2,,,,1,2,,,,1,1,1,,,,3,,2,1,,,,,,1,,,,,,,,1,,2,,,1,,,,,,,,,,1,1,,,1,,,1,6,,2,,,24,58,0,19,2,1,7,14,15,,6,3,13,30,,19,12,14,,1,,87,156,0,,4,,,,,38,3,7,6,2,1,10,,6,4,,18,,12,,43,91,154,0,12,9,,30,,7,31,2,,18,,78,109,
1198,446,294,1,1703,14," Laxton-1703-14-recto",14,March,21,March,1,2,,,,,,,1,1,,1,,1,2,,2,,,,1,,,1,,,1,4,,,1,,,,1,1,,,,,,,1,1,1,,,1,1,,,,,,1,,,,2,4,,,,1,,2,1,,,1,,,,,1,1,1,,,,,,,1,1,1,1,1,,,1,,2,,2,,,42,51,0,37,3,1,3,20,14,,7,3,5,16,,14,10,12,1,1,,104,147,0,,3,,,,,39,2,4,8,2,6,11,,6,2,1,12,,8,1,47,113,152,0,10,10,,25,,2,43,1,,19,,69,110,0
1199,447,295,1,1704,15,Laxton-1704-15-recto,21,March,28,March,,1,,,,,,,,1,,,1,1,1,1,,,,,3,,,7,,,2,3,,,2,,,2,1,,,,,,,1,1,,,,1,2,1,,,,,,,1,,,2,,,,,1,,1,1,1,,,,1,,,2,2,,,,1,,,,,,,1,,,3,,1,1,1,,,1,32,53,0,26,3,,6,15,9,,6,3,8,21,,8,8,17,1,1,,87,132,0,,2,,,,,31,2,3,8,3,4,8,,12,2,4,21,,7,6,45,109,158,0,16,8,,17,,4,35,2,,23,,64,105,0
1200,448,296,1,1704,16,Laxton-1704-16-recto,28,March,4,April,,,1,2,,,1,,1,,,1,1,1,,1,,1,,,2,,,4,,,2,1,,,1,1,,1,2,,1,2,,,2,2,1,,,1,1,1,,,,1,,,,,,,,,,,,,,2,,,,,,3,,1,,,1,,,,1,,1,,1,,,,,1,1,,2,,1,,1,46,52,0,25,1,,2,12,9,,4,4,3,19,,6,12,11,,3,,101,111,0,,2,,,,,23,3,8,5,4,3,14,,8,3,3,13,,5,,45,107,139,0,6,9,,26,,5,37,2,,18,,56,103,0
1201,449,297,1,1704,17,Laxton-1704-17-recto,4,April,11,April,,3,,,,2,,,,1,,,,,1,1,,1,,2,2,,,2,,,,1,,,,1,,,2,2,,,1,,,,,,,1,,,,,,2,,,,,1,,1,,,,,,,,1,,3,,,,,,,,,,,1,1,,1,,1,1,1,,,,1,,3,,,,,28,41,0,30,,,3,12,7,2,9,,5,22,,21,12,18,1,1,,93,143,0,,2,,,,,26,1,6,6,1,6,5,,13,,9,24,,6,9,46,105,160,0,10,5,,19,,4,25,2,,14,,71,79,0
1202,450,298,1,1704,18,Laxton-1704-18-recto,11,April,18,April,,,,1,,2,,2,3,1,1,,1,1,1,,,,,,,,,2,,1,,2,,1,,1,,,1,,,,,,,2,,1,,,,,1,,,1,,1,,1,,,,,,1,,,,,,1,,,,1,,1,,1,2,,,1,,,,,,,,,,2,,,3,,2,,,41,43,0,29,,,10,12,13,,4,6,6,19,,13,8,18,,,,88,138,0,,3,,,,,28,,6,6,4,4,20,,8,,4,16,,10,9,74,102,192,0,11,11,,21,,6,42,4,,13,,76,108,0
1203,451,299,1,1704,19,Laxton-1704-19-recto,18,April,25,April,1,2,,,,,,,2,,,2,,1,3,,,,3,,,,,1,,,1,1,1,,,,1,,2,1,,1,,,1,2,,,,,,,,,,,1,,,1,,,,,,,,,,,,,,2,,,,,,,1,,,,,,1,,2,,1,,,,2,3,,1,,,,44,41,0,23,1,1,8,12,9,,3,3,7,22,,15,10,7,1,,,107,122,0,,1,,,,,26,2,5,6,2,9,6,,3,4,1,17,,5,3,32,95,122,0,15,9,,20,,4,33,4,,15,,68,100,0
1204,452,300,1,1704,20,Laxton-1704-20-recto,25,April,2,May,,1,,,,1,,2,1,1,1,,,,4,,1,,,,,,,2,,2,,,,,,1,,,,1,,,,,,,1,2,,,2,,,,,,,1,1,,,,,,,,,1,,,,,,1,,,1,,1,2,,,,,,,1,,,1,,,,,,,1,,,1,2,35,37,0,21,3,,4,12,11,,7,6,8,18,,13,8,11,1,,,86,123,0,,2,,,,,29,1,7,8,2,5,12,,9,1,1,13,,9,,43,101,142,0,6,8,,17,,3,28,2,,24,,61,88,0
1205,453,301,1,1704,21,Laxton-1704-21-recto,2,May,9,May,,2,2,1,,,,,,1,,,,,1,,,,,,,,,2,,,1,2,,1,1,,,1,3,,,2,1,,,2,,,,,1,1,,,,,1,,1,1,,,,1,1,,,,,,,,,,,1,,,,1,,,,,,,,,1,,,,,,,,3,2,,1,,32,39,0,17,,,5,15,8,,8,3,7,25,,6,5,10,3,,,83,112,0,,3,,,,,30,2,5,7,4,5,9,,11,,,9,,6,2,45,112,138,0,9,7,,33,,4,32,2,,24,,75,111,0
1206,454,302,1,1704,22," Laxton-1704-22-recto",9,May,16,May,,1,,,,,,,1,,,,1,1,3,,1,2,,,4,,,6,,,1,,1,,,2,,,1,,,,1,,,3,1,1,2,,,1,1,,,,,,,1,,,,,,,,,,,1,1,1,,,,1,,,2,,2,,,,,,1,,,2,,1,,2,,,1,,,1,34,52,0,24,1,,1,13,12,,14,2,4,22,,10,16,7,,,,89,126,0,,2,,,,,26,5,6,7,2,6,11,,8,,4,18,,8,3,47,88,153,0,4,15,,20,,2,22,2,,14,,49,79,0
1207,455,317,1,1704,23,Laxton-1704-23-recto,16,May,23,May,,,1,,,,,2,2,1,,,,,3,,,,1,,3,,,2,,,,,,,1,,,,1,,1,1,,,,2,2,,1,,1,,2,,,,,,,,1,,,,2,,,,,,,,,,,,2,,,1,,,,,,,,1,,,,,,,,,2,,,,1,25,37,0,18,1,,4,9,5,1,7,2,5,19,,11,7,14,,,,75,103,0,,3,,,,,23,6,6,7,2,,11,,6,3,5,12,,,3,36,91,123,0,11,7,,17,,3,26,1,,19,,69,84,0
1208,456,318,1,1704,24,Laxton-1704-24-recto,23,May,30,May,1,,,,,,,,,,,1,2,,4,,,,,,,1,,3,,,,3,1,,1,,2,1,1,1,1,,,1,,1,1,1,1,,1,,1,,,,,1,,,,,,,1,,,,,2,,,,,,,,1,2,,,,,,,,,,,,,1,,1,,1,6,1,1,,,35,48,0,17,2,,3,11,7,,5,3,7,9,,11,7,18,4,1,,90,105,0,,1,,,,,25,2,6,5,3,4,14,,10,7,3,16,,24,5,33,89,158,0,6,10,,25,,3,27,3,,13,,49,87,0
1209,457,319,1,1704,25,Laxton-1704-25-recto,30,May,6,June,,1,,1,1,1,1,,,1,,1,,,5,,,,,1,3,,,2,,,1,,1,,1,1,,,2,1,,2,,,1,1,1,1,1,,,3,1,,,,,,1,1,,,,1,,1,,,,1,,,3,1,,,1,,,1,,,,2,,,1,1,,,,,,,1,,,,1,,,38,53,0,19,2,1,6,9,5,,7,4,14,20,,11,4,,,,,71,102,0,,4,,,,,21,4,5,6,1,8,10,,2,3,,21,,8,,34,91,127,0,5,4,,23,,5,18,,,25,,68,80,0
1210,458,320,1,1704,26,Laxton-1704-26-recto,6,June,13,June,,,,1,,,,,,1,,,,,2,,,,,,,,,,,,,,,1,,,,,,,,,,,,,,1,,,,1,,,,,,,,1,,,,,,,,2,1,1,2,,,,,1,1,,,1,,,,,1,,,,,,1,,1,,,,6,,,,,23,26,0,14,2,1,,4,8,2,5,2,5,22,,11,4,28,,,,90,108,0,,2,,,,,19,2,7,9,2,7,12,,2,3,2,11,,4,3,27,81,112,0,11,8,,11,,2,30,2,,14,,65,78,0
1211,459,321,1,1704,27,Laxton-1704-27-recto,13,June,20,June,,1,,1,,1,1,,,1,,,1,,2,,2,,,1,,,,3,,,1,2,,,1,1,,,,2,,1,,,,3,1,,,,2,,1,,,,,,,,,,,,,1,,1,,,,,,,,,,,,,,,,1,,,,,,,,,,,,1,,,,,,24,33,0,13,4,,2,17,15,,6,6,5,18,,12,6,10,5,,,77,119,0,,1,,,,,17,2,5,6,3,5,10,,9,5,4,12,,5,,37,77,121,0,11,8,,19,,6,22,2,,9,,52,77,0
1212,460,343,1,1704,28,Laxton-1704-28-recto,20,June,27,June,1,2,,,,,,2,2,1,,,1,1,2,,,,,1,1,,,5,,,2,1,1,,1,1,,,2,2,2,,2,,1,2,2,,,,1,,,,,,,,,2,,,,,1,,,,,,,1,,,,1,1,,1,1,1,,,,1,,2,,1,,1,,,,1,,7,1,1,,,52,63,0,17,,,1,8,7,,2,2,7,19,,11,4,6,1,,,85,85,0,,1,,,,,25,1,4,4,5,,9,,5,,4,14,,10,4,31,93,117,0,13,6,,17,,7,33,1,,15,,56,92,0
1253,461,344,1,1704,29,Laxton-1704-29-recto,27,June,4,July,,2,2,,,,,,1,2,,,1,,1,,,,2,,,,,1,,1,,1,1,1,,,,,1,1,,,1,,1,,,,1,,,,1,,,,,2,,,,,,,1,,,,,,,,,,,,,1,,,,,,,,,,1,,1,,1,1,,,1,3,1,,,2,26,37,0,14,1,1,4,8,7,,10,,8,18,,12,16,7,2,,,70,108,0,,1,,,,,11,2,4,5,,4,6,,5,3,2,6,,2,3,32,82,86,0,7,11,,19,,4,22,5,,27,,53,95,0
1254,462,345,1,1704,30,Laxton-1704-30-recto,4,July,11,July,2,2,,,,,2,,1,,,1,,1,5,,,2,1,,,,,3,,,,1,,1,,,,,3,1,,,,,,,2,,1,,,1,1,,,,1,,1,1,,,,1,,,,1,,1,,,,,,1,2,,,1,,,1,,,,,,1,,,,,,,1,5,,1,,,21,50,0,17,1,1,6,15,13,,6,,5,17,,18,8,9,1,1,,80,118,0,,2,,,,,20,2,10,2,6,7,8,,11,1,4,13,,9,3,28,88,126,0,6,2,,24,,2,38,1,,14,,82,87,0
1255,463,346,1,1704,31,Laxton-1704-31-recto,11,July,18,July,,1,1,,,,,2,1,,1,,4,1,4,,,,,,3,,,3,1,,4,,1,,2,,1,1,,2,2,3,3,,,3,3,3,,,2,3,,,,,1,1,,3,1,,,,,,,1,,,2,,,,,,1,1,,2,,,,,,,,,,,,,1,,,1,2,1,,,1,36,74,0,22,3,,4,10,16,1,8,1,4,31,,15,14,12,2,1,,88,144,0,,4,,,,,26,1,3,6,4,3,18,,11,2,4,23,,11,9,41,93,166,0,4,10,,24,,2,29,5,,28,,65,102,0
1256,464,347,1,1704,32,Laxton-1704-32-recto,18,July,25,July,,3,,1,,,,2,4,,,,1,,2,,1,,,,,,,,,,1,,1,,,,,,3,,,3,1,,1,3,1,,2,,1,1,1,,,,1,,,1,,,,,,,,1,1,,,,3,1,,,,,,,,1,,,,,,,1,,,,,,,1,4,,2,1,,45,51,0,20,4,2,1,13,10,,6,1,10,31,,24,12,10,,,,76,144,0,,3,,,,,21,4,3,4,5,7,21,,7,,5,16,,6,6,59,95,167,0,8,4,,17,,5,27,5,,28,,54,94,0
1257,465,348,1,1704,33,Laxton-1704-33-recto,25,July,1,August,,,,,,,1,2,3,3,,,,2,5,,1,,,,1,,,,,,,2,1,1,,,,,,2,,3,,,,1,2,,,,2,1,1,,,2,,,,,1,1,,1,1,,,,,2,,,,,,,,2,,,1,,,2,,,1,1,,,2,,1,1,,1,,,1,,,47,55,0,24,2,,6,13,12,,10,3,9,24,,15,14,8,,,,86,140,0,,3,,,,,22,,7,13,,9,20,,12,5,4,17,,14,3,58,116,187,0,9,8,,30,,1,21,2,,30,,65,101,0
1258,466,349,1,1704,34,Laxton-1704-34-recto,1,August,8,August,1,3,1,1,,,,,2,,,2,,1,2,,,,,,,,,3,,,2,1,1,1,,,,,1,,,,1,,,2,1,,,,,1,2,,,,,1,,,,,3,,1,,,,,1,,1,2,,,,,,,1,1,1,,,1,,1,1,,,1,,,1,,1,7,,,2,,33,57,0,19,2,1,5,9,13,,12,4,4,24,,25,13,15,,1,,82,147,0,,3,,,,,34,3,4,8,2,8,15,,2,6,4,14,,11,4,40,98,158,0,7,7,,27,,3,22,2,,14,,55,82,0
1259,467,350,1,1704,35,Laxton-1704-35-recto,8,August,15,August,1,,,,,,,,2,2,,,2,1,2,1,,1,,,,,,3,,,2,2,2,,1,,,,3,,,2,2,,,,,1,2,,,1,1,,,,,,,,,,1,,,,,,1,,,,,,,1,,2,1,,,2,,1,,,,,,1,,,,,,,3,1,1,1,,26,50,0,28,3,1,4,12,8,,4,1,2,30,,16,13,16,,,,69,138,0,,3,,,,,28,5,9,10,3,11,20,,13,9,5,24,,7,3,50,97,200,0,14,6,,22,,4,23,1,,30,,61,100,0
1260,468,351,1,1704,36,Laxton-1704-36-recto,15,August,22,August,,3,,1,,,,,3,1,,1,4,,3,1,1,,1,,2,,,1,1,1,1,,2,1,3,1,,1,,,,2,1,1,,7,,3,,,1,,1,,,1,,,1,2,,,1,1,1,1,,2,1,1,1,1,1,,,2,1,,,1,,,,,3,,1,1,1,1,1,,,2,,,5,,,,,51,83,0,33,,,7,16,11,4,7,4,11,25,,19,14,26,2,2,,84,181,0,,6,,,,,34,3,4,17,7,8,28,,13,11,4,25,,,7,72,86,239,0,13,9,,22,,3,35,1,,25,,63,108,
1261,469,352,1,1704,37,Laxton-1704-37-recto,22,August,29,August,1,3,,,,,,,1,,,1,4,,5,,,3,,,1,,,2,,,,2,1,,,,,,1,,,3,,,,1,,2,2,1,,,1,,,,2,,1,1,,,,,1,,,1,,,,,1,,,2,3,1,,1,,1,,,,,,,1,,,,,,1,2,1,,,1,1,38,57,0,16,,1,8,7,9,,8,5,11,30,,14,16,17,,1,,96,143,0,,2,,,,,48,8,6,9,5,11,17,,3,5,6,22,,24,,61,110,227,0,13,12,,13,,4,19,4,,26,,60,91,0
1262,470,360,1,1704,38,Laxton-1704-38-recto,29,August,5,September,,2,1,,,,1,1,3,1,,,,2,,1,,,,1,,,,2,1,,,1,1,,,1,,,2,2,,,,,,,1,2,,,2,2,,,,1,,2,2,,,,1,,,,,1,1,2,,,1,1,,,3,,,1,,1,,,,,4,,,,1,,,,,1,4,,,,2,34,58,0,23,1,1,5,11,13,1,6,2,14,16,,14,20,14,,,,85,141,0,,3,,,,,33,7,6,19,,6,20,,9,5,4,20,,17,15,56,94,220,0,10,8,,20,,2,30,4,,24,,54,98,0
1263,471,361,1,1704,39,Laxton-1704-39-recto,5,September,22,September,1,1,,,1,,,2,,,1,,,1,3,,,1,,,1,,,2,1,1,1,5,1,,1,,,1,1,,,2,,,,,1,,,,,2,,,,,1,,,,,,,,,,,1,,1,3,,,,,1,,,,,1,,,2,,,,,1,1,,,,,,,2,,,,,32,45,0,21,4,1,8,12,12,1,7,8,3,21,,16,16,15,1,,,83,146,0,,3,,,,,34,7,10,13,6,7,13,,4,3,4,21,,11,2,48,116,186,0,15,9,,18,,7,24,4,,30,,68,107,0
1264,472,362,1,1704,40,Laxton-1704-40-recto,12,September,19,September,1,,,,,,,1,2,1,,4,2,,2,1,,,3,2,1,,1,1,,,,,,,1,1,1,,1,,1,,,,,2,3,,,,,1,1,,,,,,1,,1,,,,,2,,,,,,,,,,1,2,,1,1,,,1,,,,1,,,1,1,1,,,,3,4,,,1,3,41,59,0,17,1,2,3,11,12,,2,6,10,22,,15,12,17,4,1,,92,135,0,,4,,,,,26,6,10,11,4,8,11,,11,1,4,18,,13,2,55,77,184,0,5,5,,17,,2,21,3,,26,,72,79,0
1265,473,363,1,1704,41,Laxton-1704-41-recto,19,September,26,September,,,,1,,,,1,4,,,3,1,1,3,,,1,1,,,,,1,,,2,1,1,1,1,3,,,,2,,,,,1,,2,,,,,1,,,,,,,,,,,,1,4,,,1,,,,,3,,,2,1,,1,1,,1,,,1,,,,2,,,,,1,,,3,,,,,43,54,0,17,2,,2,14,12,2,,4,10,19,,19,14,8,,1,,96,124,0,,3,,,,,47,2,6,,5,6,18,,7,2,3,25,,8,2,47,97,160,0,7,9,,26,,3,21,3,,23,,65,92,0
1266,474,364,1,1704,42,Laxton-1704-42-recto,26,September,3,October,1,1,,2,,,1,,2,1,,,1,2,,,,,,1,,1,,,,,,1,,2,3,,,,3,,1,,,,,,,3,1,,,,1,,,,,1,,3,,,2,,,,,1,,,,,1,,,,1,,1,,,,,,,,,1,1,,,,,,,,,,,,,24,40,0,12,,,9,7,12,,4,,7,18,,9,6,9,,1,,98,94,0,,3,,,,,19,3,6,11,1,3,9,,3,4,2,10,,10,3,54,112,141,0,8,11,,12,,3,19,3,,19,,68,75,0
1267,475,365,1,1704,43,Laxton-1704-43-recto,3,October,10,October,,2,3,,,,,,2,,,2,1,2,3,1,,2,1,1,,,,2,,1,,1,,,,1,,,,,,1,,,,2,,1,,1,1,,,,,1,,,,,,,,,,,,,1,1,1,,1,,,1,1,2,,,,,,,,,2,,,,,,,,,,2,2,1,,,51,47,0,13,,,3,20,10,,6,7,4,19,,22,14,10,,,,93,128,0,,3,,,,,33,2,7,8,2,2,10,,11,2,1,15,,9,3,40,127,148,0,8,5,,11,,2,15,1,,13,,64,55,0
1268,476,366,1,1704,44," Laxton-1704-44-recto",10,October,17,October,,,,,,,1,1,1,1,,,,,3,2,,1,,,,,,1,,,1,2,,1,3,1,,,,,,1,,,,,1,2,2,,,1,2,,,1,1,2,,,1,,2,,,,,,,1,,1,1,,,,,,,,,,,2,,,2,,1,,,1,,1,,,6,,,,,34,51,0,19,1,,5,14,8,,5,3,6,21,,8,13,12,2,,,90,117,0,,4,,,,,37,,2,5,4,5,9,,8,4,6,11,,10,6,29,115,134,0,8,10,,10,,1,27,2,,10,,71,63,0
1269,477,367,1,1704,45,Laxton-1704-45-recto,17,October,24,October,,1,,1,,1,,2,,,,1,1,,3,1,2,,,,2,,,,1,,,,,,1,1,,1,,,2,,1,,,3,,,,,1,1,,,,,,1,,,,,1,1,1,,,1,,,1,,,,,2,,,,,,,,,,,,,3,,,,,1,,1,3,1,1,2,,45,50,0,9,4,,6,13,9,,2,3,7,21,,9,8,6,5,,,101,102,0,,2,,,,,25,2,5,6,2,6,13,,11,1,3,16,,11,4,38,119,145,0,5,7,,10,,5,15,2,,18,,76,62,0
1270,478,368,1,1704,46,Laxton-1704-46-recto,24,October,31,October,1,2,,3,,,3,,2,2,,2,,1,5,,,1,,,1,,,1,1,,,1,,,,2,,,,1,,2,,,,1,1,,,,,1,,,,,,,1,1,,,1,,,,,,1,,,,2,1,,1,,2,,,,,,,,,2,1,1,,,,,2,1,,,,,,1,43,52,0,14,1,,5,15,15,,6,1,9,21,,6,12,6,1,1,,88,113,0,,3,,,,,23,2,4,3,2,8,16,,5,3,3,20,,7,6,32,97,137,0,7,8,,22,,3,23,3,,16,,79,82,0
1271,479,369,1,1704,47,Laxton-1704-47-recto,31,October,7,November,1,2,,5,,,,,1,,2,2,1,,2,,,1,1,,1,,,1,,,,2,,,2,1,1,,1,2,1,1,,,,,2,1,,1,,,1,,,1,1,,,,,,,,,3,,,1,,,,1,1,,,,,1,,,,,,,,1,,2,,,,,,,3,,,1,1,,42,53,0,12,1,,3,13,16,2,6,6,6,15,,9,11,10,,,,105,110,0,,4,,,,,19,,4,7,3,5,9,,5,3,5,18,,11,,35,99,128,0,13,11,,15,,5,31,,,15,,58,90,0
1272,480,380,1,1704,48,Laxton-1704-48-recto,7,November,14,November,2,,,2,,,,,1,,,1,1,1,2,,,,,,2,,,3,,,,,,1,,1,,1,2,1,2,2,,,,3,,1,,,,2,,,,,,1,1,1,,,2,,,,,1,,,,,,,,2,,,,,,1,,,1,,,,3,,,,,,,2,5,,,,,93,51,0,15,2,1,4,8,13,2,8,4,7,25,,15,9,10,2,1,,121,126,0,,3,,,,,18,,8,2,3,,13,,4,,3,8,,8,9,47,95,126,0,4,10,,11,,1,16,1,,10,,67,53,0
1313,481,381,1,1704,49,Laxton-1704-49-recto,14,November,21,November,,2,,3,,,,,,,,,,,3,,,2,1,,2,,,1,,,,,,1,4,,,,4,,,,1,,,,2,1,,,,1,1,,,,,,,1,,,,,,,,,,,,,1,1,,,1,,,3,,,,,,,1,,,,,,,1,,,6,1,,,2,32,47,0,18,2,,1,14,7,,,4,8,24,,17,10,14,,,,92,119,0,,4,,,,,21,,9,3,3,10,13,,8,3,2,14,,11,7,47,117,115,0,4,10,,12,,2,23,1,,15,,65,67,0
1314,482,382,1,1704,50,Laxton-1704-50-recto,21,November,28,November,,,,,,,,,3,1,,,1,1,2,,,,1,,,,,1,,,,1,2,1,,,,,1,,,1,,,,,1,1,,1,1,,,,,,1,1,,1,,,,1,,1,,1,1,,2,,,,,2,,,2,,1,,1,,,,,,2,,,,,,,,4,,,,,33,41,0,15,1,,2,11,13,,2,3,8,24,,6,11,10,2,,,106,108,0,,4,,,,,8,3,3,5,3,4,11,,3,,,17,,14,4,41,121,120,0,4,8,,9,,3,23,1,,23,,65,71,0
1315,483,383,1,1704,51,Laxton-1704-51-recto,28,November,5,December,,,,1,,1,,,,,,,,,2,,1,2,2,1,,,,2,,,1,2,,1,2,1,,,,,,,,,,1,1,,,,,,2,,,,1,,1,2,,1,,,1,1,,,,,,,2,,,,1,,,,,,1,,,,,,1,,,,,1,,,2,2,1,,,44,41,0,18,,1,3,6,7,,3,3,4,25,,12,17,7,2,1,,85,109,0,,2,,,,,22,8,5,4,4,5,9,,6,2,6,14,,5,5,42,118,139,0,2,6,,14,,3,17,3,,15,,84,60,0
1316,484,384,1,1704,52," Laxton-1704-52-recto",5,December,12,December,,,1,2,,,,,,,,1,1,,3,,,1,2,,1,,,3,,1,,1,,,1,1,2,,1,,,1,,,,3,1,,,,,,,,,,1,3,,,,,1,,,,,1,,1,,,1,,,1,,1,3,1,1,1,,,,,,,2,,,,1,,,2,4,,,,,39,51,0,16,5,,3,10,9,,7,3,12,23,,13,10,12,,,,89,123,0,,4,,,,,20,3,4,5,3,3,9,,4,3,2,7,,11,4,63,116,145,0,6,13,,13,,6,44,,,16,,56,98,0
1355,485,391,1,1704,01,Laxton-1704-01-recto,19,December,26,December,,2,,,,,,,2,1,,,3,1,3,,,,,,,,,,2,,,2,1,,,,,,1,,1,,,,,2,2,,,1,,,,,,,1,,,,,,2,,,,,,,1,,,,,,1,1,,,1,,,,,1,,,1,1,3,,,,2,,2,3,,1,,2,25,47,,25,2,,4,10,11,,9,4,8,17,,13,11,9,1,,,85,124,,,2,,,,,21,,6,8,1,6,14,,6,2,3,18,,10,5,44,106,156,,5,12,,12,,4,27,1,,15,,,68,76
1356,486,392,1,1704,02,Laxton-1700-02-recto,26,December,2,January,,2,,,,,,3,,1,,1,1,1,1,,,,4,,,,1,2,1,1,1,4,,,,1,,1,3,3,,1,1,,2,2,1,,,1,2,1,,1,,,1,2,2,,,,,,,,,,,,1,,3,,,1,,,,1,,,,,,1,,,1,,1,,,,1,,2,,,,,36,61,,17,2,1,8,11,12,,8,5,10,22,,16,15,7,3,,,92,137,,,,,,,,22,3,7,4,4,7,7,,5,,2,10,,8,2,53,92,137,,5,6,,23,,3,19,3,,21,,72,80,
1357,487,393,1,1704,03,Laxton-1704-03-recto,2,January,9,January,,,,2,,,1,,,,,,2,3,2,,,1,,1,,,,,1,,,2,1,3,1,,,,1,2,,,1,1,,4,1,,,1,,3,2,,,1,,1,,1,,,,1,3,,,,1,1,,,,1,,1,,,,3,1,2,1,,,1,,,,,,,1,,2,,3,,,,1,36,62,,14,3,2,6,20,9,,6,5,10,20,,14,9,8,1,,,91,127,,,2,,,,,33,2,8,3,5,8,9,,5,3,,15,,,3,45,106,141,,8,9,,18,,1,28,2,,27,,55,93,
1358,488,394,1,1704,04,Laxton-1704-04-recto,09,January,16,January,1,1,,5,,,,,2,,,,1,1,5,1,,2,1,,2,,1,2,,,,,,3,1,2,,,3,,3,,,,,2,1,,,,1,,,,,1,,1,,,,,3,,1,,,,,,,,,,,1,,1,,1,,,,,,,1,,,,,,,,,2,1,,,1,1,43,56,,23,1,2,4,18,16,,7,3,13,22,,15,14,12,2,,,102,152,,,3,,,,,42,2,5,6,3,2,17,,9,3,8,26,,19,9,60,114,205,,7,10,,16,,2,33,2,,27,,73,97,
1359,489,395,1,1704,05,Laxton-1704-05-recto,16,January,23,January,2,2,,,,,,,4,1,1,1,1,1,,,1,,,1,,,,4,,,3,1,,,1,,,,1,2,,,,,,3,,3,1,,,3,2,,,,1,1,2,1,1,,,,,3,,2,,3,,2,2,,,2,,1,,,2,,,,,,1,,2,2,1,,,2,1,1,6,,1,,,51,79,,22,3,,10,20,21,,7,3,8,30,,26,21,19,,,,82,190,,,5,,,,,34,2,12,17,5,3,11,,14,6,8,22,,10,6,56,121,211,,9,10,,18,,3,28,4,,25,,77,97,
1360,490,396,1,1704,06,Laxton-1704-06-recto,23,January,30,January,2,4,,,,,1,3,,2,,,2,1,4,1,,,,,3,,,4,2,,,2,1,2,,,,1,2,,3,1,,,2,3,,1,,2,1,,1,,,1,3,1,,,,,,,1,,,1,,3,,,,,,,,,,1,,,,,,,1,1,2,,1,,,,,1,4,,1,,1,37,75,,21,4,,5,33,19,,14,4,11,37,,19,27,26,1,1,,90,222,,,4,,,,,56,3,6,15,7,12,30,,13,,9,22,,10,4,63,95,254,,14,16,,36,,8,54,2,,25,,78,155,
1361,491,433,1,1704,07,"Laxton-1704-07-recto ",30,January,6,February,,2,1,,1,,1,1,1,1,,,5,,2,,,,1,,4,,,8,,1,1,2,3,,1,1,,,,1,3,1,,1,,2,2,,,,,3,2,,,,2,,,,,,1,,,2,,2,,2,1,,,1,,,2,1,,,,,,,,,2,,,,1,,1,,1,,5,,,,,29,76,,33,3,,4,20,14,2,9,4,6,22,,25,22,12,,,,110,176,,,6,,,,,50,5,7,7,4,5,25,,14,3,6,12,,15,7,61,113,227,,15,9,,40,,7,46,5,,42,,65,164,
1362,492,434,1,1704,08,Laxton-1704-08-recto,6,February,13,February,,3,,4,,,1,1,6,3,,2,1,1,2,,1,2,2,,2,,,3,,,1,2,1,,1,2,,,2,,1,1,,,,2,2,,,,3,,1,,,,,1,,,2,,,,2,,,,1,2,,,1,,,2,1,,1,1,,1,,1,,,,2,,,1,,1,3,,,6,3,,,3,47,88,,26,2,2,5,15,9,1,8,,7,27,,15,16,15,3,1,,95,152,,,6,,,,,45,2,5,11,4,5,16,,11,1,4,23,,7,9,45,103,194,,10,11,,32,,2,44,2,,28,,61,129,
1363,493,436,1,1704,9,Laxton-1704-09-recto,13,February,20,February,,4,,,,,,2,2,3,3,,,1,3,,,2,1,,1,,,,,,,,,1,1,1,,2,1,1,1,,,,1,,,2,1,,,2,,,,,,3,,,,,,,2,,,1,1,,,,,,,,,,2,1,,,,,,,1,,,,,,,1,,1,2,,,,,25,51,,26,2,1,5,12,10,,,6,5,25,,15,12,12,1,1,,88,133,,,1,,,,,27,1,5,7,3,1,11,,10,4,1,20,,7,,40,113,138,,7,12,,12,,7,34,,,23,,77,95,
1364,494,437,1,1704,10,Laxton-1704-10-recto,20,February,27,February,,2,,1,,,,,1,,,1,,,4,,,,,,1,,,2,,,,2,,1,1,1,,,4,,1,,,,,,,1,,1,1,1,,,,,,,,1,,,,,,3,,1,,,,,1,,,,1,,1,1,1,,,,,,,,,,1,,,,,,1,,,2,,34,40,,20,2,,4,8,7,,14,2,8,22,,17,9,7,3,,,101,123,,,5,,,,,29,1,2,10,1,2,14,,7,3,4,13,,7,7,37,119,142,,4,7,,17,,6,30,4,,15,,59,83,
1365,495,438,1,1704,11,Laxton-1704-11-recto,27,February,6,March,1,1,,,,,,,,,,2,1,1,3,,,,,,2,,,3,,,,1,,,,,,1,1,3,2,,,,,1,,1,,,,,2,,,,,,,,,,,,4,,,,1,1,1,,1,,,,,,1,,,,,,,,,,,,,,,,1,1,1,,,,,30,38,,19,4,,6,9,4,,2,1,9,23,,14,14,5,2,,,98,112,,,2,,,,,24,2,2,4,4,2,9,,4,,2,13,,6,,24,94,98,,6,13,,20,,2,31,3,,21,,73,96,
1487,537,228,1,1705,1,Laxton-1705-01-recto,,,25,December,,1,1,,,,,,,,,,1,,4,,,3,1,,,,1,,,,2,3,1,1,,,,,2,2,,,,,,1,1,,,,,3,,,,,1,,,2,,,,,,,,1,,,1,,,,,,,1,,,,,,,,1,1,1,,,,,,,,,,,,,,21,37,,16,,,,12,15,,4,,8,20,,18,15,16,,,,83,124,,,3,,,,,20,4,6,10,,,9,,7,,4,4,,7,,35,78,109,,7,11,,21,,2,20,3,,16,,72,80,
1488,538,248,1,1705,2,Laxton-1705-02-recto,,,1,January,2,3,2,,,1,,,5,,,3,,,2,1,1,,,1,2,,,,,,1,1,1,,2,,,,,,,3,,,,,1,,1,,4,,,,,,3,1,,,,,2,,,,,,1,,,,1,,,,,1,,1,,,,2,,,,,,1,2,,,,2,1,5,,,,1,42,61,,25,2,1,2,16,8,,6,3,4,21,,10,11,18,1,,,110,128,,,4,,,,,23,,7,4,7,7,9,,7,6,4,13,,9,7,38,108,145,,9,15,,18,,6,20,6,,30,,62,104,
1489,539,285,1,1705,3,Laxton-1705-03-recto,,,8,January,,5,1,,,,1,,,1,1,1,1,,4,,1,,,,1,,,1,,1,2,1,,,,,,,1,,2,,,,,,1,,1,1,1,,,,,,1,,2,,,,,1,,1,,,1,1,,,,3,,1,2,1,,,,,1,,,,,1,,,2,,,1,,2,2,,,1,,43,53,,26,2,,4,11,19,,7,4,8,19,,15,18,15,,,,87,148,,,2,,,,,30,2,6,7,,8,4,,6,3,5,17,,7,3,41,116,141,,5,5,,16,,2,28,3,,15,,76,74,
1490,540,309,1,1705,4,Laxton-1705-04-recto,,,15,January,,4,,1,,,,1,3,,,1,,,4,1,,3,,,,,,1,,,,1,,2,2,,,1,1,,1,,,,,2,1,,,,,1,1,,,1,,,,1,,,1,,,,,,1,,1,,,,,2,,1,2,2,,,,1,1,,1,1,1,,,,,,2,,,,,1,1,38,53,,19,,,8,12,13,,7,7,10,18,,18,9,11,4,,,107,136,,,1,,,,,26,3,4,11,4,11,16,,7,1,4,27,,15,4,54,131,188,,11,9,,29,,4,40,2,,20,,63,115,
1491,541,310,1,1705,5,Laxton-1705-05-recto,,,22,January,,,,,,,1,,,1,,2,1,2,3,,,,2,1,2,,,2,,,,,1,1,,1,,,1,1,,,,,,1,1,,2,,1,,2,,,,,,,1,,,,,2,,,,,5,,,,1,,,1,1,,2,,1,1,1,1,,,,1,,,,1,,,,2,,,,,45,50,,27,,,3,13,10,,8,5,10,20,,17,21,18,2,,,84,154,,,3,,,,,25,2,10,7,4,10,12,,6,3,,14,,7,,45,101,148,,9,10,,19,,3,21,2,,18,,77,82,
1492,542,359,1,1705,6,Laxton-1705-06-recto,,,29,January,,4,1,,,1,,,1,2,,3,2,,2,1,,,,,2,,,2,,1,,1,,,,,,1,1,1,2,2,,,,3,,,1,,,,,,,,1,,,1,,,,1,,,,1,,,,,1,,,1,1,,2,2,,,,1,,,2,,,,,,,1,1,1,5,,1,,,39,57,,23,5,,4,13,12,,12,3,7,30,,13,10,13,,1,,81,146,,,2,,,,,30,3,6,13,4,5,14,,6,7,5,13,,6,5,44,109,163,,6,14,,26,,7,36,6,,18,,76,113,
1493,543,377,1,1705,7,Laxton-1705-07-recto,,,5,February,,2,1,2,,,,1,3,,,3,,,3,1,,,,,,,,3,1,1,2,1,2,,,,2,,3,,,1,1,,,2,4,,,1,,1,,,,1,,,,,,,1,,1,2,,1,,1,1,,1,1,,,,1,,,,1,,2,,,,,,,1,,,,1,,3,,3,,1,48,64,,26,2,3,3,16,8,2,9,7,10,22,,15,12,16,2,4,,98,157,,,5,,,,,31,5,11,4,5,7,11,,10,5,4,12,,4,4,45,112,163,,1,11,,24,,4,37,5,,22,,61,104,
1494,544,378,1,1705,8,Laxton-1705-08-recto,,,12,February,1,2,,,,,,,1,,,,,1,1,,1,1,,,,,,2,,1,,2,1,3,1,,1,,1,,,,,,,,2,,,,,2,,,,1,,,2,1,,,1,1,2,,,,,2,2,,2,,,1,1,,1,,,1,,,,,,,,,,,,,,1,2,,,,,37,45,,14,1,,4,11,16,2,8,5,9,18,,19,11,11,2,,,107,131,,,5,,,,,35,4,4,8,4,6,13,,6,,4,12,,12,4,32,131,149,,10,12,,18,,6,42,5,,30,,85,123,
1535,545,379,1,1705,9,Laxton-1705-09-recto,,,19,February,2,2,,3,,,1,,,,,1,3,,5,2,,,,,,,,3,,,,2,1,,,1,1,1,1,,,,,,,1,,,4,,,1,1,,,1,1,,,,,,,,2,,,1,,1,,,,,,,5,1,,,,1,,,,,,,,1,,,1,,,1,5,,1,1,,45,59,,29,,,7,14,7,2,10,7,7,21,,15,14,11,2,,,97,146,,,4,,,,,30,1,4,10,3,4,12,,6,6,3,13,,6,7,49,91,158,,11,9,,30,,4,35,6,,19,,62,114,
1536,546,405,1,1705,10,Laxton-1705-10-recto,,,26,February,1,3,1,1,,,,1,,,,1,3,1,3,,1,,1,,,,,1,,,,4,,1,2,3,,,,,,,,,,,7,,,,,3,,,,,1,,,,,,1,,,,,,,,,1,,,,,,,,,,1,,,,,,,,1,,,,,1,1,5,,1,1,,33,52,,23,,2,4,7,12,,5,4,8,31,,8,14,13,2,,,102,133,,,5,,,,,36,1,3,6,6,2,13,,9,5,5,21,,8,7,38,139,165,,5,11,,24,,2,25,5,,19,,60,91,
1537,547,406,1,1705,11,Laxton-1705-11-recto,,,5,March,,1,,,1,,,1,1,1,,,2,2,1,,1,3,,,1,,,5,,,1,4,,,,,,,2,,,,,,,1,,,2,1,2,,1,,,,3,,,,,,1,,,,,,,3,,,1,,,,,,,2,,,2,2,,,,,1,,,,,2,1,,,1,1,,1,32,55,,21,1,,2,11,3,,9,5,6,22,,21,16,20,2,,,94,139,,,2,,,,,24,1,8,6,7,,15,,9,3,4,14,,10,4,38,111,145,,11,12,,21,,4,28,2,,13,,73,91,
1538,548,414,1,1705,12,Laxton-1705-12-recto,,,12,March,,1,,,,,,,1,1,,1,2,,3,1,,,,1,,,,2,,,,1,,,2,,,2,3,1,2,1,1,1,,1,3,,,,2,1,1,,,,,2,,,1,,2,,,,,1,,,1,1,,,,,,,,1,,,,,,,,,2,,,,,,1,1,5,1,,,,39,54,,21,1,1,4,11,10,1,7,4,10,17,,12,8,16,1,,,96,124,,,4,,,,,30,3,3,9,6,7,5,,7,,2,11,,11,6,48,123,152,,10,10,,26,,1,29,,,27,,65,103,
1539,549,415,1,1705,13,Laxton-1705-13-recto,,,19,March,,2,,,,,,1,1,1,,,,1,3,,1,1,,,,,,3,,,,2,1,,,2,,,,1,1,,,,1,,,1,,,,1,2,,,,,,1,1,,,,,,,,1,,,,,,,,,1,,,1,,,,,,,1,,,,,,,,,1,2,1,1,,,25,37,,18,,,1,10,11,,8,4,9,18,,10,6,9,,1,,104,105,,,2,,,,,24,1,7,8,4,6,6,,7,5,2,22,,7,4,33,110,138,,8,12,,26,,7,28,6,,17,,70,104,
1797,641,358,1,1707,01,Laxton-1707-01-recto,,,23,December,,2,,,,,,1,3,,,1,3,1,6,,1,1,,,2,,,5,1,,,1,,,2,1,,,3,,,,1,,1,,2,2,,,,1,3,,,,,2,1,,,1,,,1,,,1,,2,,,,,,,,,,1,,,,,,,1,,3,1,2,,,,,,,,3,,,41,63,,24,2,,10,7,13,,7,6,8,25,,13,11,12,2,,,71,140,,,2,,,,,32,3,7,9,2,2,13,,10,1,5,9,,9,8,34,101,146,,8,5,,12,,10,31,2,,10,,48,78,
1798,642,370,1,1707,02,Laxton-1707-02-recto,,,30,December,1,,,,,3,,,2,,1,2,,1,3,,1,,,,,,,2,2,,1,1,,,2,,1,,1,1,,,,1,,3,,,,,3,,2,2,,2,,1,1,1,1,,,,,1,,,,,,,,,,,1,2,3,,,,1,,,1,,,,,1,,,,1,1,2,,1,1,,31,58,,16,3,,3,16,13,,9,2,9,38,,14,14,13,4,,,80,154,,,3,,,,,30,4,6,10,2,7,10,,11,,5,20,,11,6,35,121,160,,6,11,,27,,3,30,4,,16,,71,97,
1799,643,371,1,1707,03,Laxton-1707-03-recto,,,6,January,1,2,,,,,,,2,,,1,1,1,,,1,,2,,,,,2,,1,1,1,,1,2,1,,,1,1,,,,,,3,1,,,,,,,,,,1,1,,,,,,1,1,,,,1,1,1,,,1,,,,,,1,,1,1,,,,,,,,,,1,,,,,,,,2,42,41,,20,2,,4,10,5,,10,4,10,22,,13,6,8,4,,,95,118,,,2,,,,,29,3,5,8,2,2,14,,9,1,4,,,8,7,28,112,122,,6,10,,20,,1,31,,,14,,57,82,
1800,644,389,1,1707,04,Laxton-1707-04-recto,,,13,January,,,,1,,2,1,,2,2,,,2,,5,,,,1,,2,,,3,,,,1,,1,,1,,,2,,,,1,,,1,1,,,,,,,,,,,1,,,,,2,,,,,,,,,,2,,,,,,1,2,,,,,,,,,2,,1,,1,,,,4,,1,,,29,46,,10,1,1,4,7,11,,3,2,3,28,,12,11,8,2,,,94,103,,,6,,,,,27,3,8,11,1,5,9,,14,1,4,26,,12,4,38,126,169,,8,5,,20,,2,30,2,,18,,57,85,
1801,645,390,1,1707,05,Laxton-1707-05-recto,,,20,January,,,1,,,,,,3,1,,2,1,1,3,,,,,,,,,3,,,,2,,,,1,1,1,1,,,1,1,,1,,1,3,,,2,2,,,,,1,,,,,,,,1,,,,,4,,,,,,1,1,,,1,,,,,1,,,,,,1,,,1,1,,4,,,,1,47,50,,15,6,3,5,11,8,,9,1,10,30,,15,11,8,,,,96,132,,,2,,,,,26,4,6,4,3,6,12,,11,1,2,8,,9,,48,125,142,,14,3,,31,,4,28,1,,23,,68,104,
1802,646,398,1,1707,06,Laxton-1707-06-recto,,,27,January,,4,,1,1,1,,1,,,1,1,1,,1,,,1,,,,,,,,,,1,3,,1,1,,,2,1,1,,,,,2,,,,,,1,,,,,,,,,,,,,,,,,,,2,,2,,,,,,,1,,1,,,,,,,,,1,,,1,,,3,2,1,,,31,40,,18,2,,3,11,5,,5,1,12,17,,13,8,12,1,1,,89,109,,,,,,,,23,2,9,5,1,3,9,,5,4,5,15,,2,2,35,114,120,,11,6,,19,,1,31,2,,8,,54,78,
1803,647,399,1,1707,07,Laxton-1707-07-recto,,,3,February,,1,1,,,,,,,1,2,1,1,1,1,,,1,,1,1,,,4,3,1,,2,1,,,1,,,,,,1,2,,,1,2,1,,,1,1,,,,,1,,1,,,,,,1,,,,,1,,,1,,,,,1,,2,,1,,,,,,,,,,1,,,,,3,,,1,1,45,50,,28,3,2,5,10,9,4,9,3,9,33,,12,12,13,3,,,95,155,,,2,,,,,20,2,8,5,,4,12,,10,,4,11,,7,4,33,101,122,,5,11,,30,,2,26,3,,12,,70,90,
1844,648,400,1,1707,08,Laxton-1707-08-recto,,,10,February,,3,,3,,,,,1,,,2,4,2,7,2,,1,1,1,2,,,3,1,,,1,,1,1,,,,,,,1,,,,,1,,,1,,,,,,,,2,,,,,1,,2,,,3,2,3,,,,1,,,,1,,2,,,,,2,,,,1,,2,1,,1,,,3,1,,,1,33,69,,27,3,,6,17,18,2,7,6,12,25,,12,11,17,3,1,,88,166,,,5,,,,,34,1,6,13,3,11,13,,5,,3,11,,9,4,52,100,171,,7,11,,18,,5,32,4,,21,,65,98,
1845,649,401,1,1707,09,Laxton-1707-09-recto,,,17,February,,2,,,,,,,5,1,,1,1,1,4,,,,,1,,,,2,,,,4,,1,,1,1,,2,3,,,,,,2,3,1,,,1,1,1,1,,,1,,1,,,,1,,1,,,1,2,,2,1,,,,2,2,1,,,,1,,,,,,,2,1,,,,1,,3,5,,1,,,55,69,,18,2,2,6,12,7,,10,5,14,29,,18,13,13,3,1,,83,153,,,6,,,,,33,1,8,8,3,7,10,,5,4,8,21,,8,7,62,116,191,,11,17,,21,,3,36,3,,28,,78,119,
1846,650,402,1,1707,10,Laxton-1707-10-recto,,,24,February,,2,,,,,2,,1,,,1,1,2,1,,2,1,,,2,,,1,,,,3,,1,,1,,,1,1,3,3,,,1,2,4,1,1,,,2,,,,,2,,3,,,,2,,1,,,1,,,,,1,,,,1,,1,1,,,3,,1,,,,1,,,1,,,,1,3,,1,,1,39,65,,26,2,,4,9,9,3,7,5,3,19,,13,13,14,1,,,81,128,,,3,,,,,41,4,12,9,1,6,10,,12,1,5,14,,6,5,41,107,170,,14,17,,26,,5,42,3,,19,,67,126,
1847,651,403,1,1707,11,Laxton-1707-11-recto,,,2,March,,1,1,,,,,,2,,,1,,,1,,,1,,,,,,,1,,1,,,,,,,,1,,,1,,,,3,,2,1,,,,,,,,1,2,,2,,,,1,2,1,,1,,,,,,,,4,1,,1,1,,,1,1,,,,,1,,1,,,,,,5,,,,,26,43,,22,1,1,1,18,13,1,10,3,8,23,,16,13,12,2,,,112,144,,,1,,,,,38,,7,11,2,2,8,,11,2,2,11,,11,4,41,122,151,,14,18,,23,,3,35,2,,25,,68,120,
1848,652,404,1,1707,12,Laxton-1707-12-recto,,,9,March,,1,1,,,,,1,1,1,,,1,,2,,1,,,,3,,,3,,,,,2,,2,,,,1,1,,,,,,1,,,1,2,2,1,2,,,1,1,2,,1,,,,,,,,,,,,1,1,,,,4,,,2,1,,1,2,,,,1,3,1,1,,,,1,,2,,1,,,36,57,,29,2,,3,9,14,,9,6,6,22,,10,15,15,1,,,97,141,,,4,,,,,35,4,4,9,4,5,12,,6,6,3,12,,6,7,39,127,150,,9,7,,30,,5,25,4,,24,,66,104,
1849,653,408,1,1707,13,Laxton-1707-13-recto,,,16,March,,7,1,,,,,,2,,,1,,,4,,,2,3,,2,,,1,,1,,3,,2,,,,,4,1,2,1,,,,1,1,,,,1,3,,,,,,,,,,,2,,1,,,1,1,,,,3,,,,,,,,,,,,,,,,1,,,,,,,,2,1,1,,1,35,57,,19,,1,2,14,6,,4,6,13,23,,14,17,18,2,1,,99,140,,,1,,,,,34,2,9,8,2,5,8,,5,1,5,17,,5,3,40,131,145,,6,8,,24,,6,46,3,,12,,57,105,
1850,654,409,1,1707,14,Laxton-1707-14-recto,,,23,March,,3,,,,,1,2,3,1,,2,1,1,6,,,,2,,3,,,,,2,,,,1,,,,,,2,1,3,,,1,,,,,,,,2,,,,,,2,,,,1,,2,,,1,,,,,,,,2,,2,1,1,1,,,,,,,,,,1,1,1,1,,1,2,,,,2,41,63,,30,,3,7,18,14,2,10,5,7,30,,17,10,16,4,,,101,173,,,3,,,,,29,,9,5,4,9,12,,17,4,4,10,,9,,38,128,153,,3,9,,24,,3,33,3,,22,,84,97,
1851,655,410,1,1708,15,Laxton-1708-15-recto,,,30,March,1,1,,,,,,,1,2,1,,,,2,,,,1,,1,,,3,,,1,1,,1,,,2,,,,1,,2,,,,,,,,,,1,,,2,,2,,1,,,,,,,,1,1,1,,1,,,,2,,,2,1,,,,,,,2,,1,1,,,,,,1,2,1,,,,35,44,,24,3,,4,15,6,,9,8,6,28,,23,17,14,1,1,,100,159,,,1,,,,,36,2,5,9,2,4,7,,10,2,6,9,,3,4,39,124,139,,9,14,,29,,1,40,2,,21,,61,116,
1852,656,411,1,1708,16,Laxton-1708-16-recto,,,6,April,,2,,,1,,,1,,2,,2,3,,2,,,1,1,1,,,,5,,,,,,2,,,,,4,,1,2,,,,1,1,,,,1,2,2,,,,,,,1,,,1,,1,1,,,,1,,,,,,1,,,1,,,,,,,,,1,,,,,,,,,5,,2,,1,30,53,,22,1,,4,13,8,1,6,5,6,34,,17,12,11,2,2,,82,144,,,3,,,,,22,,4,7,3,6,9,,17,,2,12,,6,,40,101,131,,8,11,,25,,5,33,2,,15,,63,99,
1853,657,412,1,1708,17,Laxton-1708-17-recto,,,13,April,1,2,,2,,,,,,,,,1,,1,2,,2,1,1,2,,1,2,1,,,1,,1,1,2,1,,,2,,2,1,,1,2,3,,1,,,,1,,,,2,3,,1,,,,2,1,,,3,1,,,,1,1,,2,,1,1,4,,,,,1,,,,,,,,,1,,,1,,,,,41,64,,23,2,1,3,13,13,,3,5,8,28,,9,9,14,1,,,100,132,,,6,,,,,22,3,5,9,2,7,4,,7,,3,19,,9,6,53,124,155,,14,17,,23,,5,37,6,,14,,76,116,
1854,658,413,1,1708,18,Laxton-1708-18-recto,,,20,April,1,4,1,,,,,,4,2,1,1,3,3,5,,,,,,,,,1,,1,,3,,1,2,,,,3,1,1,1,,,,,1,,,,,1,2,,,,,1,,,,,,,,,,,,3,,,,,,,,1,1,,,,,,,,1,,,,,,,,,1,,,,,,32,51,,22,1,,5,12,11,2,6,4,7,24,,18,13,8,3,,,101,136,,,2,,,,,14,3,6,5,1,8,12,,12,4,4,11,,3,,38,91,123,,8,10,,22,,4,24,3,,12,,66,83,
1855,659,422,1,1708,19,Laxton-1708-19-recto,,,27,April,,1,,2,,1,1,2,1,,,2,2,,5,,,,,,5,,,2,,1,1,3,2,,1,,,,1,,,1,,,,,1,1,,,1,,2,,,1,1,1,,,,,,,,,,,,,,,,,,1,,,,1,,,,,2,,,,1,,,,,,1,2,1,,,,,27,51,,19,1,1,4,8,14,2,4,8,9,24,,15,20,14,,,,89,143,,,2,,,,,22,3,5,4,2,3,12,,6,2,,7,,4,7,40,121,119,,11,9,,25,,2,24,5,,20,,55,96,
1856,660,423,1,1708,20,Laxton-1708-20-recto,,,4,May,,,,,,,2,1,1,,,2,,1,2,,,,,,2,,,3,1,,,2,2,,1,1,,,1,1,,,,,2,1,,,,,1,4,,,,,1,1,,3,,,1,,,,,1,1,3,,,1,2,,3,,,,1,,,1,,,,,,1,2,,,,,1,1,2,,,,,38,57,,24,,,4,10,10,,6,7,14,18,,23,12,16,4,,,80,148,,,7,,,,,37,3,8,14,3,2,16,,9,,4,11,,8,2,46,87,170,,13,5,,35,,2,27,2,,13,,70,97,
1857,661,424,1,1708,21,Laxton-1708-21-recto,,,11,May,1,1,,,,,,,1,,,3,1,1,2,,,1,,,5,,,,,,1,2,,,,1,,,,,2,,,,,1,,3,,,,1,,,,,,,1,1,,,,,,,,,,,,,1,,,,,2,1,2,,,,,,1,,,,,,,,,,,3,,,,,26,39,,18,1,,2,13,9,,12,1,7,24,,9,13,9,3,,,87,121,,,2,,,,,26,5,5,8,8,7,9,,5,5,2,14,,7,,,66,103,,12,15,,32,,3,33,6,,13,,56,114,
1858,662,425,1,1708,22,Laxton-1708-22-recto,,,18,May,1,,1,,,,,,,1,,,1,,,,1,,1,,,,,1,,,,2,,,1,,,1,1,,,,,,,1,,,,,1,3,3,,,,,,1,1,,,,,1,,,,,,,,,,,,,,1,,,,1,1,,,,1,,,2,,,1,,,,,,,,21,30,,13,,2,4,9,6,,14,2,8,20,,11,9,6,2,,,91,106,,,3,,,,,27,3,4,13,2,5,12,,5,3,2,22,,4,4,75,124,184,,9,8,,17,,7,34,5,,11,,47,91,
1859,663,426,1,1708,23,Laxton-1708-23-recto,,,25,May,1,1,,4,,,,,,,1,2,2,2,4,,1,,,,,,,,1,,,,,,1,,,,,2,,,1,,,,,2,2,,,,,,,,,1,,,1,,,,1,,,2,,,,,2,,,,,,,,,1,1,,,,,,4,,,,1,3,,,3,,,,,32,47,,21,1,,2,9,10,,4,5,11,15,,10,5,10,1,,,79,104,,,2,,,,,29,5,6,6,3,4,17,,3,5,6,9,,6,,34,93,135,,14,15,,18,,3,28,4,,13,,67,95,
1860,664,427,1,1708,24,Laxton-1708-24-recto,,,1,June,,2,2,2,,,,,,,,,1,1,4,,,,1,1,,,,1,,,1,,,,2,,,,1,1,,,,,1,,1,,,,1,,1,,,,,,,1,,,3,,1,2,,1,,,1,,2,,,,,,,,,1,,,,,,,,,,,,,,,1,,,,,30,37,,20,,,1,9,12,,5,3,8,24,,11,10,11,2,,,87,116,,,3,,,,,26,,6,8,4,5,12,,8,4,3,14,,7,6,43,105,149,,8,10,,18,,6,32,1,,14,,72,89,
1861,665,428,1,1708,25,Laxton-1708-25-recto,,,8,June,1,4,,1,,1,1,1,1,2,,,2,1,4,1,,,,,,,2,3,,,,2,,,1,1,,,,3,,,2,,,2,1,1,,,,2,,,,,,2,1,,1,,,,,,,,1,1,,,1,,,,,1,,,,,,,,,1,,,,,,3,2,1,1,1,,1,1,,69,59,,22,,1,1,14,10,2,11,1,7,20,,17,8,9,3,,,98,126,,,3,,,,,29,4,5,10,5,5,10,,4,3,1,18,,11,,42,88,150,,12,8,,20,,8,29,2,,12,,62,91,
1862,666,441,1,1708,26,Laxton-1708-26-recto,,,15,June,,2,,,,,,,,,,,,,,1,,1,,,2,,,1,,,,2,,1,,,,,,1,,,1,,,2,2,,,,1,1,,,,,,,,,,,,,1,,,2,,,,,,,,,1,2,,,,,,1,1,,,,1,,2,,,,,,3,,,,,47,32,,15,1,,3,6,11,,5,4,6,13,,15,8,12,1,2,,73,102,,,2,,,,,17,2,9,12,3,6,14,,5,1,4,15,,8,2,34,102,134,,9,13,,18,,3,29,3,,13,,65,88,
