"Omeka Item #","DataScribe Item #","DataScribe Record #","DataScribe Record Position",Year,"Week Number","Unique Identifier","Start Day","Start Month","End Day","End Month",Aged,Ague,Apoplexy,Asthma,Bed-ridden,Blasted,Bleeding,Bloody-flux,Calenture,Cancer,Canker,"Chicken Pox",Child-Bed,Chrisoms,Cold,Colick,Consumption,Convulsion,Cough,Cramp,Diabetes,Dropsie,Falling-sickness,Fever,Fistula,"Flox and Small-Pox","Flox and Small-Pox (Descriptive Text)",Flux,French-Pox,Frets,Gangreen,Gout,Gravel,Grief,"Griping in the Guts",Headache,Headmouldshot,"Hooping Cough",Hiccough,Horshoehead,Impostume,Infants,Inflammation,Itch,Jaundies,Jaw-fallen,"Kings Evil",Leprosie,Lethargy,Liver-grown,Looseness,"Lunatick and Frenzy","Malignant Fever",Meagrim,Measles,Miscarriage,Mortification,Mother,"Noli me tangere",Palsie,Plague,Planet,Plurisie,Purples,Quinsie,Rash,Rheumatism,Rickets,"Rising of the Lights","Running of the Reins",Rupture,"Scald Head","Scarlet Fever",Sciatica,Scowring,Scurvy,Sores,Shingles,Spleen,Spotted-Fever,"St. Anthony's Fire",Starved,"Starved (Descriptive Text)",Stone,"Stopping of the Stomach",Strangury,Strongullion,Suddenly,Surfeit,"Swelling in the Throat",Swine-Pox,Teeth,Thrush,Tissick,Tympany,"Twisting of the Guts",Ulcer,Vapours,Vomiting,"Water in the Head",Wen,Wind,Wolf,Worms,Abortive,Overlaid,Still-born,Drowned,"Drowned (Descriptive Text)","Found Dead","Found Dead (Descriptive Text)",Executed,"Executed (Descriptive Text)",Killed,"Killed (Descriptive Text)",Suicide,"Suicide (Descriptive Text)",Other,"Other (Descriptive Text)","Christened (Male)","Christened (Female)","Christened (In All)","Buried (Male)","Buried (Female)","Buried (All)","Increase/Decrease in Burials"
712,14501,951,1,1701,14,Laxton-1701-14-verso,18,March,25,March,38,,,,,,1,1,,2,1,,2,,,,53,134,,,,15,,51,,16,,,1,,,,,,18,,,,,,2,,,,1,,1,,,,,,,,,,,,,,,,1,2,,,1,7,2,,,,,,,,,,,2,,,,,12,,,1,,,,29,1,12,,,3,,,,,,,,6,2,11,1,"Drowned accidentally in the River Lee, Buried at St John at Hackney",,,2,,2,"One with a Sword at St Andrew in Holnorn 1; Murdered at Christs Church in London 1",,,1,"one by a Fall down a Pair of Stairs at St James in Westminster",165,145,310,205,230,435,10
713,14502,1076,1,1701,15,Laxton-1701-15-verso,25,March,1,April,32,,1,,,,,,,,,,3,1,,1,70,133,,,,16,,58,,13,,,1,,,,,,15,,,,,,3,,,,2,,3,,,,,,,,,,,,,,,,1,,1,,,9,3,,1,,,,,,,,,1,,,,,12,,,1,4,,,30,1,7,,,,,,,,,,1,1,1,7,2,"One accidentally at St. Dunstan in the East, and one at Saviour in Southwark. ",,,,,3,"One with a Sword at St Giles in the Fields 1; Murdered...One at St James at Clerkenwel 1; Murdered... one at Margaret at Westminster 1",,,2,"One by accidental Fall down Stairs in Blackfryars 1; One by a fall from a Coach at St James in Westminster 1",164,151,315,219,221,440,5
714,14503,1082,1,1701,16,Laxton-1701-16-verso,1,April,8,April,38,,1,,,,,,,1,,,4,,,1,48,91,,,,17,,63,,20,,1,1,,,,,,25,,,,,,1,,,,1,,3,,,1,,,,,,,,,,,,,,1,,,,13,3,,,,,1,,,,,,,,,,1,17,,,,1,,,28,,12,,,,,,,,,,1,1,3,7,2,"One at St Mary at Rotherheth, and one in the River of Thames at St Paul at Shadwel. ",,,,,1," One by Sword at St Giles in the Fields. ",1,"Stab'd himself (being distracted) at St Andrew in Holborn 1.",1,"One by a Wheel of a Brewers Dray at St Margaret in Westminter. ",149,157,306,221,190,411,-29
715,14504,1086,1,1701,17,Laxton-1701-17-verso,8,April,15,April,34,,,,,,1,,,1,,,6,,,,44,95,,,,13,,54,,21,,,1,,,,,,31,,,,,,1,,,,2,,1,,,,,,,,,,,,,,,,,,,,,7,6,,,,,,,,,,,2,,,,,8,,,3,1,,,28,1,10,,,3,,,,,,,2,3,2,6,2,"One by Misfortune in the River of Thames out of a Row Barge, Buried at St Alphage, and one at the Tower- Wharf, Buried at St. Ann within Alderfgate",,,1,,1,"Murder'd at St Martin in the Fields.",1,"Hang'd himself (being Lunatick) at St Mary in Whitechappel. ",,,143,114,257,197,195,392,-19
716,14505,1088,1,1701,18,"Laxton-1701-18-verso ",15,April,22,April,24,,2,,1,,,,,3,,,8,1,,2,49,109,,,,12,,62,,28,,,,,,,,1,26,,,,,,,,,,3,,,,1,1,,,,,,,,,,,,,1,,,,,13,3,,1,1,,,,,,,,1,,,,1,11,1,,1,,,,48,1,9,,,2,,,,,,,1,3,3,11,2,"One in Thomas at St Dustan at Stepney, and one drowned herself in the New River-Head, Buried at James Clerkenwel.",,,,,1,"KiIl'd by the Wheel of a Waggon at St Dustan at Stepney. ",1,"Hang'd himself (being lunatick) at St Ann in Westminter. ",1,"Sore Hand",149,152,301,223,227,450,58
717,14506,1101,1,1701,19,Laxton-1701-19-verso,22,April,29,April,35,,1,,,,,,,,,,7,,,3,44,111,,,,15,,61,,25,,,1,,,,,,26,,,,,,1,,,,1,,2,,,,,,,,,,,,,,,,1,,,,1,9,4,,2,,,,,3,,,,,,,,,11,,,2,,,,39,,8,,,1,,,,,,,,,1,7,,,,,3,,,,1,"Hang'd himself (being Lunatick) at St James at Clerkenwel 1",4,"Kill'd by Falls from Horses 2. One a man on the Road; And one a Child at Hamstead, Buried at St Sepulchres; Shot himself accidentally with a Pistol at St Mary Aldermary 1; Sore leg 1",161,139,300,215,215,430,-20
718,14507,1078,1,1701,20,Laxton-1701-20-verso,29,April,6,May,29,,3,,,,1,,,1,,,6,1,,2,46,109,,,,6,,57,,35,,,1,,,1,,1,30,,,,,,,,,,3,,1,,,,,1,,,,,,,,1,,,3,,,,,12,3,,,,,,,,,,1,2,,,,2,5,,,2,,,,38,,9,,,,,,,,,,,1,2,6,2,"One accidentally in a Ditch at St George in Southwark; And one in the River of Thames at St Dunstan at Stepney",,,,,2,"One by a Coach at St James in Westminster 1; Murder'd at St Peter Poor, Buried at the Swedes Church in Trinity Lane 1",2,"Cut his own Throat at St James in Westminster 1; Poyson'd herself (being Lunatik) at St Andrew in Holborn 1",3,"Burnt at St Laurence Jewry, Buried at St Bartholomew the Great 1; One by an accidental Fall from a Ladder at Alhallows Barkin 1; And one at St Margaret in Westminster 1",141,117,258,222,208,430,0
759,14508,1083,1,1701,21,Laxton-1701-21-verso,6,May,13,May,30,,1,,,,,,,2,,,5,2,,3,56,121,,,,20,,73,1,35,,,1,,,,,,13,,,,,,2,,,,,,2,,,,,,,,,,,,,1,,,1,1,,,,19,3,,,,,,,,,,,2,,,,,6,,,1,2,,,32,,4,,,1,,,,,,,3,2,4,7,1,"Drowned in the Thames, Buried at St Peter in Cornhil",1,"Found dead an Infant at St Brides",,,,,,,1,"Kill'd accidentally by a Fall down a Pair of Stairs at St John at Wapping",167,139,306,225,234,459,29
760,14509,1089,1,1701,22,Laxton-1701-22-verso,13,May,20,May,25,,,,,,,,,,,,7,1,,1,43,121,,,,14,,68,,21,,,1,,1,,,,16,,1,,,,,,,,2,,2,,,,,1,,,,,,,,2,,,2,,1,,2,15,2,,1,,,,,,,,,4,,,,2,10,,,2,2,,,24,1,2,,,,,,,,,,1,3,1,8,4,"Two accidentally: whereof one in a Tan-Fatt at St Olave in Southwark; and one an Infant in a Tub of Water at St Giles in the Fields; One in a Tub of Water at St Leonard in Shoreditch; and one at St Mary at Retherheth",1,"Found dead a Man in the Street at St Giles in the Fields 1",,,1,"Kill'd by a Dray at St John at Wapping 1",,,,,143,128,271,223,193,416,-43
761,14510,1092,1,1701,23,Laxton-1701-23-verso,20,May,27,May,30,,,,,,,,,,1,,3,1,,3,47,118,,,,10,,72,1,22,,,,,,,,1,21,,,,,,,,,,3,,,,,1,,,,,,,,,,,,,,,,,,13,,,,,,1,,,,,,,,,,1,5,1,,2,1,,,20,,2,1,,,,,,,,,,,3,10,1,"Drowned accidentally in the Thames at St Mary at Retherheth 1",1,"Found murdered an Infant in the Street at St James in Westminster 1",2,,,,2,"Distracted at St James at Clerkenwel 1; Poyson'd herself at St Leonard in Shoreditch 1",4,"Kill'd...accidentally...whereof one by a Fall down Stairs at St Andrew in Holborn 1; Kill'd...accidentally... and one by the Fall of a Ladder at St James in Westminster 1; One by a Fall from a Window at St Dunstan at Stepney 1; and one by the Kick of a Horse at St Martin in the Fields 1",157,152,309,207,197,404,-12
762,14511,1093,1,1701,24,Laxton-1701-24-verso,27,May,3,June,19,,1,,,,,,,2,,,4,,,3,50,112,,,,16,,44,,29,,,,,1,,,,33,,,,,,,,,,4,,3,,1,1,,,,,,,,,,,,,,,,,1,11,1,,2,,,,,,,,,3,,,,1,8,,,1,1,,,31,,2,,,,,,,,,,1,1,2,5,1,"Drowned accidentally in the Thames at St Mary at Retherheth 1",,,,,1,"One with a Horse-mane Card at St Giles in the Fields",2,"Hang'd themselves 2. One (being Lunatik) at St James at Clerkenwel, Buried at Christs Church, London 1;  And one at St Dunstan at Stepney 1",2,"One by a Fall off of a Horse at St Margaret in Westminster 1; And one at St Martin in the Fields 1",141,152,293,199,201,400,-4
763,14512,1074,1,1701,25,Laxton-1701-25-verso,3,June,10,June,23,,,,,,,,,2,,,4,3,,2,38,94,,,,11,,42,,27,,,1,,1,,,,15,,,,,,,,,,,,,,1,,,1,,,,,1,,,,,,,1,,,,8,2,,1,,,,,,,,,2,,,,1,4,,,,,,,26,,2,,,2,,2,,,,,,2,,4,3,"One in the Thames at St Paul at Shadwel. And two at St Martin in the Fields.",,,,,,,1,"Hang'd himself (being distracted) at St Clement Danes 1.",1,"Kill'd accidentally at St Ann in Westminster 1.",136,132,268,168,159,327,-73
764,14513,1081,1,1701,26,Laxton-1701-26-verso,10,June,17,June,26,,1,,,,,,,2,,,1,,,,44,90,,,,9,,66,,24,,,,,,,,,21,,,,,,,2,,,1,,2,,,1,,,,,,,1,,,1,,,1,,1,,,13,4,,,,,,,2,,,,,,,,,5,,,1,1,,,21,3,1,,,2,,,,,,,1,1,,10,2,"Drowned accidently in the River of Thames 2. One at Thomas the Apostle. And one at St Olave in Southwark.",,,,,,,,,2,"Bruised at St Botolph by Aldgate 1; Kill'd at Deptford, Buried at St Andrew in Holborn1. ",162,130,292,175,188,363,36
765,14514,1090,1,1701,27,Laxton-1701-27-verso,17,June,24,June,17,,2,,,,,,,1,,,3,,,2,58,106,,,,5,,51,,17,,1,1,,,,,,16,,,,,,2,,,,3,,,,,,,,,,,,1,,,,,,1,,,,,5,2,,2,,,,,,,,,2,,,,,5,,,,1,,,17,1,1,1,,2,,1,,,,,,,2,2,2,"One in a House of Office at St Olave in Southwark; And one in the Thames at St Mary at Retherheth",1,"Found dead in the Street a Male Infant at Alhallows the Wall 1.",1,,1,"And one a Boy by his Father at St Saviour in Southwark",,,2,"Chincough 1; One by a Fall out of a Window at St Leonard in Shoreditch",150,120,270,165,173,338,-25
766,14515,1094,1,1701,28,Laxton-1701-28-verso,24,June,1,July,19,,,,,,,,,2,,,7,,,1,50,112,,,,14,,62,,17,,,4,,,1,,1,16,,,,,,1,,,,,,1,,,,,1,,,,,,,,1,,,,,,,,7,,,,,,,,1,,,,,,,,2,4,,,5,,,,27,1,1,,,1,,,,,,,,2,1,26,7,"One at St Giles by Cripplegate; One at St Dunstan at Stepney; Three in the Thames;  One at Paulswarf, buried at St James at Clerkenwel; One at St Mary at Retherheth; One at St Mary in the Savoy; And two in a Pond at St Leonard in Shoreditch.",,,,,1,"One by a Cart at St Margaret in Westminster.",1,,2,"And two by the Fall of a House at St Martin in the Fields.",158,136,294,208,190,398,60
767,14516,1095,1,1701,29,Laxton-1701-29-verso,1,July,7,July,21,,1,,,,,,,4,,,3,1,,2,47,111,,,,12,,49,1,22,,,1,,,1,,,21,,,,,,1,1,,,1,,1,,,,,,,,,,,,,,,,,,,,,8,1,,,,,,,,,,,,,,,1,4,,,,1,,,25,,3,1,,2,,1,,,,,,3,3,8,6,"Two at St Dunstan at Stepney; One at St Magdalen Bermondey; Two in the Thames at St Mary at Retherheth; And one at St Martin in the Fields.",1,"Found dead in the Street an Infant at St Paul in Covent Garden 1. ",,,,,1,"Hang'd herself (being distracted) at St Andrew in Holborn 1.",1,"Died by Misfortune (being so reported) at St Duustan at Stepney 1.",167,119,286,172,199,371,-27
768,14517,1080,1,1701,30,Laxton-1701-30-verso,8,July,15,July,19,,1,,,,,,,,,,,,,,55,106,,,,14,,53,,18,,,2,,1,,,,23,,,,,,2,,,,2,,2,,,,,1,,,,,,,,2,,,,,,,,8,1,,,,,,,,,,,3,,,,,5,,,,1,,,24,1,2,,,,,,,,,,,2,1,12,2,"Drowned 2. One in the Thames at St Mary Somerset. And one at St Olave  in Southwark.",,,,,,,,,1,"Kill'd by a Fall from a House at St Giles by Cripplegate 1.",124,118,242,192,172,364,-7
769,14518,1084,1,1701,31,Laxton-1701-31-verso,15,July,22,July,26,,1,,,,,,,,,,6,1,,2,45,144,1,,,11,,61,2,12,,,2,,1,1,,,36,,,,,,,,,,1,,,,,1,,2,,1,,,,,,,,,3,1,,,,6,,,1,,,,,,,,,2,,,,,6,,,,1,,,38,2,2,,,1,,,,,,,1,,2,7,5,"Drowned 5. One at St Dunstan in the East. One at St Dunstan at Stepny. Two in the Thames at St Paul at Shadwel. And one at  St Clement Danes.",1,"Found dead at St Paul at Shadwel 1.",,,,,,,2,"One in the Fall of feveral Piggs of lead at St Dunslan in the East 1; And one by a Pot at St Giles in the Fields 1.",140,134,274,211,228,439,75
770,14519,1114,1,1701,32,Laxton-1701-32-verso,22,July,29,July,22,,1,,,,,,,,,,3,,,2,48,139,,,,15,,38,2,22,,,1,,1,,,,37,,1,,,,,1,,,,,2,,,,,,,,,,,,,,,,2,,,,1,9,,,,,,,,,,,,1,,,,1,5,,,1,3,,,28,2,1,,,2,,,1,,,,,,1,2,3,"One in the Thames, Buried at St Andrews in Holborn; And Two Brothers at London-Bridge, Buried at St Bridget alias Brides.",,,,,1,"One with a Sword at St Giles in the Fields",1,"Strangled herself, Buried in a Cross-way at St Margaret in Westminster 1",1,"And one at St James in Westminster.",160,148,308,206,195,401,-38
771,14520,1115,1,1701,33,Laxton-1701-33-verso,29,July,5,August,25,,5,,,,,,,,,,5,1,,,38,126,,,,8,,41,,13,,,1,,1,1,,,35,,,,,,,3,,,1,,,,,,,1,,,,,,,,,,,2,2,,,,5,,,1,,,,,,,,,1,,,,2,7,1,,1,1,,,19,2,,2,,1,,1,,,,,1,,3,5,7,"One at St Magnus by London-Bridge; One at St Olave in Southwark; One at St Saviour in Southwark; One in a Tub of Soup Suds at St Katharine by the Tower; One at Lambeth; One a Man unknown at St Margaret in Westminster; And one at St Martin in the Fields.",,,,,1,"One by a Coach at St Ann in Westminster.",,,1,"And one by a Fall out of a Window at St Martin in the Fields.",160,149,309,190,181,371,-30
772,14521,1116,1,1701,34,Laxton-1701-34-verso,5,August,12,August,15,,2,,,,,,,2,1,,2,3,,2,43,139,,,1,15,,54,,18,,,2,,1,,,,41,,,,,,1,,,,1,,,,,,,,,,,,,,,1,,,,,1,,,8,,,,,,,,,,,,,,,,2,6,,,1,1,,,23,2,3,,,2,,2,,,,,,,,11,2,"One in the Thames at Three-Crane-Wharf, Buried at St Mary Woolnoth; And one in a Tub of Water at St Dunstan at Stepney",,,,,2,"One by a Cart at St Martin in the Fields; And one by the Pole of a Coach at St Mary in the Savoy",1,"Hang'd himself (being Lunatick) at St Paul at Shadwel 1",,,158,154,312,204,207,411,40
773,14522,1117,1,1701,35,Laxton-1701-35-verso,12,August,19,August,25,,4,,,,,,,,1,,7,,,3,46,125,1,,,8,,48,1,18,,,1,,1,1,,,28,,,,,,4,1,,,1,,3,,,,,,,,,,,,,,,,,,,,,6,,,,,,,,,,,,3,,,,1,4,,,1,2,,,26,,5,1,,1,,1,,,,,,4,,9,1,"Drowned a Person unknown at St Clement Danes 1. ",1,"Found dead a Male Child at St James at Clerkenwel 1.",,,1,"Murder'd at St Martin in the Fields 1.",1,"Cut his own Throat (being Lunatick) at St Katharine Creedchurch 1.",2,"Bruised at St Saviour in Southwark 1; Kill'd by an accidental Fall into a Dock at St Mary at Retherheth 1. ",151,177,328,206,191,397,-14
774,14523,1118,1,1701,36,Laxton-1701-36-verso,19,August,26,August,22,,2,,,,1,,,1,1,,1,,,1,49,135,,1,,10,,58,,13,,,,,,,,,33,,,,,,2,2,,,,,2,,,,,,,,,,,,,,,,,,,,,11,,,,,,,,,,,,1,,,,1,6,,,2,,,,38,,,,,2,,2,,,,,1,1,,10,3,"One in the Thames out of a Lighter at St Bennet at Paulswharf; One near the Custom-house, Buried at St Olave in Hartstreet; And one in a Ditch at St Mary at Retherheth",1,"Found dead in the Street a Male Infant at St Bridget alias St Brides 1",,,,,,,1,"Kill'd by the Sails of a Windmill at Battersea, Buried at St Clement Danes 1.",126,116,242,198,216,414,17
775,14524,1126,1,1701,37,Laxton-1701-37-verso,26,August,2,September,28,,1,,,,1,1,,1,,,1,,,3,42,141,,,,11,,60,1,29,,1,1,,,,,,51,,1,,,,3,1,,,1,,,,,,,,,,,,1,,,,,,1,,,,1,10,1,,,,,,,,,,,1,,,,,5,,,2,1,,,33,,1,,,1,,1,1,,,,,1,,7,1,"Drowned in the Thames out of a Boat at St Katharine by the Tower 1.",1,"Found dead a Male Infant at St Dunstan at Stepney 1.",,,,,,,1,"Kill'd by a fall at St Ann in Westminster 1.",138,142,280,229,221,450,36
776,14525,1127,1,1701,38,Laxton-1701-38-verso,2,September,9,September,22,,1,,1,,,,,1,,,2,,,4,56,119,,,,12,,55,,10,,,,,,1,,,35,,,,,,1,1,,,1,,1,,,,,,,,,,,,,,,,,,,,,9,1,,,,,,,,,,,,,,,,7,,,4,3,,,31,,3,,,2,,,,,,,,2,1,3,1,"Drowned accidentally in the Thames at St Bridget alias St Brides 1.",1,"Found dead an Infant at St Margret in Westminster 1. ",,,,,1,"Hang'd himself (being Lunatick) at St Dunstan at Stepney 1.",2,"Kill'd by a Fall out of a Window at St Giles by Cripplegate 1; Dead Palsie 1",149,144,293,194,200,394,-56
777,14526,1159,1,1701,39,Laxton-1701-39-verso,9,September,16,September,17,,2,,,,,,,1,,,4,1,,,57,105,,,,4,,65,1,15,,,2,,,,,,27,,,,,,1,,,,2,,,,,,1,,,,,,,,,1,,,,,1,,,10,1,,1,,,,,,,,,1,,,,1,3,,,,1,,,29,,1,,,1,,2,,,,,,5,1,8,2,"One in the Thames at St Mary Abchurch. And one in the Tub of Water at St John Wapping",,,,,,,,,3,"Two by Horses whereof one at St Giles in the Fields, And one at St John at Hackney 2; One by a Fall down Stairs at St Sepulchres 1",159,139,298,178,199,377,-17
778,14527,1160,1,1701,40,Laxton-1701-40-verso,16,September,23,September,22,,4,,,,,,,1,,,2,,,4,46,105,,,,7,,57,1,16,,,1,,1,,,,33,,,,,,1,1,,,2,,,,,,1,,,,,,,,,,,,,,,,,4,1,,,,,,,,,,,2,,,,,4,,,2,,,,24,1,1,,,1,,2,,,,,1,3,,14,,,,,,,,,2,"Hang'd herself (being distracted) at St. Clement Danes 1; Poyson'd himself (being Lunatick) at St Mary in Whitechappel 1 
",2,"Burnt at St Bennet at Paulswharf 1; Kill'd by a Fall from a house  at St. James in Westminster 1 ",155,163,318,173,196,369,-8
820,14529,1162,1,1701,42,Laxton-1701-42-verso,30,September,7,October,24,,,,1,,,1,,2,,,1,,,3,42,92,,,,12,,43,1,13,,,,,1,,,,20,,,,,,1,1,,,,,1,,,,,,,,,,,,,,,,,,,,1,10,1,,1,,,,,,,,,1,,,,1,9,,,1,,,,31,,3,1,,,,,1,,,,1,1,2,16,2,"One in Thames at St Paul Shadwel. And one at St Martin in the Fields. ",2,"One a Male Child at St Botolph by Bishopsgate. And one in the Thames at St Dunstan at Stepney. ",,,1,"Murder'd at St Giles by Cripplegate 1. ",,,,,162,133,295,178,167,345,-17
885,14547,1111,1,1702,15,Laxton-1702-15-verso,24,March,31,March,27,,1,,,,1,,,,,,3,,,2,47,106,,,,15,,46,1,5,"flox 0; small-pox 5",,1,,1,,,,18,,,,,,2,,,,3,,3,,,,,1,,,,,,,,,,,,,,,,8,3,,1,,,,,,,,,,,,,,2,,,1,1,,,31,,12,,,,,,,,,,,,3,13,1,"Drown'd in St James's Park, Buried at St Mary at Lambeth 1",,,,,,,,,,,145,151,296,187,173,360,-26
886,14548,1112,1,1702,16,Laxton-1702-16-verso,31,March,7,April,33,,,,,,1,,,,1,,7,,,,58,81,1,,,17,,46,,2,"flox 0; small-pox 2",,,,,,,,14,,,,,,1,1,,,3,,2,,,1,,2,,,1,,,,,2,,,,,1,,1,11,4,,,,,,,,,,,1,,,,,7,,,,,,,18,,9,,,1,,,1,,,,1,1,2,9,,,,,,,,,,,3,"Bursten 1; Kill'd...One by an accidental Fall out of a Window at St Leonard in Shoreditch 1; Kill'd...one accidentally by a Fall on a Stake at St Paul at Shadwel 1",152,130,282,171,173,344,-16
887,14549,1113,1,1702,17,Laxton-1702-17-verso,7,April,14,April,28,,1,,,,,,,1,,,8,1,,1,49,104,,,,16,,52,2,1,"flox 0; small-pox 1",1,1,,,1,,,22,,,,,,,1,,,,,2,,,,,2,,,5,,,,,,,,1,,1,,,11,1,,,,,,,1,2,,1,1,,,,1,4,,,,4,,,25,1,3,1,,,,,,,,,2,,1,8,3,"One in the River Thames at St Dunstan in the East 1; One accidentally at St Olave in Southwark 1; And one in the River of Thames at St John at Wapping 1",,,,,,,1,"Hang'd herself (being Lunatick) at St Giles without Cripplegate 1",2,"Sore Breast 1; Sore Leg 1",160,148,308,202,170,372,28
888,14550,1119,1,1702,18,Laxton-1702-18-verso,14,April,21,April,40,,5,,,,,,,2,,,2,,,4,48,110,1,,,13,,53,1,,,,1,,,1,,,26,,,,,,1,,,,1,,2,,,,,,,,,,,,,,,,,,,,1,9,,,,,,,,,,,1,1,2,,,3,6,,,,3,,,29,1,4,,,,,,,,,,,,1,10,1,"Drown'd accidentally at St Olave in Southwark 1",,,,,,,,,,,144,171,315,212,176,388,16
889,14551,1120,1,1702,19,Laxton-1702-19-verso,21,April,28,April,23,,2,,,,1,,,,,,4,2,,3,49,102,,,,8,,52,1,3,"flox 0; small-pox 3",,,,,,,,21,,1,,,,2,,,,2,,1,,,,,,,,2,,,,,,,,,,,,1,6,,,,,,,,,,,,1,,,,1,1,,,2,3,,,33,1,2,,,,,1,,,,,,6,3,12,,,,,,,,,,,,,096,186,282,176,176,352,-36
890,14552,1121,1,1702,20,Laxton-1702-20-verso,28,April,5,May,27,,1,,,,,,,1,1,,1,1,,3,60,103,,,,16,,59,,5,"flox 0; small-pox 5",,,,,1,,1,26,,,,,,2,,,,1,,1,,,,,,,,,,,,,,,,,,,,,10,3,,,,,,,1,,,,,2,,,,7,,,1,2,,,26,,4,,,1,,,,,,,,,1,8,1,"Drowned accidentally in the River of Thames at St Paul at Shadwel 1",2,"One at St Andrew in Holborn . And one at St Martin in the Fields ",,,1,"Found murthered at St Bridget alias Brides",,,1,"Swelling in the Hip",158,152,310,198,183,381,29
891,14553,1122,1,1702,21,Laxton-1702-21-verso,5,May,12,May,27,,3,,,,,,,,,,5,,,2,52,122,,,,13,,49,2,1,"flox 0; small-pox 1",,1,,,,,,20,,,,,,1,,,,1,,2,,,,,,,,,,1,,,1,,,,1,,,1,7,3,,,,,,,,,,,,,,,,6,,,1,2,,,31,,3,,,1,,,,,,,,2,3,9,5,"One accidentally in the River of Thames at Alhallows the Less. One accidentally in a Pond of Water at St Olavve in Southwark.  Two accidentally in the River of Thames at St John Wapping. One in the River of Thames at St Paul at Shadwel",,,,,1,"Murthered with a Knife at St Stephen in Colemanstreet 1",2,"And one drowned himself (being distracted) at St James in Westminster 1; Hang'd himself (being Lunatick) at St Boltoph without Bishopsgate 1",3,"Kil'd...One at St Giles in the Fields 1; Kil'd... one at St Martin in the Fields 1;  Choaked with Fat 1",161,143,304,190,195,385,4
892,14554,1123,1,1702,22,Laxton-1702-22-verso,12,May,19,May,25,,,,,,1,,,,,,2,1,,2,42,106,,,,13,,58,,10,"flox 0; small-pox 10",,,,,1,,,25,,,,,,2,,,,,,4,,,1,,,,,2,,,,,,,,,,,,,13,4,,,,,,,,,,,,,,,2,7,,,1,1,,,19,,,,,,,,,,,,1,4,3,10,3,"Two at St Dunstan at Stepney. And one at St Mary Magdalen Bermondsey",,,,,,,1,"Hang'd himself (being Lunatick) at St Mary at Lambeth 1",2,"Died in the Street at St Andrew in Holborn 1; Kill'd by an accidental Fall from one if the Pillars of the Exchange, Buried at St Leonard in Shoreditch 1",148,142,290,184,182,366,-19
893,14555,1124,1,1702,23,Laxton-1702-23-verso,19,May,26,May,21,,2,,,,,,,2,,,,,,3,53,110,2,,,14,,56,,5,"flox 0; small-pox 5",,,,,,,,22,,,,,,2,,,,1,,2,,1,,,1,,,,,,,,,,,1,,1,,,8,3,,,,,,,,,,,,1,,,,4,,,2,,,,18,1,4,,,,,,,,,,1,2,2,12,1,"Drowned at St Saviour in Southwark 1",,,,,2,"One by a Pistol Bullet at St Giles without Cripplegate 1; Murthered at St James in Westminster 1",,,1,"Kill'd...one by a Horse at St Martin in the Fields 1",155,132,287,172,189,361,-5
894,14556,1125,1,1702,24,Laxton-1702-24-verso,26,May,2,June,15,,,,,,,,,,,,4,1,,1,52,115,,,,13,,47,,1,"flox 0; small-pox 1",,2,,,,,,22,,,,,,,1,,,1,,,1,,,,,,,1,,,,,,,,1,1,,,,11,4,,,,,,,,,,,4,,,,,6,1,,1,1,,,25,,2,,,1,,2,,,,,3,,,9,1,"Drowned accidentally in he River of Thames, Buried at St Bennet Fink 1",,,,,2,"One by a Coach Wheel at St Leonard in Shorditch 1; And one by a Cart and horse at St Mary in white chapple 1",1,"Cut his Throat (being Lunatick) at St Giles without Cripplegate 1",2,"Kill'd One by a Fall out of a Window at St Botolph without Aldgate 1; Smothered at St Saviour in Southwark 1",160,165,325,164,192,356,-5
895,14557,1134,1,1702,25,Laxton-1702-25-verso,2,June,9,June,29,,2,,,,,,,1,,,4,,,2,42,90,,,,15,,47,,9,"flox 0; small-pox 9",,1,,,,,,25,,1,,,,,1,,,,,,,,,,,,,,,,,,,,,,,,,,6,,,,,,,,,,,,,,,,1,8,1,,1,,,,23,1,3,,,,,1,,,,,,3,1,19,,,,,,,,,,,1,"Kill'd by a Fall from a Cart at St Giles in the Fields 1",129,111,240,153,185,338,-18
896,14558,1135,1,1702,26,Laxton-1702-26-verso,9,June,16,June,18,,2,,,,,,,1,,,4,,,,44,87,,,,13,,44,,7,"flox 0; small-pox 7",,,,,,,,9,,,,,,3,,,,1,,2,1,,1,,,,,1,,,,,1,,,1,,,,,8,3,,,,,,,,,,,2,,,,,9,,,,,,,18,1,4,1,,,,,,,,,,1,1,8,2,"One accidentally in the Thames at St Olave in Southwark.  And one at St Dunstan at Stepney ",1,"Found dead of the Pox in a Ditch of Water at St Mary at Islington 1.",,,,,,,,,119,137,256,116,183,299,-39
897,14559,1144,1,1702,27,Laxton-1702-27-verso,16,June,23,June,25,,1,,,,,,,,,,2,,,,45,101,,,,5,,38,1,8,"flox 0; small-pox 8",,1,,,1,,,13,,,,,,,,,,,,,,,,,1,,,1,,,,,1,,,,1,,,,11,1,,1,,,,,,,,,2,,,,2,2,,,,1,,,24,,1,1,,1,,,,,,,1,3,4,6,,,2,"Found dead at St Margaret in Westminster 2. One a Child dropt in the Street. And one a Child found in a House of Office.",,,1,"Found murthered an Infant in the Street at St Andrew Undershaft 1.",2,"Cut her own Throat at St Mary Magdalen Bermondsey 1; Hang'd himself (being Distracted) at St Leonard in Shoreditch 1.",,,159,140,299,155,156,311,12
898,14560,1145,1,1702,28,Laxton-1702-28-verso,23,June,30,June,17,,,,,,,,,,,,3,,,4,48,85,,,,10,,43,,4,"flox 0; small-pox 4",,2,,,1,,,15,,,1,,,1,,,,,,2,,,,,1,,,,,,,,,,,,,1,,,7,3,,,,,,,,,,,2,,,,,,1,,1,,,,15,,1,,,1,,,,,,,2,2,1,8,4,"One at Lime house, Buried at St Michael in Crookedlane. One at St Dunstan at Stepney. One accidentally at St John at Wapping. And one accidentally in the Tower Dock, Buried at St Katherines by the Tower",,,,,,,1,"Poisoned herself at St Sepulchres 1.",1,"Kill'd by a Fall out of a Hay Loft at St Clement Danes 1.",190,112,302,153,135,288,-23
939,14561,1146,1,1702,29,Laxton-1702-29-verso,30,June,7,July,20,,1,,,,,,,2,,,6,,,1,46,74,,,,12,,49,,7,"flox 0; small-pox 7",,,,,,,,11,,,,,,3,,,,,,,,,,,,,,,,,,,,,,,,,,,9,4,,3,,,,,,,,,3,,,,,2,,,2,1,,,21,1,1,1,,1,,1,,,,,1,3,,5,,,2,"One in a Pond at Harefield in the County of Middlesex, Buried at St Dunstan in the East. And one an Infant in the Street at St Andrew in Holborn. ",,,1,"Kill'd by a Brewer's Dray at St George in Southwark 1.",1,"Hang'd himself (being Distracted) at St Martin in the Fields 1.",,,149,116,265,139,157,296,8
940,14562,1147,1,1702,30,Laxton-1702-30-verso,7,July,14,July,19,,,,1,,,,,,,,5,2,,,50,94,1,,,15,,44,1,7,"flox 0; small-pox 7",,2,,,,,,13,,,,,,,1,,,2,,,,,,,1,,,1,,,,,,,,,,1,,1,11,1,,1,,,,,,,,,1,,,,,7,,,,1,1,,26,1,1,,,,,,,,,,1,1,2,8,3,"One in the Thames at St Mary at Lambeth. One accidentally at St Mary Magdalen Bermondsey. And one in a Pond in Hide Park at St Margaret in Westminster",,,,,1,"Kill'd by a Waggon in St Dunstan at Stepney 1.",,,,,155,148,303,171,157,328,32
941,14563,1148,1,1702,31,Laxton-1702-31-verso,14,July,21,July,19,,,,,,,,,2,,,7,,,3,41,87,,,,12,,41,,4,"flox 0; small-pox 4",,2,,,,,,19,,1,,,,,,,,,,3,,,,,1,,,1,,,,,1,,,,,1,,,5,2,,,,,,,,,,,,,,,,4,,,2,,,,19,2,1,,,,,1,,,,,,4,3,15,2,"One accidentally in the Thames at St John at Wapping.  And one in the Thames at St Margaret in Westminster.",,,,,1,"And one by a Cart Wheel at St Sepulchres 1",,,2,"One by a Fall from his Horse at Hampton in Middlesex, Buried at St Stephen in Walbrook 1; One at St Martin in the Fields, Buried at St Sepulchres 1",144,142,286,158,150,308,-20
942,14564,1150,1,1702,32,Laxton-1702-32-verso,21,July,28,July,22,,,,1,,,,,1,1,,5,,,3,45,110,,,,5,,55,,5,"flox 0; small-pox 5",,2,,,1,,,25,,,,,,1,,,,2,,1,,,,,2,,,,,,,,,,,,,,,1,10,,,,,,,,,,,,,,,,1,4,,,,1,,,28,3,3,,,,,,,,,,,3,2,7,1,"Drowned accidentally in a Horse-Pond at St Katherine Coleman 1.",,,,,1,"Kill'd by a Dray at St Dunstan at Stepney 1.",,,2,"Kill'd by a Fall from a Door of a Warehouse at St Mary in Whitechappel 1; Stifled in Mud at St Dunstan at Stepney 1",162,152,314,172,182,354,46
943,14565,1151,1,1702,33,Laxton-1702-33-verso,28,July,4,August,22,,,,,,,,,1,,,7,1,,4,39,128,1,,,7,,46,1,10,"flox 0; small-pox 10",,1,,,,,1,41,,,,,,3,,,,1,,,,,,,1,,,2,,2,,,,,,,,,,,11,,,1,,,,,1,,,,3,,,,1,9,,,,2,,,33,,1,,,3,,,,,,,2,1,,11,2,"One at St Saviour in Southwark. And one in a Ditch (a Boy) at St Mary at Lambeth",1,"Found dead at St Martin in the Fields 1.",,,,,3,"Hanged herself (being Lunatick) at St Thomas in Southwark 1; Hanged himself (being Distracted) at St Martin in the Fields 1; Shot himself being Lunatick) at St Martin within Ludgate 1",3,"Dead by Misfortune (so reported in the Coroner's Warrant) at St Mildred Breadstreet 1; Kill'd at St James in Westminster 1; Struck himself against a Post swiming in the New River at St Mary at Islington 1",169,145,314,204,204,408,54
944,14566,1152,1,1702,34,Laxton-1702-34-verso,4,August,11,August,15,,2,,,,,,,2,1,,2,,,1,49,137,,,,6,,63,1,5,"flox 0; small-pox 5",,2,,,,,,44,,1,,,,1,,,,2,,1,,1,,,,,,2,,,,,,,,,,,,,13,1,,,,,,,,,,,1,,,,1,10,,,,1,,,34,,1,1,,2,,,,,,,1,1,,6,,,,,1,,,,1,"Cut her Throat at St Giles in the Fields 1.",1,"Kill'd by a Fall off a Horse at St Margaret in Westminster 1.",159,157,316,216,198,414,6
945,14567,1153,1,1702,35,Laxton-1702-35-verso,11,August,18,August,22,,,,,,1,,,1,,,5,1,,,43,126,,,,8,,44,,11,"flox 0; small-pox 11",,2,,1,1,,,34,,,,,,1,,,,1,,,,,,,1,,,1,,1,,,,,,,,1,,,3,1,,,,,,,,,,,,,,,1,6,,,,,,,38,1,3,,,,,2,,,,,1,,1,4,,,,,,,,,,,3,"One by the Fall of part of the Moulding of a leaden Cistern at the Hospital of Bridwel 1; And one by a Fall from a Horse at St Martin in the Fields 1; Sore Leg 1",152,141,293,182,188,370,-44
946,14568,1154,1,1702,36,Laxton-1702-36-verso,18,August,25,August,21,,,,,,,,,,,,7,2,,4,51,151,,,,6,,56,,8,"flox 0; small-pox 8",,2,,,1,,,51,,1,,,,2,,,,1,,1,,,,,,,,,,,,,,,,,,,,1,10,1,,,,,,,,,,,,,,,1,3,,,1,2,,,36,2,,,,2,,2,,,,,2,,1,13,4,"One accidentally at St Katharin by rhe Tower. One in the Thames. And one in a Well at St Mary at Lambeth. And one in a Tub of Water at St Margaret in Westminster.",1,"Found dead in the Street supposed to be killed by a Cart or Coach at St Dunstan atStepney 1.",,,,,,,1,"Died of an Ulcer in her Thigh (so reported in the Coroner's Warrant) at St John at Wapping 1.",153,157,310,223,225,448,78
947,14569,1155,1,1702,37,Laxton-1702-37-verso,25,August,1,September,19,,,,,,,1,,2,1,,2,1,,2,61,162,1,,,8,,58,,10,"flox 0; small-pox 10",1,2,,,,,,46,,,,,,1,,,,1,,5,,,,,,,,,,,,,,,,,,,,,7,,,,,,,,,,,,,,,,3,5,,,,1,,,38,1,1,,,,,3,1,,,,2,2,1,10,,,,,,,,,,,1,"Chin Cough",128,168,296,227,233,460,12
948,14570,1156,1,1702,38,Laxton-1702-38-verso,1,September,8,September,24,,3,,,,,,,4,1,,9,,,5,40,174,,,,10,,57,,6,"flox 0; small-pox 6",,,,1,,,,53,,,,,,3,,,,3,,,,,,,,,,,,,,,,,,,,1,,1,10,1,,,,,,,,,,,3,,,,1,7,,,,,,,33,,2,,,,,,,,,,2,1,2,16,1,"Drowned accidentally in the Thames at St John at Wapping 1",,,,,,,,,2,"Kill'd by a Fall from a Cart loaded with Faggots at St Mary in Whitechappel 1; Bursten 1",160,141,301,228,248,476,16
949,14571,1157,1,1702,39,Laxton-1702-39-verso,8,September,15,September,26,,2,,,,,,1,3,,,6,1,,1,54,157,,,,10,,52,,12,"flox 0; small-pox 12",,,,1,,,,45,,,,,,3,1,,,4,,2,,,,,,,,,,,,,1,,,,1,1,,2,10,1,,,,,,,1,,,,,,,,,8,2,,,1,,,31,1,2,,,,,2,1,1,,,3,2,1,5,1,"Drowned accidentally in the Thames at St Paul at Shadwel 1",,,,,1,"Kill'd accidentally by the Shaft of a Cart at St Mary in Whitechappel 1",1,"Laid violent Hands on herself at St Katharin by the Tower (so reported) 1",1,"Scalded accidentally at St Botolph without Aldgate 1",163,138,301,226,236,462,-14
950,14572,960,1,1702,40,Laxton-1702-40-verso,15,September,22,September,22,,,,,,,,,1,1,,5,2,,1,52,135,,,,11,,64,3,5,"flox 0; small-pox 5",,,,1,,,,40,,2,,,,1,,,,3,,1,,,,,,,,1,,,,,,,,,,,,,14,,,1,,,,,,,,,,1,,,,7,,,1,,,,32,1,3,,,1,,,1,,,,1,1,1,5,1,"Drowned at St Mary at Lambeth 1",1,"Found dead in the Street at Alhallow Barkin ",,,,,,,,,163,132,295,215,211,426,-36
951,14573,1096,1,1702,41,Laxton-1702-41-verso,22,September,29,September,25,,1,,,,,,,1,,,3,1,,6,52,133,,,,11,,60,2,7,"Flox 0; Small pox 7",,1,,,,,,21,,,,,,1,,,,1,,2,,,,,1,,,,,,,,,,,,,,,,8,3,,,,,,,,,,,2,,,,,5,,,2,3,,,28,,2,,,2,,,,,,,,2,1,13,3,"Drowned 3 at St Mary at Lambeth",,,,,4,"One by a Fall from a Ladder at St Sepulchres; One by a Wonnd in the Left Breast at St Giles in the Fields; One by an accidental Fall from a Stage at St Mary at Rotherhith; And one by a Fall from a House at St Clement Danes",,,,,165,169,334,215,192,407,-19
952,14574,1097,1,1702,42,Laxton-1702-42-verso,29,September,6,October,20,,,,,,,1,,2,,,5,2,,2,54,94,,,,14,,52,2,10,"flox 0; small-pox 10",,4,,,,,,35,,1,,,,,,,,1,,2,,,,,,,,,,,,,,,,,,,,1,7,1,,,,,,,,,,,,,,,1,5,,1,2,1,,,18,1,2,,,1,,1,,,,,1,1,1,10,1,"Drowned accidentally in the River of Thames at St Katharin by the Tower 1",,,1,,,,,,3,"Pain in the Head 1;  Sore Leg 1; Died in the Street at St Dunstan at Stepney 1",173,154,327,195,166,361,-46
953,14575,1098,1,1702,43,Laxton-1702-43-verso,6,October,13,October,24,,2,,,,,,,2,,,1,1,,,59,124,,,,11,,47,2,6,"Flox 0; Small Pox 6",,1,,,,,,25,,,,,,,1,,,1,,1,,,,,,,,,,,,,1,,,,,,,,5,1,,,,,,,,,,,,,,,1,4,,,1,,,,19,1,4,1,,3,,1,,,,,1,,1,16,2,"One accidentally in a Tub of Water at Alhallows Barkin; And one  accidentally in the Thames at St Paul at Shadwel",,,,,,,,,,,172,142,314,169,201,370,9
954,14576,1099,1,1702,44,Laxton-1702-44-verso,13,October,20,October,32,,3,,,,,,,1,,,5,,,2,63,104,,,,16,,55,,9,"Flox 0;  Small-Pox 9",1,,,1,,,,19,,,,,,1,1,,,1,,4,,,,,2,,,,,,,,,,,1,,2,,2,7,,,,,,,,,,,,4,,,,1,8,,,,1,,,20,2,6,1,,1,,,,,,,1,3,2,8,,,,,,,1,"One by a Shaft of a Cart at St Olave in Southwark",,,1,"And one accidentally by a Tobacco Pipe being struck into her Brain at St Margret in Westminster",170,143,313,205,187,392,22
955,14577,1128,1,1701,45,Laxton-1701-45-verso,20,October,27,October,36,,2,1,,,,,,,,,8,1,,3,53,102,,,,14,,66,,7,"flox 0: small-pox 7",,,,,1,,,20,,,,,,,2,,,,,,,,,,1,,,,,,,,,,,,,2,1,,6,1,,1,,,,,,,,,,,,,1,8,1,,2,,,,28,,3,,,,,,,,,,2,4,,10,1,"Drowned accidentally in the Thames near Execution Deck, Buried at St Mary in Whitechappel 1.",,,,,,,1,"Hang'd herself (being Lunatick) at St John at Wapping 1.",1,"Kill'd accidentally in a Crane at St Dunstan in the East 1.",149,153,302,198,193,391,-1
956,14578,1130,1,1701,46,Laxton-1701-46-verso,27,October,3,November,40,1,6,,,,,1,,2,1,,3,2,,2,54,88,,,,6,,59,,6,"Small-pox 6",,,,1,,,,21,,,,,,,,,,,,,,,,,2,,,,,,,,,,,,,1,,,9,1,,,,,,,,,,,,,,,2,5,,,,1,,,28,1,10,1,,,,,,,,,,1,1,12,,,,,,,2,"Kill'd by a Dray at Christ-Church in Surry 1; Murthered at St Andrew in Holborn 1.",1,"Hnag'd himself (being Lunatick) at St Mary in Whitechappel 1.",,,138,122,260,178,193,371,-20
957,14579,1132,1,1702,47,Laxton-1702-47-verso,3,November,10,November,43,,2,,,,,,,1,,,1,1,,3,67,85,,,,8,,65,,6,"small-pox 6",,2,,,,,,19,,,,,,1,,,,,,,,,,,,,,,,,,,1,,,,,1,,,9,2,,,,,,,,,,,3,1,,,,10,,,2,,,,18,,3,,,1,,,,,,,2,2,2,13,,,1,"Found dead a Male Child at St Paul in Covent-Garden 1.",,,,,,,3,"Sore Throat 1; Pain in the head 1; Kill'd accidently at St Dunstan at Stepney 1.",177,158,335,198,182,380,9
958,14580,1133,1,1702,48,Laxton-1702-48-verso,10,November,17,November,24,,1,,,,,,,1,,,6,,,1,57,96,,,,29,,61,,10,"small-pox 10",,1,,,,,1,16,1,,,,,1,1,,,,,2,,,,,2,,1,,,,,,,,,,,2,,,5,,,,,,,,1,,,,,,,,1,5,,,1,1,,,16,1,6,1,,1,,,,,,,1,1,2,6,2,"One in the Thames, Buried at St Mary Aldermary. And one accidently in the Thames at St John at Wapping.",,,,,1,"Shot in the Leg at St Dunstan at Stepney 1.",,,,,124,157,281,172,195,367,-13
999,14581,1136,1,1702,49,Laxton-1702-49-verso,17,November,24,November,38,,1,,2,,,,,2,,,6,1,,3,44,102,,,,12,,70,,5,"small-pox 5",,1,,1,,,,19,,,,,,1,,,,1,,2,1,1,,,2,,,,,,,,,,,,,,,,8,1,,,,,,,,,,,,,,,,6,,,,,,,20,,7,1,1,1,,,,,,,2,3,1,12,1,"Drowned accidentally  in Tower Ditch at St Katherine by the Tower ",2,"One on the Thames at St John at Wapping. And one an Infant at St Paul in Covent-Garden.",,,,,,,,,147,130,277,195,186,381,14
1000,14582,1137,1,1702,50,Laxton-1702-50-verso,24,November,1,December,31,,2,,,,,,,,,,7,1,,3,53,107,,,,13,,59,1,6,"small-pox 6",,,,,,,,15,,,,,,2,,,,1,,3,,1,,,,,,3,,1,,,,,,,1,,,1,5,4,,,1,,,,,,,,1,,,,2,4,,,2,2,,,20,,8,2,,1,,,,,,,3,1,2,10,1,"Drowned at St Mary in the Savoy 1.",1,"Fonud dead a Male Infant at St Bridget alias Brides 1.",,,,,1,"Threw herself out of a Window at St Bridget alias Brides 1.",,,140,167,307,194,188,382,1
1001,14583,1163,1,1702,51,Laxton-1702-51-verso,1,December,8,December,37,,,,,,,,,,,,4,2,,1,59,92,1,,,21,,55,,10,"Small-pox 10",,1,,,,,,5,,,,,,1,,,,,,,,,,,1,,,,,,,,2,,,1,,,,,5,1,,,,,,,,,,,1,,,,,3,,,2,1,,,20,1,2,2,,2,,,,,,,4,3,3,11,3,"One at Christ-Church iu Surry. One at St Mary at Newington. And one at St Margaret in Westminster.",,,,,,,1,"Poisoned himself (being Lunatick) at St Margaret Moses 1.",2,"One accidentally by a Fall down Stairs (so reported in the Coroner's Warrrant) at St Clement Danes, Buried at Alhallows in Breadstreet 1; And one by a Fall of a House at St Paul at Shadwel 1.",157,170,327,189,171,360,-22
1002,14584,1170,1,1702,52,Laxton-1702-52-verso,8,December,15,December,29,,1,,,,,,,1,,,6,,,3,65,113,,,,19,,60,,6,"small-pox 6",,1,,,1,,,18,,,,,,,,,,,,1,,,,,,,,,,,,,,,,,,,,,8,1,,1,,,,,,,,,,,,,,6,,,3,5,,,28,1,7,,,,,,,,,,2,1,3,10,1,"Drowned accidentally in the Thames at St Paul at Shadwel 1.",,,1,,1,"One by a Cart at Alhallows Barkin 1",1,"And one killed herself with a Rapier Blade (being Lunatick) at St Sepulchres 1.",4,"Mothered (a Male Infant) at St Margaret in Westminser 1; One by an accidental Fall from a Ware house Door at Alhallows Barkin, buried at St Dunstan in the East 1; Bursten 1; Sore Leg 1",167,148,315,209,199,408,48
1011,14585,1171,1,1702,1,Laxton-1702-01-verso,15,December,22,December,36,,,,,,,,,1,,,2,4,,5,70,96,,,,19,,62,,7,"small-pox 7",,1,,,1,,,23,,,,,,1,2,,,1,,2,,,,,1,,,,,,,,,,,,,,,,1,3,,2,,,,,,,,,1,1,,,1,11,,,3,4,,,17,,10,,,3,,1,,,,,4,2,2,9,1,"Drowned at St Mary Magdalen Bermondsey 1.",1,"Found dead in an House of Office at St Mary at Rotherhith 1.",,,,,,,2,"One accidentally on board an Hoy at St Dunstan at Stepney 1; And one at St Clements Danes 1.",163,140,303,211,202,413,5
1012,14586,1172,1,1702,2,Laxton-1702-02-verso,22,December,29,December,40,,1,,,,,,,1,,,4,,,2,63,91,,,,19,,63,,5,"small-pox 5",,,,1,2,,,18,,,,,,1,,,,2,,1,,,,,1,,,,,,,,,,,,,,,,9,2,,,,,,,1,,,,2,,,,,7,,,2,1,,,18,2,12,,,1,,,,,,,1,3,2,8,,,,,,,,,,,,,131,146,277,192,194,386,-27
1013,14587,1173,1,1702,3,Laxton-1702-03-verso,29,December,5,January,39,,1,,1,,,1,,,,,2,2,,1,62,101,,,1,19,,52,1,8,"small-pox 8",,1,,1,,,,19,,,,,,1,,,,2,,1,,,,,1,,,1,,,,,1,,,,,,,2,14,1,,1,1,,,,,,,,,,,,1,8,,,3,1,,,22,1,8,,,,,,1,,,,1,1,1,8,,,,,1,,,,,,,,155,168,323,196,199,395,9
1014,14588,1174,1,1702,4,Laxton-1702-04-verso,5,January,12,January,36,,1,,,,,,,1,,,1,1,,9,69,98,,,,19,,67,2,7,"small-pox 7",,1,,,2,,,21,,1,,,,,,,,,,10,,,,,,,,,,,,,,,,,,,,,12,,,,,,,,,,,,,,,,1,7,,1,1,3,,,27,1,9,,,,,,,,,,1,1,2,9,2,"One accidentally in the River of Thames at St Swithin. And one in the Thames at St Katharin by the Tower.",2,"One in the Street at St Michael at Queenhith. And one in the Thames at St John at Wapping.",,,,,,,,,153,162,315,217,215,432,37
1016,14590,1195,1,1702,06,Laxton-1702-06-verso,19,January,26,January,51,,1,,,,,,,1,,,6,3,,1,71,129,1,,,25,,87,,18,"Flox 0; small-pox 18",,,,,,,,15,,,,,,2,2,,,3,,2,,1,,,1,,,,,,,,,,,1,,,,,10,5,,,,,,,3,,,,2,2,,,1,13,,1,1,2,,,41,,11,,,,,,,,,,,,4,6,1,"Drown'd at St Margaret in Westminster 1. ",1,"Found dead at St Ann in Westminster 1.",,,,,,,,,164,149,313,257,270,527,52
1017,14591,1196,1,1702,07,Laxton-1702-07-verso,26,January,2,February,44,,1,,,,,1,,2,,,3,1,,3,67,122,,,,16,,63,,8,"Flox 0; Small-pox 8",,,,2,2,,,26,,,1,,,,,,,,,2,,,,,1,,,,,,,,,,,1,,,2,,9,2,,,,,,,,,,1,2,1,,,,18,,,2,2,,,48,,13,,,,,,,,,,,1,3,7,,,1,"Found dead (Male Infant) at St Paul in Covent Garden 1.",1,,,,,,,,163,149,312,246,234,480,-47
1018,14592,1270,1,1702,8,Laxton-1702-08-verso,2,February,9,February,45,,,,,,,,,1,,,5,2,,4,75,153,,,,24,,61,,5,"flox 0; small-pox 5",,2,,1,1,,,26,,2,,,,1,1,,,2,,2,,,,,,,,2,,,,,,,,,1,,,1,13,,,,,,,,,,,,1,,,,2,16,3,,,3,,,46,,26,,,1,,1,,,,,2,2,3,14,,,,,,,,,,,1,"Stopage in the Throat ",176,141,317,274,277,551,71
1019,14593,1271,1,1702,9,Laxton-1702-09-verso,9,February,16,February,45,,1,,,,,,,4,,,5,3,,2,82,127,,,,19,,66,2,10,"flox 0; small-pox 10",,1,,1,1,,,20,,1,,1,,1,,,,,,2,,,,,,,,,,2,,,1,,,1,,,,2,8,1,,,,,,,1,,,1,4,,,,,11,,,4,2,,,37,,10,,,,,,1,,,,,2,2,9,2,"Drowned 2. One at St Dunstan at Stepney. And one in the Thames at St Paul at Shadwel",1,"Found dead in the Gutter of an House at St Dunstan at Stepney 1.",,,1,"Murthered at St Andrew in Holborn 1. ",,,1,Bursten,178,174,352,243,255,498,-53
1020,14594,1272,1,1702,10,Laxton-1702-10-verso,16,February,23,February,38,,,,,,,,,2,,,10,2,,2,71,153,1,,,18,,79,1,8,"flox 0; small-pox 8",,,,,1,,1,21,,,,,,,2,,,,,3,,1,,,2,,,,,,,,,,,4,,,,,7,6,,1,,1,,,,,,,3,1,,,1,6,,,4,,,,42,3,20,1,,,,,,,,,,2,2,8,1,"Drowned accidentally in the Thames at St Paul at Shadwel 1.",1,"Found dead in the Thames at St Dunstan at Stepney 1.",,,1,"Murthered at St Giles in the Fields 1.",1,"Shot himself (being Lunatick) at St Faith 1.",,,165,156,321,275,257,532,34
1021,14595,1273,1,1702,11,Laxton-1702-11-verso,23,February,2,March,35,1,1,,,,,,,,,,2,,,,64,110,1,,,16,,67,1,8,"flox 0; small-pox 8",,,,,,,,25,,,,,,2,2,,,5,,2,,,,,,,,1,,,,,1,,,,,,,,12,1,,1,,,,,1,,,,1,,,,,10,1,,,1,,,25,,8,,,5,,1,1,,,,2,1,1,8,,,,,,,1,"Kill'd at St James in Westminster 1.",2,"Hang'd himself (being Lunatick) at St Andrew in Holborn 1; Stab'd himself with a Knife (being distracted) at St Martin in the Fields 1.",1,"Suffocated with Charcoal (so reported in the Coroner's Warrant) at St Helen 1.",164,146,310,212,216,428,-104
1022,14596,1274,1,1702,12,Laxton-1702-12-verso,2,March,9,March,28,,2,1,,,,,,1,1,,6,,,2,62,132,,,,23,,72,,7,"flox 0; small-pox 7",,1,,,,,1,16,,,,,,,1,,,2,,4,,,,,,,,1,,1,,,,,,,1,,,,10,1,,2,,1,2,,,,,,,,,,,9,,,,2,,,26,,6,1,,3,,,,,,,2,1,4,9,1,"Drowned accidentally in the Thames at St Mary Sommerset 1.",,,,,,,,,,,161,166,327,218,225,443,15
1023,14597,1275,1,1702,13,Laxton-1702-13-verso,9,March,16,March,29,,2,,,,,,,2,1,,2,1,,,63,110,,,,17,,66,,8,"flox 0; small-pox 8",,,,,1,,,20,,,1,,,,,,,1,,1,,,,,1,,,1,,,,,1,,,,,1,,,7,4,,1,,,,,,,,,,,,,2,11,,,,1,,,29,,10,,,1,,,,,,,3,5,1,11,1,"Drowned in the Thames at St Margaret in Westminster 1.",,,1,,2,"One accidentally by a Fall off his Coach Box at St Giles in the Fields 1; And one by a Fall from a Horse at St Margaret in Westminster 1",,,,,153,148,301,207,212,419,-24
1024,14598,1100,1,1702,14,Laxton-1702-14-verso,16,March,23,March,42,,,,,,,,,2,,,6,1,,2,53,115,,,1,17,,64,,,3,,,,1,,,,22,,1,,,,3,1,,,,,1,,,,,,,,5,,,,,1,,,1,,1,,1,10,4,,,,,,,,,,,1,,,,3,7,,,,2,,,37,1,10,,,,,,1,,,,2,4,3,11,,,,,,,,,,,1,"Frighted at Alhallows Barking 1",158,160,318,219,223,442,23
1025,14599,1102,1,1703,15,Laxton-1703-15-verso,23,March,30,March,26,,2,,,,,,,3,1,,4,1,,,54,118,,,,19,,58,,8,"flox 0; small-pox 8",,1,,,,,,19,,,,,,,,,,,,1,,,,,3,,,1,,2,,,1,,,1,,2,,,10,3,,,,1,,,,,,,,,,,2,7,,,,,,,39,2,10,,,1,,1,2,,,,,4,2,7,,,,,,,1,"Murther'd at St James at Clerkenwel 1.",,,3,"One by a Fall of a Wall at St Giles in the Fields 1; One in a Hold of a Ship at St Paul at Shadwell 1; And one at St Martin in the Fields 1",138,134,272,207,213,420,-22
1026,14600,1103,1,1703,16,Laxton-1703-16-verso,30,March,6,April,32,,2,,,,,,,1,,,5,1,,1,53,116,,,,20,,72,1,10,"flox 0; small-pox 10",,3,,,2,,,27,,,,,,1,,,,2,,2,,,,,2,,,,,,,,2,,,2,,,,1,11,4,,1,,,,,,,,,,,,,,10,,,2,3,,,34,2,6,,,1,,,,,,,,1,2,8,2,"One at Christ Church in Surry. And one at St Martin in the Fields.",,,,,2,"Stiffled in a House of Office at St Martin in the Fields 2.",,,1,"Kill'd accidentally with a Tobacco Pipe Struck into his Throat at St Peter at Paulswharf 1.",157,154,311,219,229,448,28
1027,14601,1104,1,1703,17,Laxton-1703-17-verso,6,April,13,April,26,,2,,,,,,,1,,,4,2,,2,56,114,,,,25,,59,,10,"flox 0; small-pox 10",,,,,1,,,19,,,,,,,,,,4,,4,,,,,,,,3,,,,,1,,,,2,,,2,11,2,,1,,,,,,,,,,1,,,,7,,,1,,,,25,,3,1,,,,,1,,,,,6,2,7,3,"One accidentally at St Margaret in Westminster. And one at St Martin in the Fields.",,,,,1,"And one in a Duel at Margarei in Westminster.",3,"Hang'd themselves (being Lunatick) at St Sepulchres 2; Drowned himself (being Lunatick) at St Olave in Southwark 1.",3,"One accidentally by a Fall down Stairs at St Andrew in Holborn 1; One by a Fall from a Coach at St Botolph without Bishopsgate 1; Black Caterick 1",128,124,252,205,211,416,-32
1028,14602,1105,1,1703,18,Laxton-1703-18-verso,13,April,20,April,35,,1,,,,,,,1,,,2,,,2,47,99,,,,16,,60,,8,"flox 0; small-pox 8",,2,,,,,,17,,,1,,,,,,,2,,4,,,,,,,,4,,,,,1,,,,1,1,1,,7,2,,,,1,,,1,,,,1,,,,1,6,,,2,1,,,22,,2,,,1,,,,,,,1,4,2,9,1,"Drowned at St Margaret in Westminster 1. ",,,,,1,"Murder'd (by a Sword) at St Paul at Covent Garden 1.",2,"Cut her Throat (being Dstracted) at Hamsted, Buried at St Martin in the Fields 1; Hang'd herself (being Lunatick) at St Dunstan at Stepney 1.
",1,"Green-Sickness 1",133,126,259,189,184,373,-43
1029,14603,1106,1,1703,19,Laxton-1703-19-verso,20,April,27,April,31,1,1,,,,,,,2,,,7,1,,4,47,120,,,,31,,56,1,17,"flox 0; small-pox 17",,,,2,,,,11,,,,,,2,1,,,2,,,,,,,1,,,,,,,,,,,1,,,,1,7,,,1,,,,,,,,,1,,,,1,4,,,2,,,,30,1,8,,,,,,,,,,,3,1,5,1,"Drowned at St Mary Magdalen Bermondley 1.",1,"Found dead (a Female Infant) in a Pond at St Giles in the Fields 1.",,,,,1,"One killed himself by a shot from a Pistol (being Distracted, so reported in the Coroner's Warrant) at St Martin in the Fields.",2,"Cut of the Stone 1; And one by the Fall of a Brick-Bat at St Clement Danes 1",139,145,284,203,206,409,36
1030,14604,1107,1,1703,20,Laxton-1703-20-verso,27,April,4,May,31,,2,,,,,1,,,,,2,,,2,57,79,,,1,15,,45,,9,"flox 0; small-pox 9",,4,,,,,2,15,,1,,,,2,,,,3,,1,,1,,,2,,,1,,,,,,,,,,,,,7,,,1,,,,,1,,,,2,,,,1,6,,,1,1,,,26,2,3,1,,1,,,,,,,1,4,1,11,1,"Drowned accidentally in the Thames at St Paul at Shadwel 1.",,,,,1,"Murthered on the River of Thames (so reported in the Coroner's Warrant) at St John at Wapping 1.",1,"Hang'd herself (being Lunatick) at St Botolph without Bishopsgate 1.",,,133,126,259,180,169,349,-60
1071,14605,1108,1,1703,21,Laxton-1703-21-verso,4,May,11,May,33,,4,,,,,,,1,,,1,,,2,44,96,,,,17,,56,,15,"flox 0; small-pox 15",,3,,,1,,,26,,,,,,1,,,,2,,2,,,,,,,,,,,,,,,,,,1,,,12,2,,,,,,,,,,,1,,,,,2,1,,,,,,28,2,5,,,,,,,,1,,1,3,1,2,1,"Drowned at St Margaret in Westminster 1.",,,,,,,1,"Hanged himself (being Distracted) at St James in Westminster 1.",1,"Hectick Fever 1",134,141,275,183,186,369,20
1072,14606,1109,1,1703,22,Laxton-1703-22-verso,11,May,18,May,22,,2,,,,,,,,,,4,,,1,56,104,,,,12,,59,1,19,"flox 0; small-pox 19",,1,,,,,,13,,,,,,2,,,,2,,2,,,,,2,,,2,,1,,,,,,,1,,,,1,1,,,,,,,,,,1,1,,,,1,6,,,1,1,,,26,2,3,,,,,,,,,,,1,1,10,4,"Drowned 4. One at St Saviour in Southwark. Two accidentally in the Thames at St Dunstan at Stepney. And one in a Drill at Christ Church in Surry.",,,,,,,1,"Kill'd accidentally with a Gun at St Martin in the Fields 1. ",,,119,127,246,187,180,367,-2
1073,14607,1110,1,1703,23,Laxton-1703-23-verso,18,May,25,May,19,,,,,,,,,1,,,4,,,2,62,98,,,,16,,45,,13,,,1,,,1,,,14,,,,,,,,,,2,,1,,,,,1,,,7,,,,,,,,,2,,,,9,,,,,,,,,,,,4,,,,2,13,1,,1,,,,25,1,2,,,,,,,,,,,1,1,12,3,"Drowned 3 One in the Thames, Buried at Sy Sepulchres. One at St Giles in the  Fields. And one in the Thames at St Mary at Rotherhith.",1,"Found Dead (an Infant) at St Botolph without Bishopsgate 1.",2,,1,"Murthered at St Christopher-Parish 1.",1,"Stabbed himself with a Knife at St Mary ar Rotherhith 1.",2,"One accidentally by a Bruise, received by a Fall at St Andrew in Holborna; And one by a Coach at St Martin in the Fields 1.",136,139,275,196,175,371,4
1074,14608,1138,1,1703,24,Laxton-1703-24-verso,25,May,1,June,16,,1,,,,,,,2,,,3,,,1,57,99,,,,20,,60,,18,"flox 0; small-pox 18",,1,,,2,,,12,,,1,,,1,,,,3,,3,,,,,,,,6,,,,,,,,,,,,1,7,1,,1,,,,,,,,,5,,,,2,5,,,,1,,,24,1,1,,,,,,,,,,,3,,6,2,"One at St Andrew in Holborn: And one in Fleet-Ditch, Buried at St Giles without Cripplegate.",,,,,,,,,2,"Burnt accidentally by a Candle at St Bartholomew by the Exchange I.;
Killed with a Kick of an Horse at St Margaret in Lothbury 1. ",121,128,249,185,182,367,-6
1075,14609,1139,1,1703,25,Laxton-1703-25-verso,1,June,8,June,23,,2,,,,1,,,,1,,3,1,,1,60,88,,,,14,,60,,11,,1,,,1,,,,18,,,,,,2,,,,1,,1,,,,,,,,3,,,,,,,,,,,,,1,2,,,,,,,,,,,2,,,,,2,,,,1,,,17,,3,,1,2,,,,,,,2,4,4,6,1,"Drowned accidentally at Shadwel, Bluried at St Sepulchres I.",,,,,1,"And one by a Sword at St Giles in the Fields, Buried at St Margaret in Westminster",1,"Cast himself out of a Window at St Clement  Danes I. ",3,"Died by Misfortune (io reported at the Coroner's-Warrant) at St Dunstan at Stepney I;
One by a Fall into a Fleet-Ditch at St Anne in Blackfryars
Kick of an Horse at St Stephen in Colemanstreet. 
",130,135,265,179,167,346,-21
1076,14610,1140,1,1703,26,Laxton-1703-26-verso,8,June,15,June,31,,,,1,,,,,6,,,2,1,,1,40,79,,,,16,,50,,14,,1,,,,,,,13,,,,,,,,,,4,,,,1,,,,,,3,,,,,2,,,,,,,,7,,,1,,,,,,,,,2,2,,,,3,,,1,1,,,13,,4,,,,,,,,,,,2,3,5,1,"Drowned accidentally in the New-River, Buried at Botolph without Aldergate I. ",,,,,2,"Choaked at St Anne in Westminster;
Murthered at St Martin in the Fields I. ",1,"Hang'd himself (being Lunatick) at St Gabriel in Fenchurchstreet, Buried at St Margaret Pattons I",3,"One by a Fall from the Mast of a Ship at St Dunstan at Stepney: One at St James in Westminster. And one by a Fall from a House at St Martin in the Fields",129,136,265,153,163,316,-30
1077,14611,1141,1,1703,27,Laxton-1703-27-verso,15,June,22,June,21,,1,,,,,,,2,1,,,1,,3,59,82,,,,10,,41,1,15,,,2,,,1,,,10,,,,,,1,,,,4,,3,,,,,,,,2,,,,,,,,,,2,,,7,2,,,,,,,,,,,15,,,,1,2,,,3,3,,,16,1,,,,,,,,,,,1,5,,5,2,"Drowned 2. Once accidentally in the Thames at St Mary at Rotherhith. And one in the Thames at St Mary at Whitechappel.",,,,,2,"Choaked at St Martin at Ludgate;
Kill'd with an Hammer at St Clement Danes I.",,,,,125,119,244,159,151,310,-6
1078,14612,1143,1,1703,28,Laxton-1703-28-verso,22,June,29,June,21,,,,,,1,,,6,1,,1,,,,37,91,,,,9,,34,,18,"flox 0: small-pox 18",,2,,,1,,,13,,,,,,,,,,,,3,,,,,1,,,,,,,,,,,1,,,,1,,7,,,,,,,1,,,,,,,,1,1,,,,,,,22,1,1,,,1,,,,,,,,2,1,4,4,"Drowned 4. One accidentally at  St Botolph without Aldgate. One accidentally in a Pond at St Giles in the Fields. One in the Thames at St. Paul at Shadwel. And one at St Martin in the Fields. ",,,,,,,1,"Shot himself (being Lunatick) at Mary in the Savoy ",,,130,125,255,141,147,288,-22
1079,14613,1175,1,1703,29,Laxton-1703-29-verso,29,June,6,July,35,,2,,,,,,,,1,,5,1,,,36,91,,,,8,,36,1,10,"flox 0; small-pox 10",,2,,,1,,,18,,,,,,,,,,1,,5,,,,,1,,,,,,,,,,,,,,2,2,6,2,,,,1,,,,,,,1,,,,2,6,,,1,1,,,14,,2,1,,1,,,,,,1,1,2,,12,1,"Drowned accidentally in the Thames at St Dunstan in the East 1.",2,"Found dead in the Thames (Two Infants) at St Mary at Rotherhith",,,,,,,2,"sore leg 1; Kill'd by a Fall down Stairs at St James in Westminster 1. ",141,146,287,155,162,317,25
1080,14614,1176,1,1703,30,Laxton-1703-30-verso,6,July,13,July,18,,1,,,,,,,,,,5,1,,1,39,97,,,,10,,40,,15,"flox 0; small-pox 15",,7,,,,,,11,,,,,,1,,,,4,,1,,,,,2,,,2,,,,,,,,2,1,,,,4,1,,,,,,,,,,,,,,,,8,,,,,,,12,2,2,,,,,,1,,,,1,3,1,11,,,1,"Found dead in the River Lee, Buried at St John at Hackey 1. ",,,,,,,,,143,152,295,148,157,305,-12
1081,14615,1177,1,1703,31,Laxton-1703-31-verso,13,July,20,July,15,,1,,,,,,,2,,,5,1,,1,40,106,,,,11,,43,1,20,"flox 0; small-pox 20",,,,,,,,20,,,,,,3,1,,,,,2,,,,,,,,2,,,,,,,,,,,,1,2,2,,2,,,,,,,,,2,,,,,,,,,2,,,17,1,,,,,,,,,,,1,1,,8,1,"Drowned in the Thames at St Dunstan at Stepney 1.",,,,,1,"And one accidentally by another's man falling on him from a Ladder at St James in Westminster.",1,"Hanged himself (being Lunatick) at St Botolph without Bishopgate 1. ",2,"One by a Fall from the Eaves of an House at St Martin Orgars. One by a Fall out of a Window at St Mary Aldermanbury.",143,137,280,168,154,322,17
1082,14616,1178,1,1703,32,Laxton-1703-32-verso,20,July,27,July,17,,1,,,,,,,2,,,3,,,2,38,93,,,,7,,53,2,27,"flox 0; small-pox 27",,,,,,,,20,,,,,,2,,,,4,,2,,,,,2,,,,,,,,1,,,,,,,2,4,1,,,,,,,,,,,,,,,,3,,,,2,,,23,1,1,,,2,,,,,,,,2,,8,3,"One accidentally falling from a Lighter at St. Martin Vintrey.  One at St Dunstan at Stepney. And one at St Mary at Rotherhith.",,,,,1,"Killed at St Margaret in Westminster 1",,,1,"Distracted 1",129,120,249,171,159,330,8
1083,14617,1179,1,1703,33,Laxton-1703-33-verso,27,July,3,August,29,,1,,,,,,,3,,,5,2,,3,42,102,,,,7,,39,,20,"flox 0; small-pox 20",,5,,1,,,,15,,,,,,,,,,5,,1,,,,,1,,,,,,,,,,,,,,,,1,1,,,,,,,,,,,1,,,,,3,,1,1,1,,,25,1,1,,,2,,,,,,,2,,,12,3,"One accidentally in a Pond at St Andrew in Holborn.  One at St Dunstan at Stepney. And one in the Thames at St Paul at Shadwel.",,,,,,,,,1,"Killed accidentally by the Whipstaff belonging to the Rudder of a Ship at St Paul at Shadwel 1. ",132,141,273,166,172,338,8
1084,14618,1180,1,1703,34,Laxton-1703-34-verso,3,August,10,August,12,,5,,,,,,,1,,,3,,,7,31,105,,,,10,,42,1,23,"flox 0; small-pox 23",,,,,2,,,27,,,,,,2,,,,2,,,,,,,,,,1,,,,,,,,,,1,,1,7,,,,,,,,,,,,1,,,,,2,,,1,1,,,36,,2,,,,,,,,,,2,,1,8,1,"Drowned accidentally in the Thames, Buried at the German-Church in Trinity-Lane ",,,,,,,,,1,"Killed accidentally by a Fall from his Horse in the Parish of Hayes, Buried at St James at Clerkenwell 1. ",152,147,299,172,167,339,1
1085,14619,1181,1,1703,35,Laxton-1703-35-verso,10,August,17,August,20,,2,,,,,,,2,,,2,,,2,51,123,,,,12,,51,,28,"flox 0; small-pox 28",,1,,,,,,28,,,,,,1,,,,1,,3,,,,,,,,,,1,,,,,,,,,,,5,2,,1,,,,,1,,,,1,,,,,,,,2,1,,,39,,5,,,1,,,,,,,,1,,6,3,"Two at St Dunstan at Stepney. And one in  the Thames at St Katharin by the Tower. ",,,1,,,,,,1,"Killed accidentally by a Fall from a Warehouse at St Botolph at Billingsgate 1. ",128,134,262,191,207,398,59
1086,14620,1182,1,1703,36,Laxton-1703-36,17,August,24,August,28,,,,,,,,,2,,,2,,,2,65,149,,,,18,,72,2,29,"flox 0; small-pox 29",,1,,3,,,,34,,1,,,,,,,,2,,,,,1,,,,,,,,,,,,,1,1,,,,8,1,,2,,1,,,,,,,3,,,,,2,,,1,1,,,29,1,1,1,,,,,,,,,,3,,5,1,"Drowned at St Dunstan at Stepney 1. ",1,"Found dead a (Male Infant at St Clement Danes 1.",,,,,2,"Threw themselves out at Window Two (being Lunatick) One at St Bennet Fink. And one at St Michael in Cornhill",1,"Killed accidentally by a Fall from an House at St Clement Danes 1",157,162,319,234,243,477,79
1087,14621,1183,1,1703,37,Laxton-1703-37-verso,24,August,31,August,18,1,3,,,,,,,1,,,6,,,1,57,129,,,,18,,84,2,26,"flox 0; small-pox 26",1,1,,,,,,27,,,,,,,,,,3,,1,,,,,1,,,1,,1,,,1,,,1,1,1,,,11,1,,1,,,,,,,,,,1,,,3,4,,,2,1,,,25,,3,,,2,,,,,,,1,2,,12,1,"Drowned at St Mary at Rotherhith 1.",,,,,1,"Murthered at St Leonard in Shoreditch 1. ",,,2,"One by a Fall into a Cellar at Bennet at Paulswharf 1; And one by the Wheel of Cart at St Michael at Queenhith 1.",145,138,283,224,235,459,18
1088,14622,1184,1,1703,38,"Laxton-1703-38-verso""",31,August,7,September,32,2,,,,,,,,2,,,8,3,,2,52,132,,,1,18,,85,,30,"flox 0; small-pox 30",,,,,,,,29,,,,,,,,,,4,,1,,,,,,,,,,,,,,,,,,,,2,3,2,,1,,,,,,,,,1,,,,,,,,,,,,28,,5,,,1,,2,,,,,2,1,2,8,,,,,,,,,1,"Hanged himself (being Lunatick) at St James at Clerkenwel 1. ",1,"Killed accidentally by a Fall from an House at St Andrew in Nolborn 1. ",152,156,308,229,232,461,2
1089,14623,1075,1,1703,39,Laxton-1703-39-verso,7,September,14,September,40,,1,,1,,,,,2,,,4,1,,3,60,119,,,,16,,112,1,32,"flox 0; small-pox 32",,2,,,,,,26,,1,1,,,1,1,,,2,,,,,1,,,,,,,,,,1,,,,,,,,9,,,,,,,,,,,,3,,,,,9,1,,1,3,,,25,1,2,,,,,1,,,,,,4,,9,,,,,,,,,1,"Hang'd hreself at St Dunstan at Stpeney",,,171,183,354,253,244,497,36
1090,14624,1077,1,1703,40,Laxton-1703-40-recto,14,September,21,September,33,1,,,,,,,,,,,6,1,,1,51,87,,,,17,,90,,25,"flox 0; small-pox 25",,1,,,1,,,21,,,,,,2,2,2,,3,,4,,,2,,,,,,,,,,,,,,,,,,6,,,,,,,,,,,,1,,,,,5,1,,2,,,,9,,7,1,,,,,1,,,,,2,,9,1,"Drowned accidentally in the Thames at St Paul at Shadwel",,,,,1,"Killed by a Coach at St Ann in Westminster",,,,,123,126,249,202,192,394,-103
1132,14625,1079,1,1703,41,Laxton-1703-41-verso,21,September,28,September,34,,,,,,,,,1,,,7,1,,1,38,96,,,,11,,66,,32,"flox 0; small-pox 32",,,,,,,,16,,,,,,3,1,,,2,,1,,1,,,,,,1,,,,,1,,,2,,1,,,1,1,,,,,,,1,,,,3,,,,1,4,,,1,1,,,22,1,10,,,3,,,,,,,,,1,6,,,,,,,,,,,1,"Sore Leg",154,143,297,182,191,373,-21
1133,14626,1085,1,1703,42,Laxton-1703-42-verso,28,September,5,October,27,,4,,,,,1,,,,,3,,,3,44,89,,,,5,,64,,22,"flox 0; small-pox 22",1,2,,,,,1,17,,,,,,2,2,,,3,,2,,,,,,,,,,,,,,,,,,,,1,5,1,,,,,,,,,,,1,,,,2,9,,,1,1,,,24,2,4,,,1,,1,1,,,,,,,10,1,"Drowned at St Dunstan at Stepney 1",,,,,1,"Killed by a Cart at St Michael at Queenhith 1",,,3,"Scalded in a Brew-House at St Anne in Westminster 1; Pain in the Head 1; Sore Throat 1",172,179,351,183,178,361,-8
1134,14627,1087,1,1703,43,Laxton-1703-43-verso,5,October,12,October,26,,2,,,,,,,2,,,4,,,1,50,82,,,,11,,63,1,20,"flox 0; small-pox 20",,1,,,1,,1,20,,,,,,1,,,,3,,3,,,1,,1,,,1,,,,,,,,2,,,,1,2,1,,,,,,,,,,,3,,,,1,4,,,1,1,,,10,2,9,,,2,,1,,1,,,4,1,,14,,,1,"Found dead in a Ban Box (a Male Infant) at St Margaret in Lothbury",,,,,,,1,"Sore Leg",177,159,336,174,183,357,-4
1135,14628,1091,1,1703,44,Laxton-1703-44-verso,12,October,19,October,40,,1,,,,,,,2,,,2,1,,1,65,91,,,,19,,56,,26,"flox 0; small-pox 26",,3,,,,,,18,,,,,,1,,,,2,,2,,,,,,,,,,2,,,,,,,,1,,,11,,,,,,,,,,,,,,,,1,5,,,1,1,,,16,1,6,,,1,,,,,,,,,1,18,1,"Drowned in the Thames at St Margaret in Westmister",2,"One in the New River at St. James at Clerkenwel. And (a Male Infant) in a Coffin at St Paul in Covent Garden.",,,,,,,4,"Bruise in the Head 1; Sore Leg 1; One at St James in Wesminster 1; And one by an Horse at St James in Westminster, Buried at St Martin in the Fields 1",143,160,303,211,191,402,45
1136,14629,1158,1,1703,45,Laxton-1703-45-verso,19,October,26,October,23,,2,,,,,,,1,,,5,,,1,38,92,,,,13,,61,,28,"flox 0; small-pox 28",1,1,,,,,,14,,,,,,1,1,,,,,,,,,,,,,,,1,,,,,,,,,,1,14,1,,,,,,,,,,,1,,,,1,2,1,,2,1,,,23,,2,,,,,,,,,,1,1,1,6,,,,,,,1,"Murthered at St Andrew in Holborn 1",1,"Distracted 1",1,"Killed by a Fall from an House at St Andrew in Holborn 1",169,152,321,167,177,344,-58
1137,14630,1164,1,1703,46,Laxton-1703-46-verso,26,October,2,November,26,,3,,,,,,,2,,,8,2,,3,45,91,,,,22,,62,,26,"flox 0; small-pox 26",,,,,,,,10,,,,,,,1,,,3,,,,,,,1,,,,,,,,,,,,,,,1,4,2,,,,1,,,,,,,,,,,,3,,,1,1,,,20,,6,,,,,,,,,,1,5,,12,2,"One accidentally in the Thames at St John at Wapping. And one at St Mary at Lambeth ",,,,,,,1,"Hanged himself (being Lunatick at St Sepulchres 1",1,"Stifled at St Saviour in Southwark 1",170,183,353,179,187,366,22
1138,14631,1165,1,1703,47,Laxton-1703-47-verso,2,November,9,November,29,,,,,,,,,1,,,4,,,1,50,78,,,,27,,58,,34,"flox 0; small-pox 34",,,,,,,,14,,,,,,1,,,,2,,3,,,,,1,,,,,,,,,,,1,,1,,,7,2,,,,,,,1,,,,2,,,,2,4,,,4,2,,,13,,6,,,1,,,,,,,2,2,1,4,3,"One at St Dunstan at Stepney . One in the Thames at St John at Wapping. And one in the Thames at St Margaret in Westminster",,,,,3,"One by a Sword at St Dunstan in the East, Buried at St Mary Magdalen Bermondsey 1; And one by a Dray at St Martin in the Fields 1; Shot with a Pistol at St Martin in the Fields 1",,,,,172,166,338,179,185,364,-2
1139,14632,1166,1,1703,48,Laxton-1703-48-verso,9,November,16,November,33,,2,1,,,,,,3,,,8,4,,2,69,112,,,,14,,63,1,26,"flox 0; small-pox 26",,2,,1,,,,19,,,,,,1,1,,,1,,2,,,,,,,,,,1,,,1,,,,,,,1,9,4,,1,,,,,,,,,,,,,1,8,,,2,3,,,19,1,1,,,,,,,,,,1,3,3,10,,,,,,,,,,,1,"Killed by a Fall off a Scaffold at St Margaret in Westminster 1",157,148,305,221,214,435,71
1140,14633,1167,1,1703,49,Laxton-1703-49-verso,16,November,23,November,37,,1,,,,,,,,,,5,2,,2,50,91,,,,15,,60,,28,"flox 0; small-pox 28",,1,,,1,,,12,,1,,,,,2,,,,,2,,,,,,,,,,,,,,,,,,,,1,5,,,,,1,,,1,,,,2,1,,,,6,,,2,2,,,26,,2,,,,,,,,,,1,6,1,10,1,"Drowned accidentally in the Thames at St Magnus, Buried at St Andrew Wardrobe 1",,,,,1,"Found Murdered at St Peter in Cornhil 1",1,"Killed himself (being Distracted at St Clement Danes, Buried at St Sepulchres 1",1,"Bursten 1",152,160,312,189,192,381,54
2223,14981,956,1,1710,33,Laxton-1710-33-verso,,,1,August,24,,1,1,,,,,,1,1,,3,3,,,33,101,,,,8,,91,,79,"flox 0; small-pox 79",,,,,1,,,14,,,,,,1,,,,2,,1,,,,,1,,,5,,3,,,,,,,2,,,2,3,2,,1,,,,,,,,,12,,,,1,5,,,2,1,,,12,1,1,2,,2,,,,,,,2,3,2,10,2,"Drown'd in the Thames 2. One at Bridewel Precinct. And One at St Katherine by the Tower.",2,"One in a Drain for Water (a Male Infant) at St Botolph without Bishopsgate. And One in the Thames at St Katharine by the Tower.",,,,,,,,,150,128,278,215,229,444,-118
6396,16133,953,1,1752,38,Laxton-1752-38-verso,,,1,September,7,,2,3,,,,,,2,,,3,,,,56,111,1,,,9,,31,,54,"flox 0; small-pox 54",,,,,,,,3,,2,2,,,,,,,3,,1,,,,,1,,,1,,,,,2,,,1,,,,,,,,,,,,,1,,,,,,,,,,,,1,,,,13,4,2,,,,,,,,,,1,1,,9,,,,,,,,,,,1,"Fractured Skull one at St Mary Whitechapel.",159,121,280,179,149,328,-43
6749,16229,959,1,1722,44,Laxton-1722-44-verso,,,16,October,48,,1,2,,,,,,1,1,,2,,,2,69,165,,,,15,,69,,58,,,,,,2,,,16,,,1,,2,,,,,1,,,,,,,2,,1,4,,4,,,,,,1,1,,,,4,3,,1,,,,,,,,,,,,,3,3,1,,1,,,,39,3,9,1,,1,,1,2,,,,3,,2,15,,,1,,,,,,,,,,199,162,351,277,285,562,-13
8336,16745,962,1,1732,37,Laxton-1732-37-verso,,,29,August,19,,1,2,,,,1,,,,,4,,,,61,169,,,,15,,47,,26,"flox 0; small-pox 26",,4,,,,,,7,,2,,,1,1,,1,,3,,,,,,1,,,,1,,4,,,,,,1,,,,,1,,,2,,,,,,1,,,1,,,,,5,,,2,,,,28,4,,,,,,,,,,,1,19,4,11,3,"two buried at St. Olave in Southwark, and one at St. Saviour in Southwark ",,,,,,,1,"Hang'd herself (being Lunatick) buried at St. Botolph without Aldgate 1",2,"Kill'd by a fall down Stairs, buried at St. Mary Le-Bow 1; Stabb'd himself buried at St. Giles without Cripplegate 1;",190,155,345,233,196,429,-26
9668,17178,952,1,1740,53,Laxton-1740-53-verso,,,16,December,43,,1,6,1,,,,,2,,,8,,,1,98,110,,,,13,,56,,58,"flox 0; small-pox 58",,3,,,,,,3,,,,,,,,1,,2,,,,,,,1,,,,,4,,,1,,,3,,,,,1,,,,,,,,,,,,,,,,2,3,,,3,,,,24,1,8,,,2,,,2,,,,,,4,16,1,"Drowned at St. Olave in Southwark 1",2,"Found dead at St. Leonard Shoreditch 2",,,,,,,2,"Kill'd by a fall in a Ship buried at St. Dunstan in the East 1; Excessive Drinking 1",159,122,281,250,236,486,11
