year,week_number,unique_identifier,start_day,start_month,end_day,end_month,christening,count,id
1668,1,1668-01-verso,22,December,29,December,Christened (Male),114,1
1668,1,1668-01-verso,22,December,29,December,Christened (Female),103,2
1668,1,1668-01-verso,22,December,29,December,Christened (In All),217,3
1668,2,1668-02-verso,29,December,5,January,Christened (Male),128,4
1668,2,1668-02-verso,29,December,5,January,Christened (Female),126,5
1668,2,1668-02-verso,29,December,5,January,Christened (In All),254,6
1668,3,1668-03-verso,5,January,12,January,Christened (Male),127,7
1668,3,1668-03-verso,5,January,12,January,Christened (Female),125,8
1668,3,1668-03-verso,5,January,12,January,Christened (In All),252,9
1668,4,1668-04-verso,12,January,19,January,Christened (Male),132,10
1668,4,1668-04-verso,12,January,19,January,Christened (Female),130,11
1668,4,1668-04-verso,12,January,19,January,Christened (In All),262,12
1668,5,1668-05-verso,19,January,26,January,Christened (Male),120,13
1668,5,1668-05-verso,19,January,26,January,Christened (Female),123,14
1668,5,1668-05-verso,19,January,26,January,Christened (In All),243,15
1668,6,1668-06-verso,26,January,2,February,Christened (Male),139,16
1668,6,1668-06-verso,26,January,2,February,Christened (Female),129,17
1668,6,1668-06-verso,26,January,2,February,Christened (In All),268,18
1668,7,1668-07-verso,2,February,9,February,Christened (Male),134,19
1668,7,1668-07-verso,2,February,9,February,Christened (Female),143,20
1668,7,1668-07-verso,2,February,9,February,Christened (In All),277,21
1668,8,1668-08-verso,9,February,16,February,Christened (Male),139,22
1668,8,1668-08-verso,9,February,16,February,Christened (Female),96,23
1668,8,1668-08-verso,9,February,16,February,Christened (In All),235,24
1668,9,1668-09-verso,16,February,23,February,Christened (Male),125,25
1668,9,1668-09-verso,16,February,23,February,Christened (Female),135,26
1668,9,1668-09-verso,16,February,23,February,Christened (In All),260,27
1668,11,1668-11-verso-form-fill,2,March,9,March,Christened (Male),161,28
1668,11,1668-11-verso-form-fill,2,March,9,March,Christened (Female),118,29
1668,11,1668-11-verso-form-fill,2,March,9,March,Christened (In All),279,30
1668,12,1668-12-verso,9,March,16,March,Christened (Male),125,31
1668,12,1668-12-verso,9,March,16,March,Christened (Female),141,32
1668,12,1668-12-verso,9,March,16,March,Christened (In All),266,33
1668,13,1668-13-verso,16,March,23,March,Christened (Male),133,34
1668,13,1668-13-verso,16,March,23,March,Christened (Female),109,35
1668,13,1668-13-verso,16,March,23,March,Christened (In All),242,36
1669,14,1669-14-verso,23,March,30,March,Christened (Male),125,37
1669,14,1669-14-verso,23,March,30,March,Christened (Female),126,38
1669,14,1669-14-verso,23,March,30,March,Christened (In All),251,39
1669,15,1669-15-verso,30,March,6,April,Christened (Male),146,40
1669,15,1669-15-verso,30,March,6,April,Christened (Female),98,41
1669,15,1669-15-verso,30,March,6,April,Christened (In All),244,42
1669,16,1669-16-verso,6,April,13,April,Christened (Male),110,43
1669,16,1669-16-verso,6,April,13,April,Christened (Female),102,44
1669,16,1669-16-verso,6,April,13,April,Christened (In All),212,45
1669,17,17-1669-verso,13,April,20,April,Christened (Male),130,46
1669,17,17-1669-verso,13,April,20,April,Christened (Female),120,47
1669,17,17-1669-verso,13,April,20,April,Christened (In All),250,48
1669,18,1669-18-verso,20,April,27,April,Christened (Male),114,49
1669,18,1669-18-verso,20,April,27,April,Christened (Female),112,50
1669,18,1669-18-verso,20,April,27,April,Christened (In All),226,51
1669,19,1669-19-verso,27,April,4,May,Christened (Male),114,52
1669,19,1669-19-verso,27,April,4,May,Christened (Female),107,53
1669,19,1669-19-verso,27,April,4,May,Christened (In All),221,54
1669,20,1669-20-verso,4,May,11,May,Christened (Male),113,55
1669,20,1669-20-verso,4,May,11,May,Christened (Female),109,56
1669,20,1669-20-verso,4,May,11,May,Christened (In All),222,57
1669,21,1669-21-verso,11,May,18,May,Christened (Male),125,58
1669,21,1669-21-verso,11,May,18,May,Christened (Female),90,59
1669,21,1669-21-verso,11,May,18,May,Christened (In All),215,60
1669,22,1669-22-verso,18,May,25,May,Christened (Male),116,61
1669,22,1669-22-verso,18,May,25,May,Christened (Female),121,62
1669,22,1669-22-verso,18,May,25,May,Christened (In All),237,63
1669,23,1669-23-London,25,May,1,June,Christened (Male),97,64
1669,23,1669-23-London,25,May,1,June,Christened (Female),105,65
1669,23,1669-23-London,25,May,1,June,Christened (In All),202,66
1669,24,1669-24-verso,1,June,8,June,Christened (Male),116,67
1669,24,1669-24-verso,1,June,8,June,Christened (Female),102,68
1669,24,1669-24-verso,1,June,8,June,Christened (In All),218,69
1669,25,1669-25-verso,8,June,15,June,Christened (Male),140,70
1669,25,1669-25-verso,8,June,15,June,Christened (Female),111,71
1669,25,1669-25-verso,8,June,15,June,Christened (In All),251,72
1669,26,1669-26-verso,15,June,22,June,Christened (Male),116,73
1669,26,1669-26-verso,15,June,22,June,Christened (Female),105,74
1669,26,1669-26-verso,15,June,22,June,Christened (In All),221,75
1669,27,1669-27-verso,22,June,29,June,Christened (Male),117,76
1669,27,1669-27-verso,22,June,29,June,Christened (Female),97,77
1669,27,1669-27-verso,22,June,29,June,Christened (In All),214,78
1669,28,1669-28-verso,29,June,6,July,Christened (Male),108,79
1669,28,1669-28-verso,29,June,6,July,Christened (Female),114,80
1669,28,1669-28-verso,29,June,6,July,Christened (In All),222,81
1669,29,1669-29-verso,6,July,13,July,Christened (Male),122,82
1669,29,1669-29-verso,6,July,13,July,Christened (Female),97,83
1669,29,1669-29-verso,6,July,13,July,Christened (In All),219,84
1669,30,1669-30-verso,13,July,20,July,Christened (Male),119,85
1669,30,1669-30-verso,13,July,20,July,Christened (Female),96,86
1669,30,1669-30-verso,13,July,20,July,Christened (In All),215,87
1669,31,1669-31-verso,20,July,27,July,Christened (Male),128,88
1669,31,1669-31-verso,20,July,27,July,Christened (Female),96,89
1669,31,1669-31-verso,20,July,27,July,Christened (In All),224,90
1669,32,1669-32-verso,27,July,3,August,Christened (Male),127,91
1669,32,1669-32-verso,27,July,3,August,Christened (Female),106,92
1669,32,1669-32-verso,27,July,3,August,Christened (In All),233,93
1669,33,1669-33-verso,3,August,10,August,Christened (Male),121,94
1669,33,1669-33-verso,3,August,10,August,Christened (Female),117,95
1669,33,1669-33-verso,3,August,10,August,Christened (In All),238,96
1669,34,1669-34-verso,10,August,17,August,Christened (Male),127,97
1669,34,1669-34-verso,10,August,17,August,Christened (Female),110,98
1669,34,1669-34-verso,10,August,17,August,Christened (In All),237,99
1669,35,1669-35-verso,17,August,24,August,Christened (Male),133,100
1669,35,1669-35-verso,17,August,24,August,Christened (Female),112,101
1669,35,1669-35-verso,17,August,24,August,Christened (In All),245,102
1669,36,1669-36-verso,24,August,31,August,Christened (Male),132,103
1669,36,1669-36-verso,24,August,31,August,Christened (Female),138,104
1669,36,1669-36-verso,24,August,31,August,Christened (In All),270,105
1669,37,1669-37-verso-form-fill,31,August,7,September,Christened (Male),124,106
1669,37,1669-37-verso-form-fill,31,August,7,September,Christened (Female),105,107
1669,37,1669-37-verso-form-fill,31,August,7,September,Christened (In All),229,108
1669,38,1669-38-verso,7,September,14,September,Christened (Male),154,109
1669,38,1669-38-verso,7,September,14,September,Christened (Female),106,110
1669,38,1669-38-verso,7,September,14,September,Christened (In All),160,111
1669,39,1669-39-verso,14,September,21,September,Christened (Male),121,112
1669,39,1669-39-verso,14,September,21,September,Christened (Female),127,113
1669,39,1669-39-verso,14,September,21,September,Christened (In All),148,114
1669,40,1669-40-verso,21,September,28,September,Christened (Male),118,115
1669,40,1669-40-verso,21,September,28,September,Christened (Female),89,116
1669,40,1669-40-verso,21,September,28,September,Christened (In All),207,117
1669,41,1669-41-verso,28,September,5,October,Christened (Male),130,118
1669,41,1669-41-verso,28,September,5,October,Christened (Female),134,119
1669,41,1669-41-verso,28,September,5,October,Christened (In All),264,120
1669,42,1669-42-verso,5,October,12,October,Christened (Male),138,121
1669,42,1669-42-verso,5,October,12,October,Christened (Female),111,122
1669,42,1669-42-verso,5,October,12,October,Christened (In All),249,123
1669,43,1669-43-verso,12,October,19,October,Christened (Male),132,124
1669,43,1669-43-verso,12,October,19,October,Christened (Female),106,125
1669,43,1669-43-verso,12,October,19,October,Christened (In All),238,126
1669,46,1669-46-verso,2,November,9,November,Christened (Male),136,127
1669,46,1669-46-verso,2,November,9,November,Christened (Female),101,128
1669,46,1669-46-verso,2,November,9,November,Christened (In All),237,129
1669,47,1669-47-verso,9,November,16,November,Christened (Male),123,130
1669,47,1669-47-verso,9,November,16,November,Christened (Female),120,131
1669,47,1669-47-verso,9,November,16,November,Christened (In All),243,132
1669,48,1669-48-verso,16,November,23,November,Christened (Male),117,133
1669,48,1669-48-verso,16,November,23,November,Christened (Female),122,134
1669,48,1669-48-verso,16,November,23,November,Christened (In All),239,135
1669,50,1669-50-verso,30,November,7,December,Christened (Male),132,136
1669,50,1669-50-verso,30,November,7,December,Christened (Female),107,137
1669,50,1669-50-verso,30,November,7,December,Christened (In All),239,138
1669,51,1669-51-verso,7,December,14,December,Christened (Male),123,139
1669,51,1669-51-verso,7,December,14,December,Christened (Female),122,140
1669,51,1669-51-verso,7,December,14,December,Christened (In All),245,141
1669,52,1669-52-verso,14,December,21,December,Christened (Male),113,142
1669,52,1669-52-verso,14,December,21,December,Christened (Female),99,143
1669,52,1669-52-verso,14,December,21,December,Christened (In All),212,144
1669,2,1669-02-verso,28,December,4,January,Christened (Male),107,145
1669,2,1669-02-verso,28,December,4,January,Christened (Female),104,146
1669,2,1669-02-verso,28,December,4,January,Christened (In All),211,147
1669,3,1669-03-verso,4,January,11,January,Christened (Male),139,148
1669,3,1669-03-verso,4,January,11,January,Christened (Female),128,149
1669,3,1669-03-verso,4,January,11,January,Christened (In All),267,150
1669,4,1669-04-verso,11,January,18,January,Christened (Male),113,151
1669,4,1669-04-verso,11,January,18,January,Christened (Female),114,152
1669,4,1669-04-verso,11,January,18,January,Christened (In All),227,153
1669,5,1669-05-verso,18,January,25,January,Christened (Male),126,154
1669,5,1669-05-verso,18,January,25,January,Christened (Female),108,155
1669,5,1669-05-verso,18,January,25,January,Christened (In All),234,156
1669,6,1669-06-verso,25,January,1,February,Christened (Male),135,157
1669,6,1669-06-verso,25,January,1,February,Christened (Female),123,158
1669,6,1669-06-verso,25,January,1,February,Christened (In All),258,159
1669,7,1669-07-verso,1,February,8,February,Christened (Male),131,160
1669,7,1669-07-verso,1,February,8,February,Christened (Female),118,161
1669,7,1669-07-verso,1,February,8,February,Christened (In All),249,162
1669,8,1669-08-verso,8,February,15,February,Christened (Male),122,163
1669,8,1669-08-verso,8,February,15,February,Christened (Female),131,164
1669,8,1669-08-verso,8,February,15,February,Christened (In All),253,165
1669,9,1669-09-verso,15,February,22,February,Christened (Male),138,166
1669,9,1669-09-verso,15,February,22,February,Christened (Female),119,167
1669,9,1669-09-verso,15,February,22,February,Christened (In All),257,168
1669,11,1669-11-verso-form-fill,1,March,8,March,Christened (Male),161,169
1669,11,1669-11-verso-form-fill,1,March,8,March,Christened (Female),139,170
1669,11,1669-11-verso-form-fill,1,March,8,March,Christened (In All),300,171
1669,12,1669-12-verso-form-fill,8,March,15,March,Christened (Male),,172
1669,12,1669-12-verso-form-fill,8,March,15,March,Christened (Female),,173
1669,12,1669-12-verso-form-fill,8,March,15,March,Christened (In All),,174
1669,13,1669-13-verso-form-fill,15,March,22,March,Christened (Male),126,175
1669,13,1669-13-verso-form-fill,15,March,22,March,Christened (Female),114,176
1669,13,1669-13-verso-form-fill,15,March,22,March,Christened (In All),140,177
1670,14,1670-14-verso,22,March,29,March,Christened (Male),134,178
1670,14,1670-14-verso,22,March,29,March,Christened (Female),117,179
1670,14,1670-14-verso,22,March,29,March,Christened (In All),251,180
1670,15,1670-15-verso,29,March,5,April,Christened (Male),106,181
1670,15,1670-15-verso,29,March,5,April,Christened (Female),105,182
1670,15,1670-15-verso,29,March,5,April,Christened (In All),211,183
1670,16,1670-16-verso,5,April,12,April,Christened (Male),125,184
1670,16,1670-16-verso,5,April,12,April,Christened (Female),116,185
1670,16,1670-16-verso,5,April,12,April,Christened (In All),241,186
1670,18,1670-18-verso,19,April,26,April,Christened (Male),138,187
1670,18,1670-18-verso,19,April,26,April,Christened (Female),113,188
1670,18,1670-18-verso,19,April,26,April,Christened (In All),251,189
1670,19,1669-19-verso,26,April,3,May,Christened (Male),109,190
1670,19,1669-19-verso,26,April,3,May,Christened (Female),89,191
1670,19,1669-19-verso,26,April,3,May,Christened (In All),198,192
1670,20,1670-20-verso,3,May,10,May,Christened (Male),135,193
1670,20,1670-20-verso,3,May,10,May,Christened (Female),109,194
1670,20,1670-20-verso,3,May,10,May,Christened (In All),244,195
1670,21,1670-21-verso,10,May,17,May,Christened (Male),106,196
1670,21,1670-21-verso,10,May,17,May,Christened (Female),109,197
1670,21,1670-21-verso,10,May,17,May,Christened (In All),215,198
1670,22,1670-22-verso,17,May,24,May,Christened (Male),94,199
1670,22,1670-22-verso,17,May,24,May,Christened (Female),94,200
1670,22,1670-22-verso,17,May,24,May,Christened (In All),188,201
1670,23,1670-23-verso,24,May,31,May,Christened (Male),112,202
1670,23,1670-23-verso,24,May,31,May,Christened (Female),108,203
1670,23,1670-23-verso,24,May,31,May,Christened (In All),220,204
1670,24,1670-24-verso,31,May,7,June,Christened (Male),115,205
1670,24,1670-24-verso,31,May,7,June,Christened (Female),107,206
1670,24,1670-24-verso,31,May,7,June,Christened (In All),222,207
1670,28,1670-28-verso,28,June,5,July,Christened (Male),91,208
1670,28,1670-28-verso,28,June,5,July,Christened (Female),95,209
1670,28,1670-28-verso,28,June,5,July,Christened (In All),186,210
1679,30,1670-30-verso,12,July,19,July,Christened (Male),107,211
1679,30,1670-30-verso,12,July,19,July,Christened (Female),113,212
1679,30,1670-30-verso,12,July,19,July,Christened (In All),220,213
1670,31,1670-31-verso,19,July,26,July,Christened (Male),112,214
1670,31,1670-31-verso,19,July,26,July,Christened (Female),100,215
1670,31,1670-31-verso,19,July,26,July,Christened (In All),312,216
1670,32,1670-32-verso,26,July,2,August,Christened (Male),135,217
1670,32,1670-32-verso,26,July,2,August,Christened (Female),120,218
1670,32,1670-32-verso,26,July,2,August,Christened (In All),255,219
1670,33,1670-33-verso,2,August,9,August,Christened (Male),118,220
1670,33,1670-33-verso,2,August,9,August,Christened (Female),99,221
1670,33,1670-33-verso,2,August,9,August,Christened (In All),287,222
1701,14,Laxton-1701-14-verso,18,March,25,March,Christened (Male),165,223
1701,14,Laxton-1701-14-verso,18,March,25,March,Christened (Female),145,224
1701,14,Laxton-1701-14-verso,18,March,25,March,Christened (In All),310,225
1701,15,Laxton-1701-15-verso,25,March,1,April,Christened (Male),164,226
1701,15,Laxton-1701-15-verso,25,March,1,April,Christened (Female),151,227
1701,15,Laxton-1701-15-verso,25,March,1,April,Christened (In All),315,228
1701,16,Laxton-1701-16-verso,1,April,8,April,Christened (Male),149,229
1701,16,Laxton-1701-16-verso,1,April,8,April,Christened (Female),157,230
1701,16,Laxton-1701-16-verso,1,April,8,April,Christened (In All),306,231
1701,17,Laxton-1701-17-verso,8,April,15,April,Christened (Male),143,232
1701,17,Laxton-1701-17-verso,8,April,15,April,Christened (Female),114,233
1701,17,Laxton-1701-17-verso,8,April,15,April,Christened (In All),257,234
1701,18,Laxton-1701-18-verso,15,April,22,April,Christened (Male),149,235
1701,18,Laxton-1701-18-verso,15,April,22,April,Christened (Female),152,236
1701,18,Laxton-1701-18-verso,15,April,22,April,Christened (In All),301,237
1701,19,Laxton-1701-19-verso,22,April,29,April,Christened (Male),161,238
1701,19,Laxton-1701-19-verso,22,April,29,April,Christened (Female),139,239
1701,19,Laxton-1701-19-verso,22,April,29,April,Christened (In All),300,240
1701,20,Laxton-1701-20-verso,29,April,6,May,Christened (Male),141,241
1701,20,Laxton-1701-20-verso,29,April,6,May,Christened (Female),117,242
1701,20,Laxton-1701-20-verso,29,April,6,May,Christened (In All),258,243
1701,21,Laxton-1701-21-verso,6,May,13,May,Christened (Male),167,244
1701,21,Laxton-1701-21-verso,6,May,13,May,Christened (Female),139,245
1701,21,Laxton-1701-21-verso,6,May,13,May,Christened (In All),306,246
1701,22,Laxton-1701-22-verso,13,May,20,May,Christened (Male),143,247
1701,22,Laxton-1701-22-verso,13,May,20,May,Christened (Female),128,248
1701,22,Laxton-1701-22-verso,13,May,20,May,Christened (In All),271,249
1701,23,Laxton-1701-23-verso,20,May,27,May,Christened (Male),157,250
1701,23,Laxton-1701-23-verso,20,May,27,May,Christened (Female),152,251
1701,23,Laxton-1701-23-verso,20,May,27,May,Christened (In All),309,252
1701,24,Laxton-1701-24-verso,27,May,3,June,Christened (Male),141,253
1701,24,Laxton-1701-24-verso,27,May,3,June,Christened (Female),152,254
1701,24,Laxton-1701-24-verso,27,May,3,June,Christened (In All),293,255
1701,25,Laxton-1701-25-verso,3,June,10,June,Christened (Male),136,256
1701,25,Laxton-1701-25-verso,3,June,10,June,Christened (Female),132,257
1701,25,Laxton-1701-25-verso,3,June,10,June,Christened (In All),268,258
1701,26,Laxton-1701-26-verso,10,June,17,June,Christened (Male),162,259
1701,26,Laxton-1701-26-verso,10,June,17,June,Christened (Female),130,260
1701,26,Laxton-1701-26-verso,10,June,17,June,Christened (In All),292,261
1701,27,Laxton-1701-27-verso,17,June,24,June,Christened (Male),150,262
1701,27,Laxton-1701-27-verso,17,June,24,June,Christened (Female),120,263
1701,27,Laxton-1701-27-verso,17,June,24,June,Christened (In All),270,264
1701,28,Laxton-1701-28-verso,24,June,1,July,Christened (Male),158,265
1701,28,Laxton-1701-28-verso,24,June,1,July,Christened (Female),136,266
1701,28,Laxton-1701-28-verso,24,June,1,July,Christened (In All),294,267
1701,29,Laxton-1701-29-verso,1,July,7,July,Christened (Male),167,268
1701,29,Laxton-1701-29-verso,1,July,7,July,Christened (Female),119,269
1701,29,Laxton-1701-29-verso,1,July,7,July,Christened (In All),286,270
1701,30,Laxton-1701-30-verso,8,July,15,July,Christened (Male),124,271
1701,30,Laxton-1701-30-verso,8,July,15,July,Christened (Female),118,272
1701,30,Laxton-1701-30-verso,8,July,15,July,Christened (In All),242,273
1701,31,Laxton-1701-31-verso,15,July,22,July,Christened (Male),140,274
1701,31,Laxton-1701-31-verso,15,July,22,July,Christened (Female),134,275
1701,31,Laxton-1701-31-verso,15,July,22,July,Christened (In All),274,276
1701,32,Laxton-1701-32-verso,22,July,29,July,Christened (Male),160,277
1701,32,Laxton-1701-32-verso,22,July,29,July,Christened (Female),148,278
1701,32,Laxton-1701-32-verso,22,July,29,July,Christened (In All),308,279
1701,33,Laxton-1701-33-verso,29,July,5,August,Christened (Male),160,280
1701,33,Laxton-1701-33-verso,29,July,5,August,Christened (Female),149,281
1701,33,Laxton-1701-33-verso,29,July,5,August,Christened (In All),309,282
1701,34,Laxton-1701-34-verso,5,August,12,August,Christened (Male),158,283
1701,34,Laxton-1701-34-verso,5,August,12,August,Christened (Female),154,284
1701,34,Laxton-1701-34-verso,5,August,12,August,Christened (In All),312,285
1701,35,Laxton-1701-35-verso,12,August,19,August,Christened (Male),151,286
1701,35,Laxton-1701-35-verso,12,August,19,August,Christened (Female),177,287
1701,35,Laxton-1701-35-verso,12,August,19,August,Christened (In All),328,288
1701,36,Laxton-1701-36-verso,19,August,26,August,Christened (Male),126,289
1701,36,Laxton-1701-36-verso,19,August,26,August,Christened (Female),116,290
1701,36,Laxton-1701-36-verso,19,August,26,August,Christened (In All),242,291
1701,37,Laxton-1701-37-verso,26,August,2,September,Christened (Male),138,292
1701,37,Laxton-1701-37-verso,26,August,2,September,Christened (Female),142,293
1701,37,Laxton-1701-37-verso,26,August,2,September,Christened (In All),280,294
1701,38,Laxton-1701-38-verso,2,September,9,September,Christened (Male),149,295
1701,38,Laxton-1701-38-verso,2,September,9,September,Christened (Female),144,296
1701,38,Laxton-1701-38-verso,2,September,9,September,Christened (In All),293,297
1701,39,Laxton-1701-39-verso,9,September,16,September,Christened (Male),159,298
1701,39,Laxton-1701-39-verso,9,September,16,September,Christened (Female),139,299
1701,39,Laxton-1701-39-verso,9,September,16,September,Christened (In All),298,300
1701,40,Laxton-1701-40-verso,16,September,23,September,Christened (Male),155,301
1701,40,Laxton-1701-40-verso,16,September,23,September,Christened (Female),163,302
1701,40,Laxton-1701-40-verso,16,September,23,September,Christened (In All),318,303
1701,42,Laxton-1701-42-verso,30,September,7,October,Christened (Male),162,304
1701,42,Laxton-1701-42-verso,30,September,7,October,Christened (Female),133,305
1701,42,Laxton-1701-42-verso,30,September,7,October,Christened (In All),295,306
1702,15,Laxton-1702-15-verso,24,March,31,March,Christened (Male),145,307
1702,15,Laxton-1702-15-verso,24,March,31,March,Christened (Female),151,308
1702,15,Laxton-1702-15-verso,24,March,31,March,Christened (In All),296,309
1702,16,Laxton-1702-16-verso,31,March,7,April,Christened (Male),152,310
1702,16,Laxton-1702-16-verso,31,March,7,April,Christened (Female),130,311
1702,16,Laxton-1702-16-verso,31,March,7,April,Christened (In All),282,312
1702,17,Laxton-1702-17-verso,7,April,14,April,Christened (Male),160,313
1702,17,Laxton-1702-17-verso,7,April,14,April,Christened (Female),148,314
1702,17,Laxton-1702-17-verso,7,April,14,April,Christened (In All),308,315
1702,18,Laxton-1702-18-verso,14,April,21,April,Christened (Male),144,316
1702,18,Laxton-1702-18-verso,14,April,21,April,Christened (Female),171,317
1702,18,Laxton-1702-18-verso,14,April,21,April,Christened (In All),315,318
1702,19,Laxton-1702-19-verso,21,April,28,April,Christened (Male),96,319
1702,19,Laxton-1702-19-verso,21,April,28,April,Christened (Female),186,320
1702,19,Laxton-1702-19-verso,21,April,28,April,Christened (In All),282,321
1702,20,Laxton-1702-20-verso,28,April,5,May,Christened (Male),158,322
1702,20,Laxton-1702-20-verso,28,April,5,May,Christened (Female),152,323
1702,20,Laxton-1702-20-verso,28,April,5,May,Christened (In All),310,324
1702,21,Laxton-1702-21-verso,5,May,12,May,Christened (Male),161,325
1702,21,Laxton-1702-21-verso,5,May,12,May,Christened (Female),143,326
1702,21,Laxton-1702-21-verso,5,May,12,May,Christened (In All),304,327
1702,22,Laxton-1702-22-verso,12,May,19,May,Christened (Male),148,328
1702,22,Laxton-1702-22-verso,12,May,19,May,Christened (Female),142,329
1702,22,Laxton-1702-22-verso,12,May,19,May,Christened (In All),290,330
1702,23,Laxton-1702-23-verso,19,May,26,May,Christened (Male),155,331
1702,23,Laxton-1702-23-verso,19,May,26,May,Christened (Female),132,332
1702,23,Laxton-1702-23-verso,19,May,26,May,Christened (In All),287,333
1702,24,Laxton-1702-24-verso,26,May,2,June,Christened (Male),160,334
1702,24,Laxton-1702-24-verso,26,May,2,June,Christened (Female),165,335
1702,24,Laxton-1702-24-verso,26,May,2,June,Christened (In All),325,336
1702,25,Laxton-1702-25-verso,2,June,9,June,Christened (Male),129,337
1702,25,Laxton-1702-25-verso,2,June,9,June,Christened (Female),111,338
1702,25,Laxton-1702-25-verso,2,June,9,June,Christened (In All),240,339
1702,26,Laxton-1702-26-verso,9,June,16,June,Christened (Male),119,340
1702,26,Laxton-1702-26-verso,9,June,16,June,Christened (Female),137,341
1702,26,Laxton-1702-26-verso,9,June,16,June,Christened (In All),256,342
1702,27,Laxton-1702-27-verso,16,June,23,June,Christened (Male),159,343
1702,27,Laxton-1702-27-verso,16,June,23,June,Christened (Female),140,344
1702,27,Laxton-1702-27-verso,16,June,23,June,Christened (In All),299,345
1702,28,Laxton-1702-28-verso,23,June,30,June,Christened (Male),190,346
1702,28,Laxton-1702-28-verso,23,June,30,June,Christened (Female),112,347
1702,28,Laxton-1702-28-verso,23,June,30,June,Christened (In All),302,348
1702,29,Laxton-1702-29-verso,30,June,7,July,Christened (Male),149,349
1702,29,Laxton-1702-29-verso,30,June,7,July,Christened (Female),116,350
1702,29,Laxton-1702-29-verso,30,June,7,July,Christened (In All),265,351
1702,30,Laxton-1702-30-verso,7,July,14,July,Christened (Male),155,352
1702,30,Laxton-1702-30-verso,7,July,14,July,Christened (Female),148,353
1702,30,Laxton-1702-30-verso,7,July,14,July,Christened (In All),303,354
1702,31,Laxton-1702-31-verso,14,July,21,July,Christened (Male),144,355
1702,31,Laxton-1702-31-verso,14,July,21,July,Christened (Female),142,356
1702,31,Laxton-1702-31-verso,14,July,21,July,Christened (In All),286,357
1702,32,Laxton-1702-32-verso,21,July,28,July,Christened (Male),162,358
1702,32,Laxton-1702-32-verso,21,July,28,July,Christened (Female),152,359
1702,32,Laxton-1702-32-verso,21,July,28,July,Christened (In All),314,360
1702,33,Laxton-1702-33-verso,28,July,4,August,Christened (Male),169,361
1702,33,Laxton-1702-33-verso,28,July,4,August,Christened (Female),145,362
1702,33,Laxton-1702-33-verso,28,July,4,August,Christened (In All),314,363
1702,34,Laxton-1702-34-verso,4,August,11,August,Christened (Male),159,364
1702,34,Laxton-1702-34-verso,4,August,11,August,Christened (Female),157,365
1702,34,Laxton-1702-34-verso,4,August,11,August,Christened (In All),316,366
1702,35,Laxton-1702-35-verso,11,August,18,August,Christened (Male),152,367
1702,35,Laxton-1702-35-verso,11,August,18,August,Christened (Female),141,368
1702,35,Laxton-1702-35-verso,11,August,18,August,Christened (In All),293,369
1702,36,Laxton-1702-36-verso,18,August,25,August,Christened (Male),153,370
1702,36,Laxton-1702-36-verso,18,August,25,August,Christened (Female),157,371
1702,36,Laxton-1702-36-verso,18,August,25,August,Christened (In All),310,372
1702,37,Laxton-1702-37-verso,25,August,1,September,Christened (Male),128,373
1702,37,Laxton-1702-37-verso,25,August,1,September,Christened (Female),168,374
1702,37,Laxton-1702-37-verso,25,August,1,September,Christened (In All),296,375
1702,38,Laxton-1702-38-verso,1,September,8,September,Christened (Male),160,376
1702,38,Laxton-1702-38-verso,1,September,8,September,Christened (Female),141,377
1702,38,Laxton-1702-38-verso,1,September,8,September,Christened (In All),301,378
1702,39,Laxton-1702-39-verso,8,September,15,September,Christened (Male),163,379
1702,39,Laxton-1702-39-verso,8,September,15,September,Christened (Female),138,380
1702,39,Laxton-1702-39-verso,8,September,15,September,Christened (In All),301,381
1702,40,Laxton-1702-40-verso,15,September,22,September,Christened (Male),163,382
1702,40,Laxton-1702-40-verso,15,September,22,September,Christened (Female),132,383
1702,40,Laxton-1702-40-verso,15,September,22,September,Christened (In All),295,384
1702,41,Laxton-1702-41-verso,22,September,29,September,Christened (Male),165,385
1702,41,Laxton-1702-41-verso,22,September,29,September,Christened (Female),169,386
1702,41,Laxton-1702-41-verso,22,September,29,September,Christened (In All),334,387
1702,42,Laxton-1702-42-verso,29,September,6,October,Christened (Male),173,388
1702,42,Laxton-1702-42-verso,29,September,6,October,Christened (Female),154,389
1702,42,Laxton-1702-42-verso,29,September,6,October,Christened (In All),327,390
1702,43,Laxton-1702-43-verso,6,October,13,October,Christened (Male),172,391
1702,43,Laxton-1702-43-verso,6,October,13,October,Christened (Female),142,392
1702,43,Laxton-1702-43-verso,6,October,13,October,Christened (In All),314,393
1702,44,Laxton-1702-44-verso,13,October,20,October,Christened (Male),170,394
1702,44,Laxton-1702-44-verso,13,October,20,October,Christened (Female),143,395
1702,44,Laxton-1702-44-verso,13,October,20,October,Christened (In All),313,396
1701,45,Laxton-1701-45-verso,20,October,27,October,Christened (Male),149,397
1701,45,Laxton-1701-45-verso,20,October,27,October,Christened (Female),153,398
1701,45,Laxton-1701-45-verso,20,October,27,October,Christened (In All),302,399
1701,46,Laxton-1701-46-verso,27,October,3,November,Christened (Male),138,400
1701,46,Laxton-1701-46-verso,27,October,3,November,Christened (Female),122,401
1701,46,Laxton-1701-46-verso,27,October,3,November,Christened (In All),260,402
1702,47,Laxton-1702-47-verso,3,November,10,November,Christened (Male),177,403
1702,47,Laxton-1702-47-verso,3,November,10,November,Christened (Female),158,404
1702,47,Laxton-1702-47-verso,3,November,10,November,Christened (In All),335,405
1702,48,Laxton-1702-48-verso,10,November,17,November,Christened (Male),124,406
1702,48,Laxton-1702-48-verso,10,November,17,November,Christened (Female),157,407
1702,48,Laxton-1702-48-verso,10,November,17,November,Christened (In All),281,408
1702,49,Laxton-1702-49-verso,17,November,24,November,Christened (Male),147,409
1702,49,Laxton-1702-49-verso,17,November,24,November,Christened (Female),130,410
1702,49,Laxton-1702-49-verso,17,November,24,November,Christened (In All),277,411
1702,50,Laxton-1702-50-verso,24,November,1,December,Christened (Male),140,412
1702,50,Laxton-1702-50-verso,24,November,1,December,Christened (Female),167,413
1702,50,Laxton-1702-50-verso,24,November,1,December,Christened (In All),307,414
1702,51,Laxton-1702-51-verso,1,December,8,December,Christened (Male),157,415
1702,51,Laxton-1702-51-verso,1,December,8,December,Christened (Female),170,416
1702,51,Laxton-1702-51-verso,1,December,8,December,Christened (In All),327,417
1702,52,Laxton-1702-52-verso,8,December,15,December,Christened (Male),167,418
1702,52,Laxton-1702-52-verso,8,December,15,December,Christened (Female),148,419
1702,52,Laxton-1702-52-verso,8,December,15,December,Christened (In All),315,420
1702,1,Laxton-1702-01-verso,15,December,22,December,Christened (Male),163,421
1702,1,Laxton-1702-01-verso,15,December,22,December,Christened (Female),140,422
1702,1,Laxton-1702-01-verso,15,December,22,December,Christened (In All),303,423
1702,2,Laxton-1702-02-verso,22,December,29,December,Christened (Male),131,424
1702,2,Laxton-1702-02-verso,22,December,29,December,Christened (Female),146,425
1702,2,Laxton-1702-02-verso,22,December,29,December,Christened (In All),277,426
1702,3,Laxton-1702-03-verso,29,December,5,January,Christened (Male),155,427
1702,3,Laxton-1702-03-verso,29,December,5,January,Christened (Female),168,428
1702,3,Laxton-1702-03-verso,29,December,5,January,Christened (In All),323,429
1702,4,Laxton-1702-04-verso,5,January,12,January,Christened (Male),153,430
1702,4,Laxton-1702-04-verso,5,January,12,January,Christened (Female),162,431
1702,4,Laxton-1702-04-verso,5,January,12,January,Christened (In All),315,432
1702,06,Laxton-1702-06-verso,19,January,26,January,Christened (Male),164,433
1702,06,Laxton-1702-06-verso,19,January,26,January,Christened (Female),149,434
1702,06,Laxton-1702-06-verso,19,January,26,January,Christened (In All),313,435
1702,07,Laxton-1702-07-verso,26,January,2,February,Christened (Male),163,436
1702,07,Laxton-1702-07-verso,26,January,2,February,Christened (Female),149,437
1702,07,Laxton-1702-07-verso,26,January,2,February,Christened (In All),312,438
1702,8,Laxton-1702-08-verso,2,February,9,February,Christened (Male),176,439
1702,8,Laxton-1702-08-verso,2,February,9,February,Christened (Female),141,440
1702,8,Laxton-1702-08-verso,2,February,9,February,Christened (In All),317,441
1702,9,Laxton-1702-09-verso,9,February,16,February,Christened (Male),178,442
1702,9,Laxton-1702-09-verso,9,February,16,February,Christened (Female),174,443
1702,9,Laxton-1702-09-verso,9,February,16,February,Christened (In All),352,444
1702,10,Laxton-1702-10-verso,16,February,23,February,Christened (Male),165,445
1702,10,Laxton-1702-10-verso,16,February,23,February,Christened (Female),156,446
1702,10,Laxton-1702-10-verso,16,February,23,February,Christened (In All),321,447
1702,11,Laxton-1702-11-verso,23,February,2,March,Christened (Male),164,448
1702,11,Laxton-1702-11-verso,23,February,2,March,Christened (Female),146,449
1702,11,Laxton-1702-11-verso,23,February,2,March,Christened (In All),310,450
1702,12,Laxton-1702-12-verso,2,March,9,March,Christened (Male),161,451
1702,12,Laxton-1702-12-verso,2,March,9,March,Christened (Female),166,452
1702,12,Laxton-1702-12-verso,2,March,9,March,Christened (In All),327,453
1702,13,Laxton-1702-13-verso,9,March,16,March,Christened (Male),153,454
1702,13,Laxton-1702-13-verso,9,March,16,March,Christened (Female),148,455
1702,13,Laxton-1702-13-verso,9,March,16,March,Christened (In All),301,456
1702,14,Laxton-1702-14-verso,16,March,23,March,Christened (Male),158,457
1702,14,Laxton-1702-14-verso,16,March,23,March,Christened (Female),160,458
1702,14,Laxton-1702-14-verso,16,March,23,March,Christened (In All),318,459
1703,15,Laxton-1703-15-verso,23,March,30,March,Christened (Male),138,460
1703,15,Laxton-1703-15-verso,23,March,30,March,Christened (Female),134,461
1703,15,Laxton-1703-15-verso,23,March,30,March,Christened (In All),272,462
1703,16,Laxton-1703-16-verso,30,March,6,April,Christened (Male),157,463
1703,16,Laxton-1703-16-verso,30,March,6,April,Christened (Female),154,464
1703,16,Laxton-1703-16-verso,30,March,6,April,Christened (In All),311,465
1703,17,Laxton-1703-17-verso,6,April,13,April,Christened (Male),128,466
1703,17,Laxton-1703-17-verso,6,April,13,April,Christened (Female),124,467
1703,17,Laxton-1703-17-verso,6,April,13,April,Christened (In All),252,468
1703,18,Laxton-1703-18-verso,13,April,20,April,Christened (Male),133,469
1703,18,Laxton-1703-18-verso,13,April,20,April,Christened (Female),126,470
1703,18,Laxton-1703-18-verso,13,April,20,April,Christened (In All),259,471
1703,19,Laxton-1703-19-verso,20,April,27,April,Christened (Male),139,472
1703,19,Laxton-1703-19-verso,20,April,27,April,Christened (Female),145,473
1703,19,Laxton-1703-19-verso,20,April,27,April,Christened (In All),284,474
1703,20,Laxton-1703-20-verso,27,April,4,May,Christened (Male),133,475
1703,20,Laxton-1703-20-verso,27,April,4,May,Christened (Female),126,476
1703,20,Laxton-1703-20-verso,27,April,4,May,Christened (In All),259,477
1703,21,Laxton-1703-21-verso,4,May,11,May,Christened (Male),134,478
1703,21,Laxton-1703-21-verso,4,May,11,May,Christened (Female),141,479
1703,21,Laxton-1703-21-verso,4,May,11,May,Christened (In All),275,480
1703,22,Laxton-1703-22-verso,11,May,18,May,Christened (Male),119,481
1703,22,Laxton-1703-22-verso,11,May,18,May,Christened (Female),127,482
1703,22,Laxton-1703-22-verso,11,May,18,May,Christened (In All),246,483
1703,23,Laxton-1703-23-verso,18,May,25,May,Christened (Male),136,484
1703,23,Laxton-1703-23-verso,18,May,25,May,Christened (Female),139,485
1703,23,Laxton-1703-23-verso,18,May,25,May,Christened (In All),275,486
1703,24,Laxton-1703-24-verso,25,May,1,June,Christened (Male),121,487
1703,24,Laxton-1703-24-verso,25,May,1,June,Christened (Female),128,488
1703,24,Laxton-1703-24-verso,25,May,1,June,Christened (In All),249,489
1703,25,Laxton-1703-25-verso,1,June,8,June,Christened (Male),130,490
1703,25,Laxton-1703-25-verso,1,June,8,June,Christened (Female),135,491
1703,25,Laxton-1703-25-verso,1,June,8,June,Christened (In All),265,492
1703,26,Laxton-1703-26-verso,8,June,15,June,Christened (Male),129,493
1703,26,Laxton-1703-26-verso,8,June,15,June,Christened (Female),136,494
1703,26,Laxton-1703-26-verso,8,June,15,June,Christened (In All),265,495
1703,27,Laxton-1703-27-verso,15,June,22,June,Christened (Male),125,496
1703,27,Laxton-1703-27-verso,15,June,22,June,Christened (Female),119,497
1703,27,Laxton-1703-27-verso,15,June,22,June,Christened (In All),244,498
1703,28,Laxton-1703-28-verso,22,June,29,June,Christened (Male),130,499
1703,28,Laxton-1703-28-verso,22,June,29,June,Christened (Female),125,500
1703,28,Laxton-1703-28-verso,22,June,29,June,Christened (In All),255,501
1703,29,Laxton-1703-29-verso,29,June,6,July,Christened (Male),141,502
1703,29,Laxton-1703-29-verso,29,June,6,July,Christened (Female),146,503
1703,29,Laxton-1703-29-verso,29,June,6,July,Christened (In All),287,504
1703,30,Laxton-1703-30-verso,6,July,13,July,Christened (Male),143,505
1703,30,Laxton-1703-30-verso,6,July,13,July,Christened (Female),152,506
1703,30,Laxton-1703-30-verso,6,July,13,July,Christened (In All),295,507
1703,31,Laxton-1703-31-verso,13,July,20,July,Christened (Male),143,508
1703,31,Laxton-1703-31-verso,13,July,20,July,Christened (Female),137,509
1703,31,Laxton-1703-31-verso,13,July,20,July,Christened (In All),280,510
1703,32,Laxton-1703-32-verso,20,July,27,July,Christened (Male),129,511
1703,32,Laxton-1703-32-verso,20,July,27,July,Christened (Female),120,512
1703,32,Laxton-1703-32-verso,20,July,27,July,Christened (In All),249,513
1703,33,Laxton-1703-33-verso,27,July,3,August,Christened (Male),132,514
1703,33,Laxton-1703-33-verso,27,July,3,August,Christened (Female),141,515
1703,33,Laxton-1703-33-verso,27,July,3,August,Christened (In All),273,516
1703,34,Laxton-1703-34-verso,3,August,10,August,Christened (Male),152,517
1703,34,Laxton-1703-34-verso,3,August,10,August,Christened (Female),147,518
1703,34,Laxton-1703-34-verso,3,August,10,August,Christened (In All),299,519
1703,35,Laxton-1703-35-verso,10,August,17,August,Christened (Male),128,520
1703,35,Laxton-1703-35-verso,10,August,17,August,Christened (Female),134,521
1703,35,Laxton-1703-35-verso,10,August,17,August,Christened (In All),262,522
1703,36,Laxton-1703-36,17,August,24,August,Christened (Male),157,523
1703,36,Laxton-1703-36,17,August,24,August,Christened (Female),162,524
1703,36,Laxton-1703-36,17,August,24,August,Christened (In All),319,525
1703,37,Laxton-1703-37-verso,24,August,31,August,Christened (Male),145,526
1703,37,Laxton-1703-37-verso,24,August,31,August,Christened (Female),138,527
1703,37,Laxton-1703-37-verso,24,August,31,August,Christened (In All),283,528
1703,38,"Laxton-1703-38-verso""",31,August,7,September,Christened (Male),152,529
1703,38,"Laxton-1703-38-verso""",31,August,7,September,Christened (Female),156,530
1703,38,"Laxton-1703-38-verso""",31,August,7,September,Christened (In All),308,531
1703,39,Laxton-1703-39-verso,7,September,14,September,Christened (Male),171,532
1703,39,Laxton-1703-39-verso,7,September,14,September,Christened (Female),183,533
1703,39,Laxton-1703-39-verso,7,September,14,September,Christened (In All),354,534
1703,40,Laxton-1703-40-recto,14,September,21,September,Christened (Male),123,535
1703,40,Laxton-1703-40-recto,14,September,21,September,Christened (Female),126,536
1703,40,Laxton-1703-40-recto,14,September,21,September,Christened (In All),249,537
1703,41,Laxton-1703-41-verso,21,September,28,September,Christened (Male),154,538
1703,41,Laxton-1703-41-verso,21,September,28,September,Christened (Female),143,539
1703,41,Laxton-1703-41-verso,21,September,28,September,Christened (In All),297,540
1703,42,Laxton-1703-42-verso,28,September,5,October,Christened (Male),172,541
1703,42,Laxton-1703-42-verso,28,September,5,October,Christened (Female),179,542
1703,42,Laxton-1703-42-verso,28,September,5,October,Christened (In All),351,543
1703,43,Laxton-1703-43-verso,5,October,12,October,Christened (Male),177,544
1703,43,Laxton-1703-43-verso,5,October,12,October,Christened (Female),159,545
1703,43,Laxton-1703-43-verso,5,October,12,October,Christened (In All),336,546
1703,44,Laxton-1703-44-verso,12,October,19,October,Christened (Male),143,547
1703,44,Laxton-1703-44-verso,12,October,19,October,Christened (Female),160,548
1703,44,Laxton-1703-44-verso,12,October,19,October,Christened (In All),303,549
1703,45,Laxton-1703-45-verso,19,October,26,October,Christened (Male),169,550
1703,45,Laxton-1703-45-verso,19,October,26,October,Christened (Female),152,551
1703,45,Laxton-1703-45-verso,19,October,26,October,Christened (In All),321,552
1703,46,Laxton-1703-46-verso,26,October,2,November,Christened (Male),170,553
1703,46,Laxton-1703-46-verso,26,October,2,November,Christened (Female),183,554
1703,46,Laxton-1703-46-verso,26,October,2,November,Christened (In All),353,555
1703,47,Laxton-1703-47-verso,2,November,9,November,Christened (Male),172,556
1703,47,Laxton-1703-47-verso,2,November,9,November,Christened (Female),166,557
1703,47,Laxton-1703-47-verso,2,November,9,November,Christened (In All),338,558
1703,48,Laxton-1703-48-verso,9,November,16,November,Christened (Male),157,559
1703,48,Laxton-1703-48-verso,9,November,16,November,Christened (Female),148,560
1703,48,Laxton-1703-48-verso,9,November,16,November,Christened (In All),305,561
1703,49,Laxton-1703-49-verso,16,November,23,November,Christened (Male),152,562
1703,49,Laxton-1703-49-verso,16,November,23,November,Christened (Female),160,563
1703,49,Laxton-1703-49-verso,16,November,23,November,Christened (In All),312,564
1710,33,Laxton-1710-33-verso,,,1,August,Christened (Male),150,565
1710,33,Laxton-1710-33-verso,,,1,August,Christened (Female),128,566
1710,33,Laxton-1710-33-verso,,,1,August,Christened (In All),278,567
1752,38,Laxton-1752-38-verso,,,1,September,Christened (Male),159,568
1752,38,Laxton-1752-38-verso,,,1,September,Christened (Female),121,569
1752,38,Laxton-1752-38-verso,,,1,September,Christened (In All),280,570
1722,44,Laxton-1722-44-verso,,,16,October,Christened (Male),199,571
1722,44,Laxton-1722-44-verso,,,16,October,Christened (Female),162,572
1722,44,Laxton-1722-44-verso,,,16,October,Christened (In All),351,573
1732,37,Laxton-1732-37-verso,,,29,August,Christened (Male),190,574
1732,37,Laxton-1732-37-verso,,,29,August,Christened (Female),155,575
1732,37,Laxton-1732-37-verso,,,29,August,Christened (In All),345,576
1740,53,Laxton-1740-53-verso,,,16,December,Christened (Male),159,577
1740,53,Laxton-1740-53-verso,,,16,December,Christened (Female),122,578
1740,53,Laxton-1740-53-verso,,,16,December,Christened (In All),281,579
1700,1,Laxton-1700-01-verso,17,December,24,December,Christened (Male),136,580
1700,1,Laxton-1700-01-verso,17,December,24,December,Christened (Female),106,581
1700,1,Laxton-1700-01-verso,17,December,24,December,Christened (In All),242,582
1700,2,Laxton-1700-02-verso,24,December,31,December,Christened (Male),175,583
1700,2,Laxton-1700-02-verso,24,December,31,December,Christened (Female),139,584
1700,2,Laxton-1700-02-verso,24,December,31,December,Christened (In All),314,585
1700,3,Laxton-1700-03-verso,31,December,7,January,Christened (Male),169,586
1700,3,Laxton-1700-03-verso,31,December,7,January,Christened (Female),158,587
1700,3,Laxton-1700-03-verso,31,December,7,January,Christened (In All),327,588
1700,4,Laxton-1700-4-verso,7,January,14,January,Christened (Male),152,589
1700,4,Laxton-1700-4-verso,7,January,14,January,Christened (Female),120,590
1700,4,Laxton-1700-4-verso,7,January,14,January,Christened (In All),272,591
1700,5,Laxton-1700-05-verso,14,January,21,January,Christened (Male),163,592
1700,5,Laxton-1700-05-verso,14,January,21,January,Christened (Female),153,593
1700,5,Laxton-1700-05-verso,14,January,21,January,Christened (In All),316,594
1700,6,Laxton-1700-06-verso,21,January,28,January,Christened (Male),166,595
1700,6,Laxton-1700-06-verso,21,January,28,January,Christened (Female),160,596
1700,6,Laxton-1700-06-verso,21,January,28,January,Christened (In All),326,597
1700,7,Laxton-1700-07-verso,28,January,4,February,Christened (Male),193,598
1700,7,Laxton-1700-07-verso,28,January,4,February,Christened (Female),151,599
1700,7,Laxton-1700-07-verso,28,January,4,February,Christened (In All),344,600
1700,8,Laxton-1700-08-verso,4,February,11,February,Christened (Male),160,601
1700,8,Laxton-1700-08-verso,4,February,11,February,Christened (Female),161,602
1700,8,Laxton-1700-08-verso,4,February,11,February,Christened (In All),321,603
1700,9,Laxton-1700-09-verso,11,February,18,February,Christened (Male),166,604
1700,9,Laxton-1700-09-verso,11,February,18,February,Christened (Female),162,605
1700,9,Laxton-1700-09-verso,11,February,18,February,Christened (In All),328,606
1700,10,Laxton-1700-10-verso,18,February,25,February,Christened (Male),163,607
1700,10,Laxton-1700-10-verso,18,February,25,February,Christened (Female),177,608
1700,10,Laxton-1700-10-verso,18,February,25,February,Christened (In All),340,609
1700,11,Laxton-1700-11-verso,25,February,4,March,Christened (Male),154,610
1700,11,Laxton-1700-11-verso,25,February,4,March,Christened (Female),161,611
1700,11,Laxton-1700-11-verso,25,February,4,March,Christened (In All),315,612
1700,12,Laxton-1700-12-verso,4,March,11,March,Christened (Male),157,613
1700,12,Laxton-1700-12-verso,4,March,11,March,Christened (Female),138,614
1700,12,Laxton-1700-12-verso,4,March,11,March,Christened (In All),295,615
1700,13,Laxton-1700-13-verso,11,March,18,March,Christened (Male),157,616
1700,13,Laxton-1700-13-verso,11,March,18,March,Christened (Female),148,617
1700,13,Laxton-1700-13-verso,11,March,18,March,Christened (In All),305,618
1701,1,Laxton-1701-01-verso,16,December,23,December,Christened (Male),140,619
1701,1,Laxton-1701-01-verso,16,December,23,December,Christened (Female),120,620
1701,1,Laxton-1701-01-verso,16,December,23,December,Christened (In All),260,621
1701,2,Laxton-1701-02-verso,23,December,30,December,Christened (Male),137,622
1701,2,Laxton-1701-02-verso,23,December,30,December,Christened (Female),115,623
1701,2,Laxton-1701-02-verso,23,December,30,December,Christened (In All),252,624
1701,3,Laxton-1701-03-verso,30,December,6,January,Christened (Male),173,625
1701,3,Laxton-1701-03-verso,30,December,6,January,Christened (Female),149,626
1701,3,Laxton-1701-03-verso,30,December,6,January,Christened (In All),322,627
1701,4,Laxton-1701-04-verso,6,January,13,January,Christened (Male),136,628
1701,4,Laxton-1701-04-verso,6,January,13,January,Christened (Female),155,629
1701,4,Laxton-1701-04-verso,6,January,13,January,Christened (In All),291,630
1701,5,Laxton-1701-05-verso,13,January,20,January,Christened (Male),146,631
1701,5,Laxton-1701-05-verso,13,January,20,January,Christened (Female),147,632
1701,5,Laxton-1701-05-verso,13,January,20,January,Christened (In All),293,633
1701,6,Laxton-1701-06-verso,20,January,27,January,Christened (Male),145,634
1701,6,Laxton-1701-06-verso,20,January,27,January,Christened (Female),136,635
1701,6,Laxton-1701-06-verso,20,January,27,January,Christened (In All),281,636
1701,7,Laxton-1701-07-verso,27,January,3,February,Christened (Male),156,637
1701,7,Laxton-1701-07-verso,27,January,3,February,Christened (Female),133,638
1701,7,Laxton-1701-07-verso,27,January,3,February,Christened (In All),289,639
