"Omeka Item #","DataScribe Item #","DataScribe Record #","DataScribe Record Position",Year,is_missing,is_illegible,Week,is_missing,is_illegible,"Unique ID",is_missing,is_illegible,"Start Day",is_missing,is_illegible,"Start Month",is_missing,is_illegible,"End Day",is_missing,is_illegible,"End month",is_missing,is_illegible,"St Alban Woodstreet - Buried",is_missing,is_illegible,"St Alban Woodstreet - Plague",is_missing,is_illegible,"Alhallows Barking - Buried",is_missing,is_illegible,"Alhallows Barking - Plague",is_missing,is_illegible,"Alhallows Breadstreet - Buried",is_missing,is_illegible,"Alhallows Breadstreet - Plague",is_missing,is_illegible,"Alhallows Great - Buried",is_missing,is_illegible,"Alhallows Great - Plague",is_missing,is_illegible,"Alhallows Honylane - Buried",is_missing,is_illegible,"Alhallows Honylane - Plague",is_missing,is_illegible,"Alhallows Lesse - Buried",is_missing,is_illegible,"Alhallows Lesse - Plague",is_missing,is_illegible,"Alhallows Lumbardstreet - Buried",is_missing,is_illegible,"Alhallows Lumbardstreet - Plague",is_missing,is_illegible,"Alhallows Stayning - Buried",is_missing,is_illegible,"Alhallows Stayning - Plague",is_missing,is_illegible,"Alhallows the Wall - Buried",is_missing,is_illegible,"Alhallows the Wall - Plague",is_missing,is_illegible,"St Alphage - Buried",is_missing,is_illegible,"St Alphage - Plague",is_missing,is_illegible,"St Andrew Hubbard - Buried",is_missing,is_illegible,"St Andrew Hubbard - Plague",is_missing,is_illegible,"St Andrew Undershaft - Buried",is_missing,is_illegible,"St Andrew Undershaft - Plague",is_missing,is_illegible,"St Andrew Wardrobe - Buried",is_missing,is_illegible,"St Andrew Wardrobe - Plague",is_missing,is_illegible,"St Ann Aldersgate - Buried",is_missing,is_illegible,"St Ann Aldersgate - Plague",is_missing,is_illegible,"St Ann Blackfryers - Buried",is_missing,is_illegible,"St Ann Blackfryers - Plague",is_missing,is_illegible,"St Antholins Parish - Buried",is_missing,is_illegible,"St Antholins Parish - Plague",is_missing,is_illegible,"St Austins Parish - Buried",is_missing,is_illegible,"St Austins Parish - Plague",is_missing,is_illegible,"St Bartholomew Exchange - Buried",is_missing,is_illegible,"St Bartholomew Exchange - Plague",is_missing,is_illegible,"St Bennet Fynck - Buried",is_missing,is_illegible,"St Bennet Fynck - Plague",is_missing,is_illegible,"St Bennet Gracechurch - Buried",is_missing,is_illegible,"St Bennet Gracechurch - Plague",is_missing,is_illegible,"St Bennet Paulswharf - Buried",is_missing,is_illegible,"St Bennet Paulswharf - Plague",is_missing,is_illegible,"St Bennet Sherehog - Buried",is_missing,is_illegible,"St Bennet Sherehog - Plague",is_missing,is_illegible,"St Botolph Billingsgate - Buried",is_missing,is_illegible,"St Botolph Billingsgate - Plague",is_missing,is_illegible,"Christ Church - Buried",is_missing,is_illegible,"Christ Church - Plague",is_missing,is_illegible,"St Christophers - Buried",is_missing,is_illegible,"St Christophers - Plague",is_missing,is_illegible,"St Clement Eastcheap - Buried",is_missing,is_illegible,"St Clement Eastcheap - Plague",is_missing,is_illegible,"St Dionis Backchurch - Buried",is_missing,is_illegible,"St Dionis Backchurch - Plague",is_missing,is_illegible,"St Dunstan East - Buried",is_missing,is_illegible,"St Dunstan East - Plague",is_missing,is_illegible,"St Edmund Lumbardstr. - Buried",is_missing,is_illegible,"St Edmund Lumbardstr. - Plague",is_missing,is_illegible,"St Ethelborough - Buried",is_missing,is_illegible,"St Ethelborough - Plague",is_missing,is_illegible,"St Faith - Buried",is_missing,is_illegible,"St Faith - Plague",is_missing,is_illegible,"St Foster - Buried",is_missing,is_illegible,"St Foster - Plague",is_missing,is_illegible,"St Gabriel Fenchurch - Buried",is_missing,is_illegible,"St Gabriel Fenchurch - Plague",is_missing,is_illegible,"St George Botolphlane - Buried",is_missing,is_illegible,"St George Botolphlane - Plague",is_missing,is_illegible,"St Gregory by St Pauls - Buried",is_missing,is_illegible,"St Gregory by St Pauls - Plague",is_missing,is_illegible,"St Hellen - Buried",is_missing,is_illegible,"St Hellen - Plague",is_missing,is_illegible,"St James Dukes place - Buried",is_missing,is_illegible,"St James Dukes place - Plague",is_missing,is_illegible,"St James Garlickhithe - Buried",is_missing,is_illegible,"St James Garlickhithe - Plague",is_missing,is_illegible,"St John Baptist - Buried",is_missing,is_illegible,"St John Baptist - Plague",is_missing,is_illegible,"St John Evangelist - Buried",is_missing,is_illegible,"St John Evangelist - Plague",is_missing,is_illegible,"St John Zachary - Buried",is_missing,is_illegible,"St John Zachary - Plague",is_missing,is_illegible,"St Katharine Coleman - Buried",is_missing,is_illegible,"St Katharine Coleman - Plague",is_missing,is_illegible,"St Katharine Creechurch - Buried",is_missing,is_illegible,"St Katharine Creechurch - Plague",is_missing,is_illegible,"St Lawrence Jewry - Buried",is_missing,is_illegible,"St Lawrence Jewry - Plague",is_missing,is_illegible,"St Lawrence Pountney - Buried",is_missing,is_illegible,"St Lawrence Pountney - Plague",is_missing,is_illegible,"St Leonard Eastcheap - Buried",is_missing,is_illegible,"St Leonard Eastcheap - Plague",is_missing,is_illegible,"St Leonard Fosterlane - Buried",is_missing,is_illegible,"St Leonard Fosterlane - Plague",is_missing,is_illegible,"St Magnus Parish - Buried",is_missing,is_illegible,"St Magnus Parish - Plague",is_missing,is_illegible,"St Margaret Lothbury - Buried",is_missing,is_illegible,"St Margaret Lothbury - Plague",is_missing,is_illegible,"St Margaret Moses - Buried",is_missing,is_illegible,"St Margaret Moses - Plague",is_missing,is_illegible,"St Margaret Newfishstreet - Buried",is_missing,is_illegible,"St Margaret Newfishstreet - Plague",is_missing,is_illegible,"St Margaret Pattons - Buried",is_missing,is_illegible,"St Margaret Pattons - Plague",is_missing,is_illegible,"St Mary Abchurch - Buried",is_missing,is_illegible,"St Mary Abchurch - Plague",is_missing,is_illegible,"St Mary Aldermanbury - Buried",is_missing,is_illegible,"St Mary Aldermanbury - Plague",is_missing,is_illegible,"St Mary Aldermary - Buried",is_missing,is_illegible,"St Mary Aldermary - Plague",is_missing,is_illegible,"St Mary le Bow - Buried",is_missing,is_illegible,"St Mary le Bow - Plague",is_missing,is_illegible,"St Mary Bothaw - Buried",is_missing,is_illegible,"St Mary Bothaw - Plague",is_missing,is_illegible,"St Mary Colechurch - Buried",is_missing,is_illegible,"St Mary Colechurch - Plague",is_missing,is_illegible,"St Mary Hill - Buried",is_missing,is_illegible,"St Mary Hill - Plague",is_missing,is_illegible,"St Mary Mounthaw - Buried",is_missing,is_illegible,"St Mary Mounthaw - Plague",is_missing,is_illegible,"St Mary Sommerset - Buried",is_missing,is_illegible,"St Mary Sommerset - Plague",is_missing,is_illegible,"St Mary Stayning - Buried",is_missing,is_illegible,"St Mary Stayning - Plague",is_missing,is_illegible,"St Mary Woolchurch - Buried",is_missing,is_illegible,"St Mary Woolchurch - Plague",is_missing,is_illegible,"St Mary Woolnoth - Buried",is_missing,is_illegible,"St Mary Woolnoth - Plague",is_missing,is_illegible,"St Martin Iremongerlane - Buried",is_missing,is_illegible,"St Martin Iremongerlane - Plague",is_missing,is_illegible,"St Martin Ludgate - Buried",is_missing,is_illegible,"St Martin Ludgate - Plague",is_missing,is_illegible,"St Martin Orgars - Buried",is_missing,is_illegible,"St Martin Orgars - Plague",is_missing,is_illegible,"St Martin Outwich - Buried",is_missing,is_illegible,"St Martin Outwich - Plague",is_missing,is_illegible,"St Martin Vintrey - Buried",is_missing,is_illegible,"St Martin Vintrey - Plague",is_missing,is_illegible,"St Matthew Fridaystreet - Buried",is_missing,is_illegible,"St Matthew Fridaystreet - Plague",is_missing,is_illegible,"St Maudlin Milkstreet - Buried",is_missing,is_illegible,"St Maudlin Milkstreet - Plague",is_missing,is_illegible,"St Maudlin Oldfishstreet - Buried",is_missing,is_illegible,"St Maudlin Oldfishstreet - Plague",is_missing,is_illegible,"St Michael Bassishaw - Buried",is_missing,is_illegible,"St Michael Bassishaw - Plague",is_missing,is_illegible,"St Michael Cornhil - Buried",is_missing,is_illegible,"St Michael Cornhil - Plague",is_missing,is_illegible,"St Michael Crookedlane - Buried",is_missing,is_illegible,"St Michael Crookedlane - Plague",is_missing,is_illegible,"St Michael Queenhithe - Buried",is_missing,is_illegible,"St Michael Queenhithe - Plague",is_missing,is_illegible,"St Michael Quern - Buried",is_missing,is_illegible,"St Michael Quern - Plague",is_missing,is_illegible,"St Michael Royal - Buried",is_missing,is_illegible,"St Michael Royal - Plague",is_missing,is_illegible,"St Michael Woodstreet - Buried",is_missing,is_illegible,"St Michael Woodstreet - Plague",is_missing,is_illegible,"St Mildred Breadstreet - Buried",is_missing,is_illegible,"St Mildred Breadstreet - Plague",is_missing,is_illegible,"St Mildred Poultrey - Buried",is_missing,is_illegible,"St Mildred Poultrey - Plague",is_missing,is_illegible,"St Nicholas Acons - Buried",is_missing,is_illegible,"St Nicholas Acons - Plague",is_missing,is_illegible,"St Nicholas Coleabby - Buried",is_missing,is_illegible,"St Nicholas Coleabby - Plague",is_missing,is_illegible,"St Nicholas Olaves - Buried",is_missing,is_illegible,"St Nicholas Olaves - Plague",is_missing,is_illegible,"St Olave Hartstreet - Buried",is_missing,is_illegible,"St Olave Hartstreet - Plague",is_missing,is_illegible,"St Olave Jewry - Buried",is_missing,is_illegible,"St Olave Jewry - Plague",is_missing,is_illegible,"St Olave Silverstreet - Buried",is_missing,is_illegible,"St Olave Silverstreet - Plague",is_missing,is_illegible,"St Pancras Soperlane - Buried",is_missing,is_illegible,"St Pancras Soperlane - Plague",is_missing,is_illegible,"St Peter Cheap - Buried",is_missing,is_illegible,"St Peter Cheap - Plague",is_missing,is_illegible,"St Peter Cornhil - Buried",is_missing,is_illegible,"St Peter Cornhil - Plague",is_missing,is_illegible,"St Peter Paulswharf - Buried",is_missing,is_illegible,"St Peter Paulswharf - Plague",is_missing,is_illegible,"St Peter Poor - Buried",is_missing,is_illegible,"St Peter Poor - Plague",is_missing,is_illegible,"St Steven Colemanstreet - Buried",is_missing,is_illegible,"St Steven Colemanstreet - Plague",is_missing,is_illegible,"St Steven Walbrook - Buried",is_missing,is_illegible,"St Steven Walbrook - Plague",is_missing,is_illegible,"St Swithin - Buried",is_missing,is_illegible,"St Swithin - Plague",is_missing,is_illegible,"St Thomas Apostles - Buried",is_missing,is_illegible,"St Thomas Apostles - Plague",is_missing,is_illegible,"Trinity Parish - Buried",is_missing,is_illegible,"Trinity Parish - Plague",is_missing,is_illegible,"Buried in the 97 Parishes within the Walls",is_missing,is_illegible,"Plague in the 97 Parishes within the Walls",is_missing,is_illegible,"St Andrew Holborn - Buried",is_missing,is_illegible,"St Andrew Holborn - Plague",is_missing,is_illegible,"St Bartholomew Great - Buried",is_missing,is_illegible,"St Bartholomew Great - Plague",is_missing,is_illegible,"St Bartholomew Less - Buried",is_missing,is_illegible,"St Bartholomew Less - Plague",is_missing,is_illegible,"St Bridget - Buried",is_missing,is_illegible,"St Bridget - Plague",is_missing,is_illegible,"Bridewel Precinct - Buried",is_missing,is_illegible,"Bridewel Precinct - Plague",is_missing,is_illegible,"St Botolph Aldersgate - Buried",is_missing,is_illegible,"St Botolph Aldersgate - Plague",is_missing,is_illegible,"St Botolph Aldgate - Buried",is_missing,is_illegible,"St Botolph Aldgate - Plague",is_missing,is_illegible,"St Botolph Bishopsgate - Buried",is_missing,is_illegible,"St Botolph Bishopsgate - Plague",is_missing,is_illegible,"St Dunstan West - Buried",is_missing,is_illegible,"St Dunstan West - Plague",is_missing,is_illegible,"St George Southwark - Buried",is_missing,is_illegible,"St George Southwark - Plague",is_missing,is_illegible,"St Giles Cripplegate - Buried",is_missing,is_illegible,"St Giles Cripplegate - Plague",is_missing,is_illegible,"St Olave Southwark - Buried",is_missing,is_illegible,"St Olave Southwark - Plague",is_missing,is_illegible,"Saviours Southwark - Buried",is_missing,is_illegible,"Saviours Southwark - Plague",is_missing,is_illegible,"S Sepulchres Parish - Buried",is_missing,is_illegible,"S Sepulchres Parish - Plague",is_missing,is_illegible,"St Thomas Southwark - Buried",is_missing,is_illegible,"St Thomas Southwark - Plague",is_missing,is_illegible,"Trinity Minories - Buried",is_missing,is_illegible,"Trinity Minories - Plague",is_missing,is_illegible,"Pesthouse Without the Walls - Buried",is_missing,is_illegible,"Pesthouse Without the Walls - Plague",is_missing,is_illegible,"Buried in the parishes without the Walls",is_missing,is_illegible,"Plague in the parishes without the Walls",is_missing,is_illegible,"St Clement Danes - Buried",is_missing,is_illegible,"St Clement Danes - Plague",is_missing,is_illegible,"St Paul Covent Garden - Buried",is_missing,is_illegible,"St Paul Covent Garden - Plague",is_missing,is_illegible,"St Giles in the Field - Buried",is_missing,is_illegible,"St Giles in the Field - Plague",is_missing,is_illegible,"St James Clerkenwel - Buried",is_missing,is_illegible,"St James Clerkenwel - Plague",is_missing,is_illegible,"St Katharine Tower - Buried",is_missing,is_illegible,"St Katharine Tower - Plague",is_missing,is_illegible,"St Leonard Shoreditch - Buried",is_missing,is_illegible,"St Leonard Shoreditch - Plague",is_missing,is_illegible,"St Martin in the fields - Buried",is_missing,is_illegible,"St Martin in the fields - Plague",is_missing,is_illegible,"St Mary Whitechappel - Buried",is_missing,is_illegible,"St Mary Whitechappel - Plague",is_missing,is_illegible,"St Magdalen Bermondsey - Buried",is_missing,is_illegible,"St Magdalen Bermondsey - Plague",is_missing,is_illegible,"St Mary Savoy - Buried",is_missing,is_illegible,"St Mary Savoy - Plague",is_missing,is_illegible,"Buried in the out-Parishes in Middlesex and Surrey",is_missing,is_illegible,"Plague in the out-Parishes in Middlesex and Surrey",is_missing,is_illegible,"Total of all Burials",is_missing,is_illegible,"Total of all Plague",is_missing,is_illegible,"Total Christenings",is_missing,is_illegible,"Parishes Clear of the Plague",is_missing,is_illegible,"Parishes Infected",is_missing,is_illegible
21806,22591,2177,1,1649,,,2,,,Bodleian-1649-02-recto,,,18,,,December,,,25,,,December,,,,,,,,,3,,,,,,,,,,,,2,,,,,,,,,,,,,,,,,,,,,,,,,,,,,,1,,,,,,1,,,,,,,,,,,,,,,,,,,,,,,,,,,,,,,,,,,,,,,,,,,,,,,,,,,,,,,,,,,,,,,,,,3,,,,,,,,,,,,,,,,,,2,,,,,,1,,,,,,,,,,,,,,,,,,1,,,,,,,,,,,,1,,,,,,,,,,,,1,,,,,,1,,,,,,,,,,,,,,,,,,,,,,,,,,,,,,2,,,,,,,,,,,,,,,,,,,,,,,,,,,,,,,,,,,,,,,,,,,,,,,,,,,,,,,,,,,,,,,,,,1,,,,,,,,,,,,,,,,,,1,,,,,,,,,,,,,,,,,,,,,,,,,,,,,,,,,,,,,,,,,,,,,,,,,,,,,,,,,,,,,,,,,,,,,,,,1,,,,,,,,,,,,1,,,,,,,,,,,,,,,,,,,,,,,,1,,,,,,,,,,,,1,,,,,,1,,,,,,,,,,,,,,,,,,,,,,,,1,,,,,,1,,,,,,,,,,,,,,,,,,,,,,,,,,,,,,,,,,,,,,,,,,,,,,,,,,,,,,,,,,,,,,,,,,,,,,,,,,,,,,1,,,,,,,,,,,,,,,,,,3,,,,,,,,,,,,1,,,,,,,,,,,,33,,,0,,,6,,,,,,,,,,,,,,,,,,8,,,,,,,,,,,,2,,,,,,11,,,,,,2,,,,,,3,,,,,,,,,,,,15,,,,,,8,,,,,,6,,,,,,16,,,,,,,,,,,,,,,,,,,,,,,,77,,,0,,,4,,,,,,2,,,,,,4,,,,,,5,,,,,,,,,,,,2,,,,,,4,,,,,,3,,,,,,1,,,,,,2,,,,,,27,,,0,,,137,,,0,,,80,,,123,,,0,,
22369,22711,2584,1,1654,,,26,,,Bodleian-1654-26-recto,,,6,,,June,,,13,,,June,,,,,,,,,5,,,,,,1,,,,,,,,,,,,1,,,,,,,,,,,,,,,,,,,,,,,,,,,,,,,,,,,,,,,,,,1,,,,,,,,,,,,1,,,,,,,,,,,,,,,,,,,,,,,,,,,,,,,,,,,,,,,,,,1,,,,,,,,,,,,2,,,,,,2,,,,,,,,,,,,,,,,,,2,,,,,,1,,,,,,,,,,,,,,,,,,,,,,,,,,,,,,,,,,,,1,,,,,,3,,,,,,,,,,,,1,,,,,,,,,,,,1,,,,,,,,,,,,2,,,,,,1,,,,,,,,,,,,2,,,,,,2,,,,,,1,,,,,,2,,,,,,,,,,,,,,,,,,,,,,,,,,,,,,1,,,,,,1,,,,,,1,,,,,,1,,,,,,,,,,,,,,,,,,1,,,,,,2,,,,,,,,,,,,1,,,,,,,,,,,,1,,,,,,,,,,,,,,,,,,2,,,,,,,,,,,,,,,,,,1,,,,,,,,,,,,,,,,,,1,,,,,,,,,,,,3,,,,,,,,,,,,1,,,,,,,,,,,,2,,,,,,,,,,,,1,,,,,,,,,,,,,,,,,,,,,,,,,,,,,,1,,,,,,1,,,,,,,,,,,,1,,,,,,,,,,,,1,,,,,,,,,,,,,,,,,,1,,,,,,1,,,,,,,,,,,,1,,,,,,2,,,,,,62,,,0,,,11,,,,,,1,,,,,,1,,,,,,6,,,,,,,,,,,,3,,,,,,7,,,,,,6,,,,,,8,,,,,,4,,,,,,15,,,,,,12,,,,,,8,,,,,,15,,,,,,1,,,,,,,,,,,,,,,,,,98,,,0,,,4,,,,,,1,,,,,,11,,,,,,5,,,,,,2,,,,,,5,,,,,,15,,,,,,14,,,,,,8,,,,,,1,,,,,,66,,,0,,,226,,,0,,,111,,,123,,,0,,
22370,22712,2585,1,1654,,,27,,,Bodleian-1654-27-recto,,,13,,,June,,,20,,,June,,,,,,,,,1,,,,,,,,,,,,,,,,,,,,,,,,,,,,,,,,,,,,,,,,,,,,,,,,1,,,,,,,,,,,,2,,,,,,1,,,,,,1,,,,,,2,,,,,,,,,,,,,,,,,,1,,,,,,2,,,,,,,,,,,,,,,,,,,,,,,,1,,,,,,2,,,,,,2,,,,,,,,,,,,1,,,,,,1,,,,,,,,,,,,,,,,,,,,,,,,,,,,,,,,,,,,,,,,,,,,,,,,,,,,,,1,,,,,,1,,,,,,,,,,,,,,,,,,,,,,,,1,,,,,,1,,,,,,,,,,,,,,,,,,,,,,,,2,,,,,,,,,,,,,,,,,,,,,,,,,,,,,,1,,,,,,,,,,,,1,,,,,,1,,,,,,,,,,,,,,,,,,,,,,,,1,,,,,,,,,,,,2,,,,,,,,,,,,,,,,,,,,,,,,,,,,,,,,,,,,,,,,,,1,,,,,,,,,,,,1,,,,,,1,,,,,,2,,,,,,1,,,,,,,,,,,,1,,,,,,1,,,,,,,,,,,,,,,,,,1,,,,,,,,,,,,,,,,,,,,,,,,,,,,,,,,,,,,2,,,,,,,,,,,,,,,,,,,,,,,,,,,,,,1,,,,,,1,,,,,,,,,,,,,,,,,,1,,,,,,,,,,,,1,,,,,,,,,,,,45,,,0,,,11,,,,,,,,,,,,,,,,,,9,,,,,,,,,,,,,,,,,,7,,,,,,8,,,,,,5,,,,,,4,,,,,,11,,,,,,11,,,,,,8,,,,,,13,,,,,,2,,,,,,,,,,,,,,,,,,89,,,0,,,5,,,,,,4,,,,,,9,,,,,,6,,,,,,2,,,,,,4,,,,,,17,,,,,,16,,,,,,3,,,,,,1,,,,,,67,,,0,,,201,,,0,,,123,,,123,,,0,,
22371,22713,2625,1,1654,,,28,,,Bodleian-1654-28-recto,,,20,,,June,,,27,,,June,,,3,,,,,,,,,,,,,,,,,,3,,,,,,,,,,,,1,,,,,,,,,,,,,,,,,,,,,,,,,,,,,,1,,,,,,,,,,,,2,,,,,,,,,,,,2,,,,,,,,,,,,,,,,,,,,,,,,,,,,,,,,,,,,,,,,,,2,,,,,,1,,,,,,3,,,,,,1,,,,,,,,,,,,2,,,,,,1,,,,,,,,,,,,1,,,,,,,,,,,,,,,,,,,,,,,,,,,,,,,,,,,,,,,,,,1,,,,,,,,,,,,2,,,,,,,,,,,,,,,,,,,,,,,,1,,,,,,,,,,,,,,,,,,,,,,,,,,,,,,,,,,,,,,,,,,,,,,,,,,,,,,,,,,,,1,,,,,,2,,,,,,1,,,,,,,,,,,,,,,,,,,,,,,,,,,,,,,,,,,,1,,,,,,,,,,,,,,,,,,,,,,,,,,,,,,1,,,,,,,,,,,,,,,,,,,,,,,,,,,,,,,,,,,,1,,,,,,1,,,,,,,,,,,,,,,,,,2,,,,,,,,,,,,1,,,,,,,,,,,,,,,,,,,,,,,,,,,,,,,,,,,,,,,,,,1,,,,,,1,,,,,,,,,,,,,,,,,,1,,,,,,,,,,,,1,,,,,,,,,,,,,,,,,,1,,,,,,,,,,,,,,,,,,1,,,,,,45,,,0,,,7,,,,,,1,,,,,,,,,,,,2,,,,,,1,,,,,,,,,,,,9,,,,,,7,,,,,,3,,,,,,4,,,,,,14,,,,,,6,,,,,,12,,,,,,6,,,,,,,,,,,,,,,,,,,,,,,,72,,,0,,,8,,,,,,1,,,,,,9,,,,,,4,,,,,,2,,,,,,4,,,,,,12,,,,,,15,,,,,,9,,,,,,,,,,,,64,,,0,,,181,,,0,,,128,,,123,,,0,,
22372,22714,2630,1,1654,,,29,,,Bodleian-1654-29-recto,,,27,,,June,,,4,,,July,,,,,,,,,3,,,,,,,,,,,,2,,,,,,,,,,,,,,,,,,1,,,,,,,,,,,,,,,,,,1,,,,,,,,,,,,1,,,,,,,,,,,,3,,,,,,1,,,,,,,,,,,,,,,,,,,,,,,,,,,,,,,,,,,,,,,,,,,,,,,,,,,,,,3,,,,,,,,,,,,,,,,,,,,,,,,1,,,,,,,,,,,,,,,,,,,,,,,,,,,,,,,,,,,,,,,,,,1,,,,,,,,,,,,1,,,,,,2,,,,,,,,,,,,,,,,,,,,,,,,1,,,,,,,,,,,,,,,,,,1,,,,,,,,,,,,1,,,,,,,,,,,,,,,,,,,,,,,,,,,,,,1,,,,,,,,,,,,1,,,,,,1,,,,,,,,,,,,,,,,,,,,,,,,,,,,,,,,,,,,2,,,,,,,,,,,,,,,,,,,,,,,,,,,,,,,,,,,,,,,,,,,,,,,,1,,,,,,,,,,,,,,,,,,,,,,,,1,,,,,,,,,,,,,,,,,,1,,,,,,,,,,,,,,,,,,,,,,,,1,,,,,,,,,,,,,,,,,,,,,,,,,,,,,,1,,,,,,1,,,,,,,,,,,,,,,,,,1,,,,,,,,,,,,,,,,,,,,,,,,,,,,,,,,,,,,,,,,,,,,,,,,,,,,,,35,,,0,,,16,,,,,,2,,,,,,,,,,,,4,,,,,,,,,,,,,,,,,,11,,,,,,3,,,,,,,,,,,,3,,,,,,18,,,,,,10,,,,,,12,,,,,,10,,,,,,2,,,,,,,,,,,,,,,,,,91,,,0,,,6,,,,,,1,,,,,,15,,,,,,3,,,,,,2,,,,,,3,,,,,,9,,,,,,11,,,,,,7,,,,,,,,,,,,57,,,0,,,183,,,0,,,120,,,123,,,0,,
22373,22715,2631,1,1654,,,30,,,Bodleian-1654-30-recto,,,4,,,July,,,11,,,July,,,4,,,,,,2,,,,,,,,,,,,1,,,,,,,,,,,,1,,,,,,,,,,,,,,,,,,1,,,,,,,,,,,,,,,,,,,,,,,,1,,,,,,2,,,,,,1,,,,,,,,,,,,,,,,,,,,,,,,2,,,,,,1,,,,,,,,,,,,,,,,,,1,,,,,,1,,,,,,2,,,,,,,,,,,,,,,,,,2,,,,,,1,,,,,,1,,,,,,,,,,,,,,,,,,,,,,,,1,,,,,,1,,,,,,,,,,,,,,,,,,,,,,,,,,,,,,,,,,,,,,,,,,2,,,,,,,,,,,,,,,,,,,,,,,,1,,,,,,2,,,,,,,,,,,,,,,,,,,,,,,,,,,,,,,,,,,,,,,,,,,,,,,,1,,,,,,,,,,,,,,,,,,,,,,,,,,,,,,,,,,,,4,,,,,,,,,,,,,,,,,,,,,,,,,,,,,,1,,,,,,,,,,,,,,,,,,,,,,,,,,,,,,1,,,,,,,,,,,,3,,,,,,,,,,,,,,,,,,,,,,,,,,,,,,2,,,,,,,,,,,,,,,,,,,,,,,,,,,,,,,,,,,,,,,,,,,,,,,,,,,,,,,,,,,,1,,,,,,,,,,,,,,,,,,1,,,,,,,,,,,,1,,,,,,,,,,,,,,,,,,1,,,,,,,,,,,,47,,,0,,,10,,,,,,3,,,,,,1,,,,,,3,,,,,,,,,,,,3,,,,,,11,,,,,,4,,,,,,1,,,,,,5,,,,,,8,,,,,,9,,,,,,6,,,,,,7,,,,,,2,,,,,,,,,,,,,,,,,,73,,,0,,,5,,,,,,2,,,,,,11,,,,,,4,,,,,,1,,,,,,3,,,,,,14,,,,,,9,,,,,,4,,,,,,,,,,,,53,,,0,,,173,,,0,,,108,,,123,,,0,,
22374,22716,2632,1,1654,,,31,,,Bodleian-1654-31-recto,,,11,,,July,,,18,,,July,,,1,,,,,,,,,,,,,,,,,,,,,,,,,,,,,,1,,,,,,,,,,,,2,,,,,,,,,,,,1,,,,,,,,,,,,,,,,,,,,,,,,1,,,,,,1,,,,,,,,,,,,1,,,,,,,,,,,,2,,,,,,,,,,,,2,,,,,,,,,,,,,,,,,,1,,,,,,,,,,,,1,,,,,,,,,,,,2,,,,,,,,,,,,,,,,,,,,,,,,,,,,,,,,,,,,,,,,,,3,,,,,,1,,,,,,,,,,,,,,,,,,,,,,,,,,,,,,,,,,,,1,,,,,,1,,,,,,,,,,,,2,,,,,,1,,,,,,1,,,,,,,,,,,,,,,,,,,,,,,,,,,,,,,,,,,,1,,,,,,1,,,,,,,,,,,,,,,,,,1,,,,,,,,,,,,1,,,,,,,,,,,,3,,,,,,,,,,,,1,,,,,,1,,,,,,1,,,,,,,,,,,,,,,,,,,,,,,,1,,,,,,,,,,,,,,,,,,,,,,,,,,,,,,,,,,,,,,,,,,1,,,,,,,,,,,,,,,,,,,,,,,,,,,,,,,,,,,,,,,,,,1,,,,,,1,,,,,,2,,,,,,1,,,,,,,,,,,,,,,,,,,,,,,,,,,,,,,,,,,,,,,,,,2,,,,,,1,,,,,,,,,,,,,,,,,,2,,,,,,48,,,0,,,7,,,,,,2,,,,,,,,,,,,5,,,,,,,,,,,,2,,,,,,13,,,,,,5,,,,,,2,,,,,,5,,,,,,24,,,,,,12,,,,,,6,,,,,,9,,,,,,1,,,,,,,,,,,,,,,,,,93,,,0,,,2,,,,,,,,,,,,7,,,,,,4,,,,,,1,,,,,,7,,,,,,11,,,,,,17,,,,,,8,,,,,,1,,,,,,58,,,0,,,199,,,0,,,125,,,123,,,0,,
22375,22717,2662,1,1654,,,32,,,Bodleian-1654-32-recto,,,18,,,July,,,25,,,July,,,2,,,,,,2,,,,,,,,,,,,,,,,,,1,,,,,,1,,,,,,,,,,,,1,,,,,,2,,,,,,,,,,,,2,,,,,,1,,,,,,,,,,,,,,,,,,1,,,,,,1,,,,,,1,,,,,,,,,,,,1,,,,,,,,,,,,,,,,,,,,,,,,2,,,,,,2,,,,,,,,,,,,,,,,,,1,,,,,,1,,,,,,1,,,,,,,,,,,,,,,,,,1,,,,,,,,,,,,,,,,,,3,,,,,,,,,,,,1,,,,,,,,,,,,,,,,,,,,,,,,1,,,,,,,,,,,,1,,,,,,,,,,,,1,,,,,,,,,,,,,,,,,,1,,,,,,,,,,,,,,,,,,,,,,,,,,,,,,1,,,,,,,,,,,,1,,,,,,1,,,,,,,,,,,,,,,,,,,,,,,,1,,,,,,,,,,,,,,,,,,,,,,,,1,,,,,,,,,,,,,,,,,,,,,,,,,,,,,,1,,,,,,,,,,,,,,,,,,,,,,,,1,,,,,,,,,,,,,,,,,,2,,,,,,,,,,,,,,,,,,1,,,,,,,,,,,,,,,,,,,,,,,,,,,,,,1,,,,,,1,,,,,,,,,,,,2,,,,,,1,,,,,,1,,,,,,1,,,,,,,,,,,,,,,,,,3,,,,,,,,,,,,,,,,,,,,,,,,1,,,,,,53,,,0,,,12,,,,,,,,,,,,,,,,,,9,,,,,,,,,,,,,,,,,,12,,,,,,3,,,,,,2,,,,,,4,,,,,,12,,,,,,23,,,,,,8,,,,,,13,,,,,,2,,,,,,,,,,,,,,,,,,100,,,0,,,5,,,,,,2,,,,,,10,,,,,,6,,,,,,3,,,,,,6,,,,,,9,,,,,,12,,,,,,7,,,,,,,,,,,,60,,,0,,,213,,,0,,,140,,,123,,,0,,
22376,22718,2663,1,1654,,,33,,,Bodleian-1654-33-recto,,,25,,,July,,,1,,,August,,,,,,,,,5,,,,,,1,,,,,,,,,,,,,,,,,,,,,,,,,,,,,,1,,,,,,,,,,,,1,,,,,,,,,,,,4,,,,,,,,,,,,2,,,,,,,,,,,,,,,,,,,,,,,,,,,,,,,,,,,,,,,,,,1,,,,,,,,,,,,,,,,,,4,,,,,,1,,,,,,,,,,,,,,,,,,3,,,,,,,,,,,,1,,,,,,,,,,,,,,,,,,,,,,,,,,,,,,3,,,,,,,,,,,,,,,,,,,,,,,,,,,,,,,,,,,,1,,,,,,1,,,,,,1,,,,,,2,,,,,,1,,,,,,,,,,,,,,,,,,,,,,,,,,,,,,,,,,,,1,,,,,,,,,,,,,,,,,,,,,,,,,,,,,,1,,,,,,,,,,,,,,,,,,,,,,,,,,,,,,2,,,,,,,,,,,,,,,,,,,,,,,,,,,,,,2,,,,,,1,,,,,,,,,,,,2,,,,,,,,,,,,,,,,,,1,,,,,,2,,,,,,,,,,,,1,,,,,,,,,,,,2,,,,,,2,,,,,,,,,,,,,,,,,,1,,,,,,,,,,,,,,,,,,,,,,,,1,,,,,,1,,,,,,1,,,,,,,,,,,,,,,,,,,,,,,,1,,,,,,,,,,,,4,,,,,,1,,,,,,,,,,,,,,,,,,,,,,,,60,,,0,,,12,,,,,,4,,,,,,2,,,,,,9,,,,,,1,,,,,,1,,,,,,16,,,,,,8,,,,,,2,,,,,,4,,,,,,23,,,,,,22,,,,,,12,,,,,,14,,,,,,,,,,,,,,,,,,,,,,,,130,,,0,,,3,,,,,,6,,,,,,19,,,,,,3,,,,,,4,,,,,,4,,,,,,14,,,,,,15,,,,,,10,,,1,,,4,,,,,,82,,,1,,,272,,,1,,,133,,,122,,,1,,
22377,22719,2664,1,1654,,,34,,,Bodleian-1654-34-recto,,,1,,,August,,,8,,,August,,,,,,,,,5,,,,,,,,,,,,2,,,,,,,,,,,,2,,,,,,1,,,,,,1,,,,,,,,,,,,1,,,,,,,,,,,,,,,,,,,,,,,,2,,,,,,1,,,,,,1,,,,,,,,,,,,,,,,,,,,,,,,,,,,,,,,,,,,,,,,,,,,,,,,1,,,,,,,,,,,,,,,,,,1,,,,,,1,,,,,,,,,,,,3,,,,,,1,,,,,,,,,,,,,,,,,,,,,,,,1,,,,,,,,,,,,,,,,,,3,,,,,,,,,,,,,,,,,,,,,,,,1,,,,,,1,,,,,,1,,,,,,1,,,,,,1,,,,,,,,,,,,2,,,,,,3,,,,,,1,,,,,,2,,,,,,,,,,,,2,,,,,,1,,,,,,1,,,,,,,,,,,,1,,,,,,,,,,,,4,,,,,,,,,,,,,,,,,,,,,,,,,,,,,,,,,,,,,,,,,,,,,,,,,,,,,,,,,,,,,,,,,,,,,,,,,,,,,,,,,,,,,,,,,,1,,,,,,,,,,,,,,,,,,1,,,,,,1,,,,,,1,,,,,,,,,,,,,,,,,,,,,,,,,,,,,,1,,,,,,,,,,,,,,,,,,1,,,,,,,,,,,,1,,,,,,2,,,,,,,,,,,,,,,,,,2,,,,,,1,,,,,,,,,,,,,,,,,,,,,,,,61,,,0,,,14,,,,,,3,,,,,,1,,,,,,5,,,,,,3,,,,,,3,,,,,,14,,,,,,7,,,,,,6,,,,,,,,,,,,17,,,,,,19,,,,,,8,,,,,,14,,,,,,2,,,,,,,,,,,,,,,,,,116,,,0,,,13,,,,,,,,,,,,11,,,,,,4,,,,,,2,,,,,,10,,,,,,17,,,,,,14,,,,,,10,,,,,,1,,,,,,82,,,0,,,259,,,0,,,122,,,123,,,0,,
22459,22740,2670,1,1654,,,4,,,Bodleian-1654-04-recto,,,2,,,January,,,9,,,January,,,2,,,,,,2,,,,,,,,,,,,2,,,,,,,,,,,,,,,,,,,,,,,,2,,,,,,1,,,,,,1,,,,,,,,,,,,3,,,,,,4,,,,,,1,,,,,,4,,,,,,,,,,,,,,,,,,,,,,,,,,,,,,,,,,,,1,,,,,,,,,,,,,,,,,,1,,,,,,2,,,,,,,,,,,,,,,,,,3,,,,,,1,,,,,,,,,,,,1,,,,,,1,,,,,,1,,,,,,,,,,,,1,,,,,,,,,,,,1,,,,,,,,,,,,,,,,,,1,,,,,,,,,,,,3,,,,,,3,,,,,,2,,,,,,1,,,,,,1,,,,,,1,,,,,,,,,,,,3,,,,,,,,,,,,3,,,,,,,,,,,,,,,2,,,,,,,,,1,,,,,,,,,,,,1,,,,,,,,,,,,,,,,,,,,,,,,1,,,,,,1,,,,,,1,,,,,,,,,,,,1,,,,,,,,,,,,1,,,,,,,,,,,,3,,,,,,,,,,,,1,,,,,,,,,,,,3,,,,,,,,,,,,1,,,,,,1,,,,,,,,,,,,,,,,,,,,,,,,,,,,,,,,,,,,,,,,,,,,,,,,,,,,,,,,,,,,,,,,,,,,,,,,,,,,,,1,,,,,,,,,,,,,,,,,,,,,,,,,,,,,,1,,,,,,1,,,,,,1,,,,,,1,,,,,,76,,,0,,,14,,,,,,2,,,,,,,,,,,,6,,,,,,,,,,,,3,,,,,,12,,,,,,8,,,,,,3,,,,,,9,,,,,,34,,,,,,15,,,,,,12,,,,,,19,,,,,,,,,,,,,,,,,,,,,,,,137,,,0,,,8,,,,,,,,,,,,10,,,,,,5,,,,,,5,,,,,,4,,,,,,25,,,,,,12,,,,,,6,,,,,,1,,,,,,76,,,0,,,289,,,0,,,168,,,123,,,0,,
22490,22741,2671,1,1654,,,6,,,Bodleian-1654-06-recto,,,16,,,January,,,23,,,January,,,,,,,,,1,,,,,,,,,,,,1,,,,,,,,,,,,,,,,,,,,,,,,,,,,,,1,,,,,,1,,,,,,,,,,,,5,,,,,,1,,,,,,,,,,,,1,,,,,,2,,,,,,,,,,,,,,,,,,,,,,,,,,,,,,,,,,,,,,,,,,,,,,,,1,,,,,,,,,,,,,,,,,,1,,,,,,,,,,,,,,,,,,,,,,,,,,,,,,1,,,,,,1,,,,,,,,,,,,,,,,,,1,,,,,,,,,,,,,,,,,,,,,,,,,,,,,,,,,,,,1,,,,,,1,,,,,,1,,,,,,1,,,,,,,,,,,,,,,,,,1,,,,,,,,,,,,,,,,,,1,,,,,,,,,,,,3,,,,,,,,,,,,,,,,,,,,,,,,1,,,,,,,,,,,,,,,,,,,,,,,,,,,,,,2,,,,,,,,,,,,,,,,,,,,,,,,1,,,,,,,,,,,,,,,,,,1,,,,,,,,,,,,,,,,,,1,,,,,,2,,,,,,,,,,,,1,,,,,,2,,,,,,2,,,,,,,,,,,,1,,,,,,1,,,,,,,,,,,,,,,,,,,,,,,,,,,,,,2,,,,,,,,,,,,5,,,,,,,,,,,,,,,,,,,,,,,,1,,,,,,,,,,,,5,,,,,,,,,,,,,,,,,,1,,,,,,1,,,,,,57,,,0,,,13,,,,,,2,,,,,,,,,,,,7,,,,,,1,,,,,,11,,,,,,11,,,,,,10,,,,,,2,,,,,,6,,,,,,14,,,,,,9,,,,,,12,,,1,,,11,,,,,,,,,,,,1,,,,,,,,,,,,110,,,1,,,9,,,,,,1,,,,,,15,,,,,,2,,,,,,5,,,,,,1,,,,,,19,,,,,,14,,,,,,4,,,,,,1,,,,,,71,,,0,,,238,,,1,,,173,,,122,,,1,,
22491,22742,2672,1,1654,,,7,,,Bodleian-1654-07-recto,,,23,,,January,,,30,,,January,,,1,,,,,,,,,,,,1,,,,,,1,,,,,,,,,,,,,,,,,,1,,,,,,,,,,,,,,,,,,,,,,,,,,,,,,,,,,,,2,,,,,,1,,,,,,1,,,,,,,,,,,,,,,,,,,,,,,,2,,,,,,1,,,,,,,,,,,,,,,,,,1,,,,,,1,,,,,,1,,,,,,,,,,,,1,,,,,,4,,,,,,,,,,,,,,,,,,3,,,,,,,,,,,,,,,,,,,,,,,,2,,,,,,1,,,,,,2,,,,,,,,,,,,,,,,,,,,,,,,,,,,,,1,,,,,,1,,,,,,1,,,,,,,,,,,,,,,,,,1,,,,,,1,,,,,,,,,,,,,,,,,,,,,,,,1,,,,,,,,,,,,,,,,,,,,,,,,1,,,,,,,,,,,,,,,,,,,,,,,,1,,,,,,1,,,,,,,,,,,,2,,,,,,,,,,,,,,,,,,1,,,,,,1,,,,,,,,,,,,2,,,,,,1,,,,,,,,,,,,1,,,,,,1,,,,,,3,,,,,,,,,,,,,,,,,,,,,,,,,,,,,,,,,,,,,,,,,,1,,,,,,,,,,,,,,,,,,,,,,,,,,,,,,,,,,,,1,,,,,,1,,,,,,,,,,,,,,,,,,1,,,,,,,,,,,,6,,,,,,1,,,,,,,,,,,,1,,,,,,,,,,,,60,,,0,,,11,,,,,,2,,,,,,1,,,,,,6,,,,,,3,,,,,,3,,,,,,15,,,1,,,8,,,,,,4,,,,,,5,,,,,,21,,,,,,14,,,,,,10,,,,,,16,,,,,,2,,,,,,,,,,,,,,,,,,121,,,1,,,15,,,,,,3,,,,,,13,,,,,,8,,,,,,4,,,,,,5,,,,,,12,,,,,,18,,,,,,9,,,,,,3,,,,,,90,,,0,,,271,,,1,,,151,,,122,,,1,,
22492,22743,2673,1,1654,,,8,,,Bodleian-1654-08-recto,,,30,,,January,,,6,,,February,,,,,,,,,,,,,,,,,,,,,3,,,,,,,,,,,,1,,,,,,1,,,,,,,,,,,,1,,,,,,,,,,,,3,,,,,,,,,,,,3,,,,,,,,,,,,2,,,,,,,,,,,,,,,,,,1,,,,,,,,,,,,,,,,,,3,,,,,,,,,,,,,,,,,,2,,,,,,,,,,,,,,,,,,1,,,,,,3,,,,,,,,,,,,1,,,,,,2,,,,,,1,,,,,,1,,,,,,,,,,,,2,,,,,,1,,,,,,1,,,,,,,,,,,,,,,,,,,,,,,,,,,,,,2,,,,,,,,,,,,,,,,,,1,,,,,,1,,,,,,1,,,,,,1,,,,,,1,,,,,,,,,,,,,,,,,,,,,,,,2,,,,,,,,,,,,,,,,,,,,,,,,1,,,,,,,,,,,,2,,,,,,,,,,,,1,,,,,,,,,,,,,,,,,,,,,,,,,,,,,,3,,,,,,,,,,,,,,,,,,2,,,,,,2,,,,,,,,,,,,1,,,,,,,,,,,,,,,,,,,,,,,,,,,,,,,,,,,,1,,,,,,,,,,,,,,,,,,,,,,,,,,,,,,1,,,,,,1,,,,,,,,,,,,,,,,,,,,,,,,1,,,,,,,,,,,,1,,,,,,1,,,,,,,,,,,,,,,,,,1,,,,,,,,,,,,,,,,,,,,,,,,61,,,0,,,14,,,,,,2,,,,,,1,,,,,,7,,,,,,,,,,,,4,,,,,,9,,,,,,8,,,,,,7,,,,,,5,,,,,,33,,,,,,10,,,,,,10,,,,,,12,,,,,,3,,,,,,,,,,,,,,,,,,125,,,0,,,13,,,,,,2,,,,,,20,,,,,,9,,,,,,4,,,,,,4,,,,,,28,,,,,,20,,,,,,5,,,,,,2,,,,,,107,,,0,,,293,,,0,,,159,,,123,,,0,,
22493,22744,2676,1,1654,,,9,,,Bodleian-1654-09-recto,,,6,,,February,,,13,,,February,,,,,,,,,2,,,,,,,,,,,,1,,,,,,,,,,,,,,,,,,,,,,,,3,,,,,,1,,,,,,,,,,,,,,,,,,,,,,,,1,,,,,,,,,,,,1,,,,,,1,,,,,,,,,,,,,,,,,,,,,,,,,,,,,,3,,,,,,,,,,,,,,,,,,3,,,,,,1,,,,,,1,,,,,,,,,,,,,,,,,,3,,,,,,1,,,,,,1,,,,,,1,,,,,,2,,,,,,,,,,,,1,,,,,,,,,,,,,,,,,,1,,,,,,,,,,,,3,,,,,,,,,,,,2,,,,,,,,,,,,2,,,,,,,,,,,,,,,,,,1,,,,,,1,,,,,,,,,,,,,,,,,,,,,,,,,,,,,,1,,,,,,,,,,,,1,,,,,,1,,,,,,1,,,,,,,,,,,,2,,,,,,2,,,,,,,,,,,,,,,,,,,,,,,,,,,,,,,,,,,,,,,,,,,,,,,,1,,,,,,1,,,,,,,,,,,,,,,,,,,,,,,,2,,,,,,,,,,,,1,,,,,,,,,,,,,,,,,,,,,,,,1,,,,,,,,,,,,,,,,,,,,,,,,1,,,,,,1,,,,,,1,,,,,,,,,,,,,,,,,,,,,,,,,,,,,,,,,,,,,,,,,,,,,,,,2,,,,,,,,,,,,,,,,,,,,,,,,,,,,,,56,,,0,,,13,,,,,,,,,,,,1,,,,,,7,,,,,,,,,,,,3,,,,,,10,,,,,,8,,,,,,4,,,,,,5,,,,,,17,,,,,,7,,,,,,8,,,,,,12,,,,,,,,,,,,1,,,,,,,,,,,,96,,,0,,,7,,,,,,1,,,,,,12,,,,,,4,,,,,,4,,,,,,2,,,,,,12,,,,,,10,,,,,,3,,,,,,2,,,,,,57,,,0,,,209,,,0,,,135,,,123,,,0,,
22494,22745,2677,1,1654,,,11,,,Bodleian-1654-11-recto,,,20,,,February,,,27,,,February,,,1,,,,,,4,,,,,,,,,,,,,,,,,,,,,,,,,,,,,,,,,,,,2,,,,,,2,,,,,,,,,,,,,,,,,,,,,,,,1,,,,,,1,,,,,,1,,,,,,,,,,,,1,,,,,,,,,,,,1,,,,,,,,,,,,,,,,,,,,,,,,,,,,,,1,,,,,,,,,,,,,,,,,,,,,,,,,,,,,,,,,,,,1,,,,,,1,,,,,,,,,,,,,,,,,,,,,,,,1,,,,,,,,,,,,,,,,,,,,,,,,2,,,,,,,,,,,,1,,,,,,2,,,,,,3,,,,,,2,,,,,,,,,,,,,,,,,,,,,,,,,,,,,,2,,,,,,,,,,,,1,,,,,,,,,,,,1,,,,,,3,,,,,,,,,,,,,,,,,,,,,,,,1,,,,,,,,,,,,,,,,,,2,,,,,,,,,,,,2,,,,,,3,,,,,,,,,,,,1,,,,,,2,,,,,,1,,,,,,1,,,,,,,,,,,,1,,,,,,2,,,,,,1,,,,,,2,,,,,,,,,,,,,,,,,,1,,,,,,,,,,,,,,,,,,,,,,,,1,,,,,,1,,,,,,1,,,,,,,,,,,,1,,,,,,,,,,,,,,,,,,,,,,,,1,,,,,,1,,,,,,,,,,,,,,,,,,1,,,,,,1,,,,,,,,,,,,1,,,,,,,,,,,,64,,,0,,,15,,,,,,4,,,,,,,,,,,,5,,,,,,,,,,,,1,,,,,,15,,,,,,7,,,,,,4,,,,,,6,,,,,,18,,,,,,14,,,,,,3,,,,,,11,,,,,,1,,,,,,,,,,,,,,,,,,104,,,0,,,10,,,,,,4,,,,,,10,,,,,,2,,,,,,1,,,,,,2,,,,,,12,,,,,,9,,,,,,6,,,,,,3,,,,,,59,,,0,,,227,,,0,,,135,,,123,,,0,,
22495,22746,2678,1,1654,,,12,,,Bodleian-1654-12-recto,,,27,,,February,,,6,,,March,,,,,,,,,4,,,,,,,,,,,,,,,,,,,,,,,,,,,,,,1,,,,,,1,,,,,,3,,,,,,1,,,,,,,,,,,,1,,,,,,,,,,,,1,,,,,,3,,,,,,2,,,,,,,,,,,,1,,,,,,,,,,,,,,,,,,,,,,,,,,,,,,,,,,,,2,,,,,,1,,,,,,,,,,,,,,,,,,4,,,,,,1,,,,,,,,,,,,1,,,,,,,,,,,,,,,,,,,,,,,,2,,,,,,1,,,,,,2,,,,,,1,,,,,,,,,,,,,,,,,,,,,,,,2,,,,,,2,,,,,,,,,,,,,,,,,,,,,,,,3,,,,,,,,,,,,,,,,,,,,,,,,1,,,,,,,,,,,,,,,,,,,,,,,,,,,,,,,,,,,,,,,,,,,,,,,,,,,,,,,,,,,,1,,,,,,,,,,,,,,,,,,,,,,,,,,,,,,,,,,,,,,,,,,,,,,,,1,,,,,,,,,,,,1,,,,,,,,,,,,1,,,,,,,,,,,,,,,,,,,,,,,,,,,,,,,,,,,,,,,,,,,,,,,,,,,,,,,,,,,,,,,,,,,,,,,,2,,,,,,,,,,,,2,,,,,,1,,,,,,,,,,,,2,,,,,,1,,,,,,,,,,,,,,,,,,,,,,,,,,,,,,,,,,,,,,,,,,53,,,0,,,16,,,,,,2,,,,,,,,,,,,5,,,,,,,,,,,,2,,,,,,12,,,,,,6,,,,,,3,,,,,,5,,,,,,21,,,,,,11,,,,,,7,,,,,,11,,,,,,3,,,,,,1,,,,,,,,,,,,105,,,0,,,7,,,,,,1,,,,,,8,,,,,,4,,,,,,2,,,,,,10,,,,,,15,,,,,,14,,,,,,9,,,,,,1,,,,,,71,,,0,,,229,,,0,,,158,,,123,,,0,,
22496,22747,2679,1,1654,,,13,,,Bodleian-1654-13-recto,,,6,,,March,,,13,,,March,,,1,,,,,,3,,,,,,,,,,,,,,,,,,,,,,,,,,,,,,,,,,,,2,,,,,,1,,,,,,2,,,,,,1,,,,,,1,,,,,,2,,,,,,2,,,,,,2,,,,,,,,,,,,,,,,,,,,,,,,1,,,,,,,,,,,,,,,,,,,,,,,,,,,,,,3,,,,,,,,,,,,1,,,,,,1,,,,,,2,,,,,,,,,,,,1,,,,,,1,,,,,,1,,,,,,1,,,,,,,,,,,,1,,,,,,1,,,,,,1,,,,,,1,,,,,,,,,,,,,,,,,,2,,,,,,,,,,,,,,,,,,2,,,,,,,,,,,,,,,,,,1,,,,,,,,,,,,2,,,,,,,,,,,,,,,,,,1,,,,,,1,,,,,,1,,,,,,1,,,,,,,,,,,,,,,,,,,,,,,,,,,,,,1,,,,,,1,,,,,,,,,,,,,,,,,,,,,,,,2,,,,,,2,,,,,,,,,,,,,,,,,,,,,,,,,,,,,,,,,,,,1,,,,,,1,,,,,,1,,,,,,,,,,,,1,,,,,,1,,,,,,1,,,,,,,,,,,,,,,,,,,,,,,,1,,,,,,,,,,,,1,,,,,,,,,,,,1,,,,,,,,,,,,1,,,,,,,,,,,,,,,,,,,,,,,,1,,,,,,1,,,,,,,,,,,,,,,,,,,,,,,,,,,,,,62,,,0,,,9,,,,,,3,,,,,,,,,,,,4,,,,,,1,,,,,,4,,,,,,5,,,,,,5,,,,,,2,,,,,,4,,,,,,22,,,,,,17,,,,,,5,,,,,,11,,,,,,1,,,,,,,,,,,,,,,,,,93,,,0,,,8,,,,,,3,,,,,,15,,,,,,6,,,,,,2,,,,,,3,,,,,,18,,,,,,9,,,,,,4,,,,,,,,,,,,68,,,0,,,223,,,0,,,147,,,123,,,0,,
22497,22748,2680,1,1654,,,14,,,Bodleian-1654-14-recto,,,13,,,March,,,20,,,March,,,,,,,,,1,,,,,,,,,,,,3,,,,,,,,,,,,,,,,,,,,,,,,1,,,,,,2,,,,,,1,,,,,,,,,,,,,,,,,,,,,,,,,,,,,,,,,,,,,,,,,,,,,,,,,,,,,,,,,,,,,,,,,,,,,,,,,,,,,,,,,,,,6,,,,,,,,,,,,,,,,,,,,,,,,,,,,,,,,,,,,1,,,,,,,,,,,,,,,,,,,,,,,,1,,,,,,2,,,,,,,,,,,,,,,,,,,,,,,,,,,,,,,,,,,,,,,,,,,,,,,,1,,,,,,1,,,,,,,,,,,,,,,,,,1,,,,,,3,,,,,,1,,,,,,,,,,,,,,,,,,,,,,,,2,,,,,,,,,,,,2,,,,,,1,,,,,,1,,,,,,,,,,,,1,,,,,,,,,,,,2,,,,,,,,,,,,,,,,,,2,,,,,,,,,,,,,,,,,,,,,,,,,,,,,,2,,,,,,,,,,,,,,,,,,1,,,,,,,,,,,,1,,,,,,,,,,,,2,,,,,,1,,,,,,,,,,,,,,,,,,,,,,,,,,,,,,,,,,,,,,,,,,2,,,,,,1,,,,,,,,,,,,,,,,,,,,,,,,,,,,,,1,,,,,,,,,,,,,,,,,,1,,,,,,1,,,,,,,,,,,,,,,,,,,,,,,,49,,,0,,,20,,,,,,3,,,,,,,,,,,,3,,,,,,,,,,,,5,,,,,,11,,,,,,8,,,,,,2,,,,,,5,,,,,,15,,,,,,9,,,,,,9,,,,,,12,,,,,,1,,,,,,,,,,,,,,,,,,103,,,0,,,5,,,,,,2,,,,,,6,,,,,,7,,,,,,1,,,,,,7,,,,,,13,,,,,,17,,,,,,5,,,,,,1,,,,,,64,,,0,,,216,,,0,,,147,,,123,,,0,,
22498,22749,2683,1,1655,,,15,,,Bodleian-1655-15-recto,,,20,,,March,,,27,,,March,,,1,,,,,,2,,,,,,,,,,,,1,,,,,,,,,,,,,,,,,,,,,,,,1,,,,,,1,,,,,,,,,,,,,,,,,,,,,,,,,,,,,,1,,,,,,2,,,,,,,,,,,,,,,,,,,,,,,,,,,,,,,,,,,,2,,,,,,,,,,,,,,,,,,1,,,,,,,,,,,,,,,,,,1,,,,,,1,,,,,,1,,,,,,,,,,,,,,,,,,,,,,,,,,,,,,,,,,,,1,,,,,,,,,,,,1,,,,,,1,,,,,,,,,,,,,,,,,,,,,,,,,,,,,,2,,,,,,,,,,,,,,,,,,,,,,,,1,,,,,,,,,,,,1,,,,,,,,,,,,,,,,,,,,,,,,1,,,,,,,,,,,,,,,,,,,,,,,,,,,,,,,,,,,,,,,,,,,,,,,,,,,,,,,,,,,,,,,,,,,,,,,,,,,,,,1,,,,,,1,,,,,,1,,,,,,4,,,,,,1,,,,,,,,,,,,,,,,,,,,,,,,,,,,,,2,,,,,,1,,,,,,,,,,,,,,,,,,,,,,,,,,,,,,,,,,,,1,,,,,,,,,,,,1,,,,,,,,,,,,,,,,,,1,,,,,,,,,,,,1,,,,,,2,,,,,,,,,,,,,,,,,,2,,,,,,2,,,,,,3,,,,,,,,,,,,,,,,,,50,,,0,,,10,,,,,,3,,,,,,,,,,,,8,,,,,,,,,,,,6,,,,,,12,,,,,,8,,,,,,3,,,,,,2,,,,,,16,,,,,,1,,,,,,6,,,,,,7,,,,,,1,,,,,,1,,,,,,,,,,,,84,,,0,,,4,,,,,,2,,,,,,14,,,,,,2,,,,,,2,,,,,,9,,,,,,10,,,,,,12,,,,,,2,,,,,,2,,,,,,59,,,0,,,193,,,0,,,159,,,123,,,0,,
22499,22750,2686,1,1655,,,21,,,Bodleian-1655-21-recto,,,1,,,May,,,8,,,May,,,,,,,,,2,,,,,,1,,,,,,,,,,,,,,,,,,,,,,,,,,,,,,,,,,,,,,,,,,,,,,,,,,,,,,1,,,,,,3,,,,,,,,,,,,4,,,,,,1,,,,,,,,,,,,1,,,,,,,,,,,,,,,,,,,,,,,,2,,,,,,,,,,,,3,,,,,,,,,,,,,,,,,,,,,,,,1,,,,,,1,,,,,,,,,,,,,,,,,,1,,,,,,1,,,,,,,,,,,,2,,,,,,1,,,,,,,,,,,,,,,,,,2,,,,,,,,,,,,1,,,,,,,,,,,,,,,,,,,,,,,,2,,,,,,,,,,,,2,,,,,,,,,,,,,,,,,,,,,,,,,,,,,,,,,,,,1,,,,,,1,,,,,,,,,,,,1,,,,,,1,,,,,,,,,,,,,,,,,,1,,,,,,,,,,,,,,,,,,1,,,,,,,,,,,,,,,,,,1,,,,,,,,,,,,1,,,,,,1,,,,,,,,,,,,,,,,,,,,,,,,,,,,,,2,,,,,,,,,,,,1,,,,,,,,,,,,1,,,,,,,,,,,,1,,,,,,1,,,,,,,,,,,,,,,,,,,,,,,,4,,,,,,,,,,,,,,,,,,,,,,,,,,,,,,,,,,,,,,,,,,1,,,,,,1,,,,,,,,,,,,,,,,,,1,,,,,,1,,,,,,55,,,0,,,10,,,,,,2,,,,,,,,,,,,6,,,,,,,,,,,,3,,,,,,17,,,,,,14,,,,,,3,,,,,,1,,,,,,18,,,,,,15,,,,,,6,,,,,,9,,,,,,2,,,,,,1,,,,,,,,,,,,107,,,0,,,6,,,,,,2,,,,,,9,,,,,,4,,,,,,6,,,,,,6,,,,,,12,,,,,,17,,,,,,6,,,,,,1,,,,,,69,,,0,,,231,,,0,,,125,,,123,,,0,,
22530,22751,2691,1,1655,,,22,,,Bodleian-1655-22-recto,,,8,,,May,,,15,,,May,,,1,,,,,,1,,,,,,,,,,,,,,,,,,,,,,,,1,,,,,,,,,,,,1,,,,,,2,,,,,,1,,,,,,,,,,,,1,,,,,,1,,,,,,,,,,,,1,,,,,,,,,,,,1,,,,,,1,,,,,,1,,,,,,,,,,,,,,,,,,,,,,,,,,,,,,1,,,,,,,,,,,,,,,,,,,,,,,,,,,,,,,,,,,,,,,,,,,,,,,,,,,,,,,,,,,,,,,,,,1,,,,,,1,,,,,,1,,,,,,,,,,,,,,,,,,,,,,,,1,,,,,,2,,,,,,,,,,,,,,,,,,1,,,,,,,,,,,,,,,,,,,,,,,,,,,,,,,,,,,,4,,,,,,,,,,,,,,,,,,1,,,,,,,,,,,,,,,,,,,,,,,,,,,,,,,,,,,,,,,,,,1,,,,,,,,,,,,,,,,,,,,,,,,,,,,,,1,,,,,,1,,,,,,,,,,,,2,,,,,,,,,,,,1,,,,,,1,,,,,,2,,,,,,1,,,,,,1,,,,,,1,,,,,,,,,,,,,,,,,,,,,,,,,,,,,,,,,,,,,,,,,,,,,,,,,,,,,,1,,,,,,,,,,,,,,,,,,,,,,,,,,,,,,1,,,,,,,,,,,,,,,,,,2,,,,,,,,,,,,,,,,,,,,,,,,1,,,,,,43,,,0,,,9,,,,,,1,,,,,,,,,,,,4,,,,,,1,,,,,,2,,,,,,16,,,,,,4,,,,,,3,,,,,,5,,,,,,15,,,,,,10,,,,,,8,,,,,,12,,,,,,2,,,,,,,,,,,,,,,,,,92,,,0,,,9,,,,,,,,,,,,11,,,,,,8,,,,,,5,,,,,,3,,,,,,17,,,,,,12,,,,,,3,,,,,,1,,,,,,69,,,0,,,204,,,0,,,126,,,123,,,0,,
22531,22752,2699,1,1655,,,23,,,Bodleian-1655-23-recto,,,15,,,May,,,22,,,May,,,,,,,,,4,,,,,,,,,,,,,,,,,,,,,,,,2,,,,,,,,,,,,1,,,,,,,,,,,,,,,,,,,,,,,,1,,,,,,1,,,,,,,,,,,,,,,,,,,,,,,,,,,,,,,,,,,,,,,,,,1,,,,,,2,,,,,,,,,,,,,,,,,,1,,,,,,,,,,,,,,,,,,,,,,,,3,,,,,,,,,,,,,,,,,,1,,,,,,,,,,,,2,,,,,,,,,,,,,,,,,,1,,,,,,2,,,,,,,,,,,,1,,,,,,,,,,,,,,,,,,1,,,,,,,,,,,,,,,,,,1,,,,,,,,,,,,1,,,,,,,,,,,,1,,,,,,,,,,,,3,,,,,,,,,,,,1,,,,,,,,,,,,,,,,,,,,,,,,1,,,,,,,,,,,,,,,,,,,,,,,,2,,,,,,,,,,,,,,,,,,1,,,,,,,,,,,,,,,,,,,,,,,,,,,,,,,,,,,,,,,,,,,,,,,,,,,,,,,,,,,,,,,,,,2,,,,,,2,,,,,,,,,,,,1,,,,,,,,,,,,,,,,,,,,,,,,,,,,,,,,,,,,,,,,,,1,,,,,,,,,,,,,,,,,,,,,,,,,,,,,,,,,,,,1,,,,,,,,,,,,2,,,,,,,,,,,,,,,,,,1,,,,,,,,,,,,45,,,0,,,14,,,,,,,,,,,,,,,,,,2,,,,,,,,,,,,1,,,,,,13,,,,,,7,,,,,,3,,,,,,4,,,,,,17,,,,,,13,,,,,,6,,,,,,12,,,,,,,,,,,,,,,,,,,,,,,,92,,,0,,,8,,,,,,4,,,,,,7,,,,,,5,,,,,,2,,,,,,7,,,,,,6,,,,,,8,,,,,,8,,,,,,,,,,,,55,,,0,,,192,,,0,,,124,,,123,,,0,,
22532,22753,2700,1,1655,,,24,,,Bodleian-1655-24-recto,,,22,,,May,,,29,,,May,,,,,,,,,3,,,,,,,,,,,,,,,,,,,,,,,,,,,,,,,,,,,,1,,,,,,1,,,,,,1,,,,,,1,,,,,,,,,,,,1,,,,,,1,,,,,,2,,,,,,1,,,,,,,,,,,,2,,,,,,,,,,,,,,,,,,,,,,,,,,,,,,,,,,,,,,,,,,,,,,,,,,,,,,1,,,,,,,,,,,,1,,,,,,1,,,,,,,,,,,,,,,,,,,,,,,,,,,,,,,,,,,,,,,,,,2,,,,,,,,,,,,,,,,,,,,,,,,,,,,,,,,,,,,,,,,,,4,,,,,,1,,,,,,,,,,,,,,,,,,,,,,,,,,,,,,,,,,,,1,,,,,,,,,,,,,,,,,,,,,,,,,,,,,,1,,,,,,1,,,,,,,,,,,,1,,,,,,,,,,,,,,,,,,,,,,,,2,,,,,,1,,,,,,,,,,,,,,,,,,,,,,,,,,,,,,1,,,,,,,,,,,,,,,,,,,,,,,,2,,,,,,2,,,,,,,,,,,,1,,,,,,1,,,,,,,,,,,,,,,,,,,,,,,,,,,,,,,,,,,,,,,,,,,,,,,,,,,,,,,,,,,,1,,,,,,,,,,,,,,,,,,1,,,,,,,,,,,,1,,,,,,,,,,,,,,,,,,,,,,,,1,,,,,,,,,,,,42,,,0,,,9,,,,,,1,,,,,,,,,,,,4,,,,,,,,,,,,3,,,,,,12,,,,,,2,,,,,,1,,,,,,,,,,,,15,,,,,,9,,,,,,10,,,,,,9,,,,,,1,,,,,,1,,,,,,,,,,,,77,,,0,,,5,,,,,,,,,,,,12,,,,,,9,,,,,,3,,,,,,2,,,,,,12,,,,,,11,,,,,,4,,,,,,1,,,,,,59,,,0,,,178,,,0,,,112,,,123,,,0,,
22533,22754,2701,1,1655,,,25,,,Bodleian-1655-25-recto,,,29,,,May,,,5,,,June,,,1,,,,,,,,,,,,,,,,,,1,,,,,,,,,,,,1,,,,,,,,,,,,,,,,,,1,,,,,,1,,,,,,,,,,,,,,,,,,,,,,,,1,,,,,,4,,,,,,,,,,,,,,,,,,,,,,,,1,,,,,,1,,,,,,1,,,,,,,,,,,,,,,,,,,,,,,,1,,,,,,,,,,,,1,,,,,,2,,,,,,,,,,,,,,,,,,1,,,,,,,,,,,,,,,,,,,,,,,,,,,,,,,,,,,,,,,,,,2,,,,,,1,,,,,,,,,,,,,,,,,,1,,,,,,1,,,,,,,,,,,,,,,,,,,,,,,,,,,,,,,,,,,,1,,,,,,,,,,,,,,,,,,1,,,,,,,,,,,,1,,,,,,1,,,,,,1,,,,,,,,,,,,,,,,,,,,,,,,,,,,,,1,,,,,,,,,,,,,,,,,,,,,,,,,,,,,,,,,,,,2,,,,,,,,,,,,,,,,,,,,,,,,,,,,,,,,,,,,,,,,,,2,,,,,,1,,,,,,1,,,,,,,,,,,,1,,,,,,,,,,,,,,,,,,1,,,,,,2,,,,,,,,,,,,,,,,,,,,,,,,,,,,,,,,,,,,1,,,,,,,,,,,,,,,,,,,,,,,,,,,,,,3,,,,,,,,,,,,,,,,,,1,,,,,,,,,,,,44,,,0,,,9,,,,,,1,,,,,,1,,,,,,6,,,,,,1,,,,,,3,,,,,,10,,,,,,4,,,,,,,,,,,,4,,,,,,15,,,,,,16,,,,,,10,,,,,,6,,,,,,2,,,,,,1,,,,,,,,,,,,89,,,0,,,8,,,,,,1,,,,,,9,,,,,,3,,,,,,5,,,1,,,6,,,,,,16,,,,,,10,,,,,,7,,,,,,5,,,,,,70,,,1,,,203,,,1,,,113,,,122,,,1,,
22534,22755,2702,1,1655,,,26,,,Bodleian-1655-26-recto,,,5,,,June,,,12,,,June,,,,,,,,,2,,,,,,,,,,,,1,,,,,,,,,,,,1,,,,,,2,,,,,,,,,,,,,,,,,,1,,,,,,,,,,,,,,,,,,1,,,,,,,,,,,,2,,,,,,,,,,,,,,,,,,,,,,,,,,,,,,,,,,,,,,,,,,,,,,,,,,,,,,1,,,,,,2,,,,,,,,,,,,,,,,,,,,,,,,,,,,,,,,,,,,1,,,,,,1,,,,,,,,,,,,,,,,,,4,,,,,,,,,,,,2,,,,,,,,,,,,,,,,,,,,,,,,2,,,,,,,,,,,,1,,,,,,,,,,,,,,,,,,,,,,,,,,,,,,,,,,,,2,,,,,,,,,,,,1,,,,,,,,,,,,,,,,,,3,,,,,,,,,,,,,,,,,,,,,,,,,,,,,,,,,,,,1,,,,,,2,,,,,,,,,,,,1,,,,,,,,,,,,,,,,,,1,,,,,,,,,,,,,,,,,,1,,,,,,,,,,,,,,,,,,1,,,,,,2,,,,,,,,,,,,,,,,,,1,,,,,,2,,,,,,,,,,,,,,,,,,,,,,,,,,,,,,,,,,,,1,,,,,,,,,,,,1,,,,,,,,,,,,,,,,,,,,,,,,,,,,,,1,,,,,,,,,,,,,,,,,,1,,,,,,,,,,,,,,,,,,1,,,,,,,,,,,,47,,,0,,,11,,,,,,2,,,,,,2,,,,,,6,,,,,,1,,,,,,1,,,,,,13,,,,,,6,,,,,,6,,,,,,3,,,,,,7,,,,,,7,,,,,,10,,,,,,7,,,,,,,,,,,,,,,,,,,,,,,,82,,,0,,,1,,,,,,2,,,,,,7,,,,,,6,,,,,,1,,,,,,6,,,,,,9,,,,,,9,,,,,,7,,,,,,1,,,,,,49,,,0,,,178,,,0,,,112,,,123,,,0,,
22535,22756,2703,1,1655,,,28,,,Bodleian-1655-28-recto,,,19,,,June,,,26,,,June,,,,,,,,,1,,,,,,,,,,,,,,,,,,1,,,,,,,,,,,,,,,,,,,,,,,,,,,,,,,,,,,,1,,,,,,,,,,,,,,,,,,,,,,,,2,,,,,,,,,,,,,,,,,,,,,,,,,,,,,,,,,,,,,,,,,,,,,,,,1,,,,,,4,,,,,,,,,,,,,,,,,,1,,,,,,1,,,,,,,,,,,,,,,,,,,,,,,,1,,,,,,,,,,,,,,,,,,,,,,,,,,,,,,,,,,,,3,,,,,,1,,,,,,,,,,,,,,,,,,,,,,,,2,,,,,,,,,,,,,,,,,,,,,,,,2,,,,,,,,,,,,1,,,,,,1,,,,,,1,,,,,,2,,,,,,1,,,,,,1,,,,,,1,,,,,,1,,,,,,,,,,,,,,,,,,,,,,,,,,,,,,3,,,,,,,,,,,,,,,,,,1,,,,,,,,,,,,1,,,,,,,,,,,,,,,,,,,,,,,,,,,,,,,,,,,,,,,,,,2,,,,,,1,,,,,,,,,,,,,,,,,,,,,,,,,,,,,,,,,,,,1,,,,,,,,,,,,,,,,,,1,,,,,,,,,,,,,,,,,,1,,,,,,,,,,,,,,,,,,,,,,,,,,,,,,,,,,,,,,,,,,1,,,,,,,,,,,,,,,,,,,,,,,,1,,,,,,43,,,0,,,9,,,,,,1,,,,,,,,,,,,2,,,,,,,,,,,,4,,,,,,4,,,,,,5,,,,,,1,,,,,,3,,,,,,11,,,,,,16,,,,,,4,,,,,,9,,,,,,1,,,,,,,,,,,,,,,,,,70,,,0,,,10,,,,,,2,,,,,,11,,,,,,1,,,,,,4,,,,,,3,,,,,,4,,,,,,9,,,,,,3,,,,,,,,,,,,47,,,0,,,160,,,0,,,94,,,123,,,0,,
22536,22757,2704,1,1655,,,29,,,Bodleian-1655-29-recto,,,26,,,June,,,3,,,July,,,,,,,,,4,,,,,,,,,,,,1,,,,,,,,,,,,1,,,,,,,,,,,,,,,,,,,,,,,,1,,,,,,,,,,,,,,,,,,,,,1,,,,,,,,,2,,,,,,,,,,,,,,,,,,,,,,,,1,,,,,,1,,,,,,1,,,,,,,,,,,,,,,,,,1,,,,,,,,,,,,,,,,,,,,,,,,7,,,,,,,,,,,,,,,,,,,,,,,,,,,,,,,,,,,,,,,,,,,,,,,,,,,,,,,,,,,,,,,,,,,,,,,,,,,,,,1,,,,,,,,,,,,1,,,,,,,,,,,,,,,,,,,,,,,,1,,,,,,,,,,,,,,,,,,,,,,,,,,,,,,,,,,,,,,,,,,,,,,,,,,,,,,,,,,,,,,,,,,,,,,,,,,,,,,,,,,,,,,,,,,,,,,,,1,,,,,,,,,,,,,,,,,,,,,,,,,,,,,,,,,,,,1,,,,,,,,,,,,,,,,,,,,,,,,,,,,,,2,,,,,,,,,,,,,,,,,,2,,,,,,1,,,,,,,,,,,,3,,,,,,1,,,,,,1,,,,,,,,,,,,,,,,,,1,,,,,,,,,,,,,,,,,,,,,,,,,,,,,,1,,,,,,,,,,,,,,,,,,2,,,,,,,,,,,,,,,,,,,,,,,,1,,,,,,42,,,0,,,11,,,,,,2,,,,,,,,,,,,4,,,,,,,,,,,,4,,,,,,9,,,,,,4,,,,,,2,,,,,,4,,,,,,12,,,,,,7,,,,,,13,,,,,,8,,,,,,,,,,,,,,,,,,,,,,,,80,,,0,,,3,,,,,,2,,,,,,5,,,,,,8,,,,,,3,,,,,,,,,,,,14,,,,,,18,,,,,,2,,,,,,,,,,,,55,,,0,,,177,,,0,,,112,,,123,,,0,,
22537,22758,2705,1,1655,,,30,,,Bodleian-1655-30-recto,,,3,,,July,,,10,,,July,,,1,,,,,,2,,,,,,2,,,,,,3,,,,,,,,,,,,,,,,,,,,,,,,,,,,,,,,,,,,,,,,,,,,,,,,1,,,,,,,,,,,,,,,,,,,,,,,,,,,,,,,,,,,,,,,,,,1,,,,,,,,,,,,,,,,,,,,,,,,,,,,,,,,,,,,,,,,,,,,,,,,,,,,,,1,,,,,,1,,,,,,,,,,,,,,,,,,,,,,,,,,,,,,1,,,,,,,,,,,,,,,,,,,,,,,,1,,,,,,,,,,,,,,,,,,,,,,,,2,,,,,,,,,,,,,,,,,,1,,,,,,1,,,,,,1,,,,,,1,,,,,,,,,,,,,,,,,,1,,,,,,,,,,,,,,,,,,,,,,,,,,,,,,,,,,,,,,,,,,,,,,,,,,,,,,,,,,,,1,,,,,,,,,,,,,,,,,,,,,,,,,,,,,,,,,,,,,,,,,,,,,,,,,,,,,,,,,,,,,,,,,,,,,,,,1,,,,,,,,,,,,,,,,,,,,,,,,,,,,,,,,,,,,,,,,,,,,,,,,,,,,,,,,,,,,1,,,,,,,,,,,,,,,,,,,,,,,,,,,,,,,,,,,,,,,,,,,,,,,,3,,,,,,,,,,,,1,,,,,,,,,,,,,,,,,,,,,,,,2,,,,,,30,,,0,,,11,,,,,,1,,,,,,,,,,,,5,,,,,,,,,,,,,,,,,,7,,,,,,4,,,,,,4,,,,,,2,,,,,,11,,,,,,13,,,,,,7,,,,,,10,,,,,,,,,,,,,,,,,,,,,,,,75,,,0,,,5,,,,,,3,,,,,,9,,,,,,8,,,,,,1,,,,,,5,,,,,,6,,,,,,8,,,,,,5,,,,,,1,,,,,,51,,,0,,,156,,,0,,,119,,,123,,,0,,
22538,22759,2706,1,1655,,,31,,,Bodleian-1655-31-recto,,,10,,,July,,,17,,,July,,,,,,,,,5,,,,,,,,,,,,2,,,,,,,,,,,,1,,,,,,,,,,,,2,,,,,,1,,,,,,,,,,,,,,,,,,2,,,,,,1,,,,,,1,,,,,,2,,,,,,,,,,,,,,,,,,,,,,,,,,,,,,1,,,,,,,,,,,,,,,,,,,,,,,,3,,,,,,,,,,,,1,,,,,,,,,,,,2,,,,,,,,,,,,1,,,,,,1,,,,,,,,,,,,,,,,,,1,,,,,,,,,,,,,,,,,,,,,,,,,,,,,,1,,,,,,,,,,,,,,,,,,,,,,,,1,,,,,,1,,,,,,1,,,,,,,,,,,,1,,,,,,1,,,,,,2,,,,,,,,,,,,,,,,,,,,,,,,,,,,,,,,,,,,2,,,,,,1,,,,,,1,,,,,,,,,,,,,,,,,,,,,,,,,,,,,,,,,,,,1,,,,,,,,,,,,,,,,,,1,,,,,,1,,,,,,,,,,,,1,,,,,,,,,,,,,,,,,,,,,,,,1,,,,,,,,,,,,,,,,,,2,,,,,,1,,,,,,,,,,,,,,,,,,,,,,,,,,,,,,1,,,,,,1,,,,,,1,,,,,,1,,,,,,,,,,,,3,,,,,,,,,,,,,,,,,,,,,,,,3,,,,,,1,,,,,,,,,,,,,,,,,,,,,,,,,,,,,,1,,,,,,59,,,0,,,12,,,,,,,,,,,,,,,,,,4,,,,,,,,,,,,3,,,,,,6,,,,,,3,,,,,,4,,,,,,4,,,,,,12,,,,,,17,,,,,,14,,,,,,5,,,,,,,,,,,,,,,,,,,,,,,,84,,,0,,,5,,,,,,5,,,,,,8,,,,,,3,,,,,,5,,,,,,7,,,,,,13,,,,,,5,,,,,,2,,,,,,,,,,,,53,,,0,,,196,,,0,,,133,,,123,,,0,,
22539,22760,2826,1,1655,,,32,,,Bodleian-1655-32-recto,,,17,,,July,,,24,,,July,,,,,,,,,2,,,,,,,,,,,,,,,,,,1,,,,,,1,,,,,,,,,,,,1,,,,,,,,,,,,,,,,,,3,,,,,,,,,,,,2,,,,,,1,,,,,,2,,,,,,,,,,,,2,,,,,,,,,,,,1,,,,,,,,,,,,2,,,,,,,,,,,,,,,,,,,,,,,,1,,,,,,1,,,,,,1,,,,,,3,,,,,,,,,,,,,,,,,,,,,,,,,,,,,,,,,,,,,,,,,,,,,,,,1,,,,,,,,,,,,,,,,,,1,,,,,,,,,,,,,,,,,,1,,,,,,1,,,,,,1,,,,,,1,,,,,,,,,,,,2,,,,,,1,,,,,,,,,,,,,,,,,,2,,,,,,,,,,,,,,,,,,,,,,,,,,,,,,,,,,,,1,,,,,,,,,,,,,,,,,,,,,,,,,,,,,,,,,,,,,,,,,,,,,,,,,,,,,,4,,,,,,2,,,,,,,,,,,,1,,,,,,,,,,,,,,,,,,1,,,,,,,,,,,,,,,,,,,,,,,,2,,,,,,,,,,,,,,,,,,,,,,,,1,,,,,,,,,,,,,,,,,,,,,,,,,,,,,,,,,,,,,,,,,,,,,,,,,,,,,,1,,,,,,,,,,,,,,,,,,1,,,,,,2,,,,,,,,,,,,,,,,,,,,,,,,,,,,,,51,,,0,,,12,,,,,,1,,,,,,2,,,,,,4,,,,,,2,,,,,,7,,,,,,14,,,,,,5,,,,,,4,,,,,,2,,,,,,8,,,,,,13,,,,,,9,,,1,,,7,,,,,,4,,,,,,,,,,,,,,,,,,94,,,1,,,5,,,,,,,,,,,,9,,,,,,2,,,,,,6,,,,,,3,,,,,,10,,,,,,14,,,,,,6,,,,,,,,,,,,55,,,0,,,200,,,1,,,142,,,122,,,1,,
22574,22761,2827,1,1655,,,33,,,Bodleian-1655-33-recto,,,24,,,July,,,31,,,July,,,2,,,,,,3,,,,,,,,,,,,2,,,,,,,,,,,,1,,,,,,1,,,,,,,,,,,,2,,,,,,,,,,,,,,,,,,1,,,,,,1,,,,,,2,,,,,,2,,,,,,2,,,,,,,,,,,,1,,,,,,,,,,,,,,,,,,3,,,,,,,,,,,,,,,,,,,,,,,,,,,,,,1,,,,,,,,,,,,,,,,,,1,,,,,,1,,,,,,,,,,,,,,,,,,1,,,,,,,,,,,,1,,,,,,1,,,,,,1,,,,,,,,,,,,,,,,,,,,,,,,,,,,,,1,,,,,,1,,,,,,,,,,,,,,,,,,1,,,,,,2,,,,,,,,,,,,,,,,,,,,,,,,,,,,,,1,,,,,,1,,,,,,,,,,,,,,,,,,,,,,,,1,,,,,,,,,,,,,,,,,,,,,,,,1,,,,,,,,,,,,,,,,,,,,,,,,,,,,,,,,,,,,,,,,,,,,,,,,3,,,,,,1,,,,,,,,,,,,,,,,,,,,,,,,,,,,,,,,,,,,,,,,,,,,,,,,,,,,,,,,,,,,,,,,,,,,,,,,,,,,,,1,,,,,,,,,,,,1,,,,,,,,,,,,,,,,,,,,,,,,1,,,,,,,,,,,,,,,,,,,,,,,,,,,,,,,,,,,,,,,,,,,,,,,,,,,,,,46,,,0,,,14,,,,,,,,,,,,1,,,,,,2,,,,,,,,,,,,5,,,,,,19,,,,,,6,,,,,,2,,,,,,4,,,,,,15,,,,,,10,,,,,,13,,,,,,18,,,,,,1,,,,,,,,,,,,,,,,,,110,,,0,,,12,,,,,,3,,,,,,13,,,,,,5,,,,,,3,,,,,,10,,,,,,9,,,,,,13,,,,,,4,,,,,,1,,,,,,73,,,0,,,229,,,0,,,120,,,123,,,0,,
22575,22762,2828,1,1655,,,34,,,Bodleian-1655-34-recto,,,31,,,July,,,7,,,August,,,2,,,,,,2,,,,,,,,,,,,2,,,,,,,,,,,,,,,,,,2,,,,,,2,,,,,,1,,,,,,1,,,,,,,,,,,,,,,,,,2,,,,,,1,,,,,,3,,,,,,,,,,,,,,,,,,,,,,,,,,,,,,,,,,,,3,,,,,,,,,,,,,,,,,,3,,,,,,,,,,,,,,,,,,1,,,,,,2,,,,,,,,,,,,,,,,,,,,,,,,,,,,,,,,,,,,,,,,,,1,,,,,,2,,,,,,1,,,,,,,,,,,,,,,,,,,,,,,,,,,,,,1,,,,,,,,,,,,,,,,,,1,,,,,,,,,,,,,,,1,,,,,,,,,2,,,,,,,,,,,,,,,,,,,,,,,,,,,,,,,,,,,,,,,,,,,,,,,,,,,,,,,,,,,,,,,,,,,,,,,,,,,,,,,,,,,,1,,,,,,,,,,,,,,,,,,,,,,,,,,,,,,,,,,,,,,,,,,,,,,,,1,,,,,,,,,,,,,,,,,,1,,,,,,,,,,,,1,,,,,,1,,,,,,1,,,,,,2,,,,,,,,,,,,,,,,,,,,,,,,,,,,,,,,,,,,1,,,,,,,,,,,,,,,,,,,,,,,,,,,,,,,,,,,,,,,,,,1,,,,,,1,,,,,,,,,,,,1,,,,,,,,,,,,,,,,,,48,,,0,,,12,,,,,,,,,,,,,,,,,,7,,,,,,1,,,,,,2,,,,,,9,,,,,,3,,,,,,2,,,,,,4,,,,,,13,,,,,,7,,,,,,7,,,,,,7,,,,,,,,,,,,,,,,,,,,,,,,74,,,0,,,7,,,,,,,,,,,,11,,,,,,2,,,,,,1,,,,,,2,,,,,,12,,,,,,13,,,,,,8,,,,,,,,,,,,56,,,0,,,178,,,0,,,113,,,123,,,0,,
22576,22763,2829,1,1655,,,35,,,Bodleian-1655-35-recto,,,7,,,August,,,14,,,August,,,,,,,,,1,,,,,,,,,,,,,,,,,,,,,,,,1,,,,,,1,,,,,,5,,,,,,1,,,,,,,,,,,,,,,,,,,,,,,,3,,,,,,1,,,,,,2,,,,,,1,,,,,,,,,,,,1,,,,,,,,,,,,,,,,,,,,,,,,,,,,,,,,,,,,2,,,,,,,,,,,,,,,,,,1,,,,,,1,,,,,,1,,,,,,1,,,,,,,,,,,,,,,,,,1,,,,,,,,,,,,1,,,,,,1,,,,,,2,,,,,,,,,,,,,,,,,,,,,,,,,,,,,,,,,,,,2,,,,,,,,,,,,1,,,,,,,,,,,,,,,,,,1,,,,,,,,,,,,1,,,,,,,,,,,,,,,,,,1,,,,,,,,,,,,,,,,,,,,,,,,2,,,,,,,,,,,,,,,,,,,,,,,,2,,,,,,,,,,,,1,,,,,,1,,,,,,,,,,,,1,,,,,,,,,,,,,,,,,,1,,,,,,,,,,,,,,,,,,2,,,,,,1,,,,,,,,,,,,,,,,,,,,,,,,,,,,,,1,,,,,,,,,,,,1,,,,,,,,,,,,1,,,,,,2,,,,,,,,,,,,2,,,,,,,,,,,,,,,,,,,,,,,,,,,,,,1,,,,,,,,,,,,,,,,,,2,,,,,,,,,,,,,,,,,,1,,,,,,,,,,,,56,,,0,,,6,,,,,,,,,,,,,,,,,,4,,,,,,,,,,,,5,,,,,,11,,,,,,6,,,,,,2,,,,,,4,,,,,,14,,,,,,11,,,,,,8,,,,,,12,,,,,,1,,,,,,1,,,,,,,,,,,,85,,,,,1,5,,,,,,4,,,,,,7,,,,,,4,,,,,,4,,,,,,2,,,,,,11,,,,,,19,,,,,,8,,,,,,,,,,,,64,,,0,,,205,,,0,,,107,,,123,,,0,,
22577,22764,2830,1,1655,,,36,,,Bodleian-1655-36-recto,,,14,,,August,,,21,,,August,,,,,,,,,1,,,,,,,,,,,,1,,,,,,,,,,,,1,,,,,,,,,,,,3,,,,,,1,,,,,,1,,,,,,1,,,,,,2,,,,,,1,,,,,,,,,,,,1,,,,,,1,,,,,,,,,,,,1,,,,,,1,,,,,,,,,,,,2,,,,,,1,,,,,,1,,,,,,1,,,,,,,,,,,,1,,,,,,,,,,,,1,,,,,,1,,,,,,2,,,,,,,,,,,,,,,,,,1,,,,,,,,,,,,1,,,,,,,,,,,,,,,,,,2,,,,,,,,,,,,,,,,,,1,,,,,,,,,,,,,,,,,,2,,,,,,,,,,,,1,,,,,,,,,,,,,,,,,,,,,,,,,,,,,,1,,,,,,,,,,,,2,,,,,,,,,,,,,,,,,,,,,,,,1,,,,,,,,,,,,,,,,,,,,,,,,2,,,,,,,,,,,,1,,,,,,,,,,,,,,,,,,,,,,,,,,,,,,1,,,,,,2,,,,,,,,,,,,,,,,,,1,,,,,,,,,,,,3,,,,,,,,,,,,1,,,,,,1,,,,,,,,,,,,1,,,,,,,,,,,,,,,,,,,,,,,,,,,,,,,,,,,,2,,,,,,,,,,,,1,,,,,,,,,,,,,,,,,,,,,,,,1,,,,,,,,,,,,1,,,,,,,,,,,,,,,,,,,,,,,,,,,,,,56,,,0,,,7,,,,,,2,,,,,,2,,,,,,6,,,,,,,,,,,,2,,,,,,11,,,,,,8,,,,,,1,,,,,,4,,,,,,15,,,,,,14,,,,,,8,,,,,,12,,,,,,2,,,,,,,,,,,,,,,,,,94,,,0,,,7,,,,,,1,,,,,,7,,,,,,6,,,,,,3,,,,,,4,,,,,,12,,,,,,20,,,1,,,6,,,,,,,,,,,,66,,,1,,,216,,,1,,,140,,,122,,,1,,
22578,22765,2831,1,1655,,,38,,,Bodleian-1655-38-recto,,,28,,,August,,,4,,,September,,,1,,,,,,1,,,,,,,,,,,,1,,,,,,1,,,,,,2,,,,,,1,,,,,,,,,,,,,,,,,,,,,,,,1,,,,,,1,,,,,,,,,,,,,,,,,,3,,,,,,,,,,,,,,,,,,,,,,,,,,,,,,,,,,,,1,,,,,,,,,,,,,,,,,,4,,,,,,,,,,,,1,,,,,,,,,,,,2,,,,,,,,,,,,,,,,,,1,,,,,,1,,,,,,,,,,,,,,,,,,1,,,,,,,,,,,,3,,,,,,,,,,,,,,,,,,,,,,,,,,,,,,,,,,,,1,,,,,,,,,,,,1,,,,,,,,,,,,,,,,,,,,,,,,1,,,,,,,,,,,,2,,,,,,1,,,,,,,,,,,,,,,,,,,,,,,,,,,,,,,,,,,,,,,,,,1,,,,,,,,,,,,,,,,,,,,,,,,,,,,,,,,,,,,,,,,,,2,,,,,,,,,,,,,,,,,,,,,,,,,,,,,,,,,,,,1,,,,,,,,,,,,,,,,,,1,,,,,,1,,,,,,2,,,,,,1,,,,,,,,,,,,,,,,,,,,,,,,,,,,,,,,,,,,1,,,,,,1,,,,,,1,,,,,,,,,,,,1,,,,,,,,,,,,,,,,,,,,,,,,,,,,,,2,,,,,,,,,,,,2,,,,,,2,,,,,,1,,,,,,52,,,0,,,5,,,,,,,,,,,,,,,,,,7,,,,,,1,,,,,,5,,,,,,11,,,,,,8,,,,,,2,,,,,,4,,,,,,19,,,,,,12,,,,,,13,,,,,,11,,,,,,2,,,,,,,,,,,,,,,,,,100,,,0,,,12,,,,,,2,,,,,,10,,,,,,2,,,,,,3,,,,,,6,,,,,,10,,,,,,11,,,,,,7,,,,,,2,,,,,,65,,,0,,,217,,,0,,,123,,,123,,,0,,
22579,22766,2837,1,1655,,,39,,,Bodleian-1655-39-recto,,,4,,,September,,,11,,,September,,,,,,,,,1,,,,,,,,,,,,,,,,,,,,,,,,1,,,,,,,,,,,,,,,,,,1,,,,,,,,,,,,1,,,,,,,,,,,,,,,,,,,,,,,,2,,,,,,,,,,,,,,,,,,,,,,,,,,,,,,1,,,,,,2,,,,,,,,,,,,,,,,,,,,,,,,2,,,,,,2,,,,,,,,,,,,1,,,,,,,,,,,,,,,,,,,,,,,,2,,,,,,2,,,,,,,,,,,,1,,,,,,2,,,,,,,,,,,,,,,,,,1,,,,,,,,,,,,,,,,,,1,,,,,,3,,,,,,1,,,,,,1,,,,,,,,,,,,,,,,,,,,,,,,,,,,,,,,,,,,3,,,,,,,,,,,,1,,,,,,,,,,,,,,,,,,,,,,,,,,,,,,,,,,,,,,,,,,1,,,,,,,,,,,,,,,,,,,,,,,,,,,,,,1,,,,,,,,,,,,1,,,,,,,,,,,,,,,,,,,,,,,,,,,,,,,,,,,,1,,,,,,1,,,,,,,,,,,,,,,,,,,,,,,,,,,,,,1,,,,,,1,,,,,,,,,,,,,,,,,,1,,,,,,2,,,,,,1,,,,,,,,,,,,1,,,,,,,,,,,,,,,,,,,,,,,,,,,,,,,,,,,,1,,,,,,,,,,,,,,,,,,2,,,,,,,,,,,,47,,,0,,,9,,,,,,1,,,,,,,,,,,,4,,,,,,,,,,,,3,,,,,,14,,,,,,9,,,,,,6,,,,,,2,,,,,,21,,,,,,9,,,,,,15,,,,,,14,,,,,,1,,,,,,,,,,,,,,,,,,108,,,0,,,7,,,,,,,,,,,,9,,,,,,7,,,,,,4,,,,,,2,,,,,,10,,,,,,23,,,,,,6,,,,,,1,,,,,,69,,,0,,,224,,,0,,,162,,,123,,,0,,
22580,22767,2838,1,1655,,,40,,,Bodleian-1655-40-recto,,,11,,,September,,,18,,,September,,,,,,,,,1,,,,,,,,,,,,,,,,,,,,,,,,1,,,,,,1,,,,,,,,,,,,,,,,,,,,,,,,,,,,,,1,,,,,,1,,,,,,,,,,,,,,,,,,,,,,,,,,,,,,,,,,,,,,,,,,,,,,,,,,,,,,,,,,,,1,,,,,,2,,,,,,,,,,,,,,,,,,,,,,,,1,,,,,,,,,,,,,,,,,,,,,,,,1,,,,,,,,,,,,,,,,,,1,,,,,,,,,,,,,,,,,,,,,,,,,,,,,,,,,,,,,,,,,,2,,,,,,1,,,,,,,,,,,,1,,,,,,1,,,,,,,,,,,,,,,,,,,,,,,,,,,,,,,,,,,,,,,,,,,,,,,,,,,,,,1,,,,,,1,,,,,,,,,,,,,,,,,,,,,,,,,,,,,,1,,,,,,,,,,,,,,,,,,,,,,,,,,,,,,1,,,,,,,,,,,,,,,,,,1,,,,,,,,,,,,1,,,,,,,,,,,,,,,,,,,,,,,,1,,,,,,,,,,,,,,,,,,1,,,,,,,,,,,,1,,,,,,,,,,,,,,,,,,,,,,,,,,,,,,1,,,,,,,,,,,,2,,,,,,1,,,,,,,,,,,,,,,,,,,,,,,,1,,,,,,1,,,,,,1,,,,,,1,,,,,,,,,,,,,,,,,,33,,,0,,,9,,,,,,,,,,,,1,,,,,,3,,,,,,,,,,,,5,,,,,,12,,,,,,6,,,,,,1,,,,,,3,,,,,,18,,,,,,17,,,,,,9,,,,,,11,,,,,,1,,,,,,,,,,,,,,,,,,96,,,0,,,4,,,,,,2,,,,,,6,,,,,,5,,,,,,4,,,,,,3,,,,,,16,,,,,,17,,,,,,6,,,,,,4,,,,,,68,,,0,,,197,,,0,,,126,,,123,,,0,,
22581,22768,2839,1,1655,,,41,,,Bodleian-1655-41-recto,,,18,,,September,,,25,,,September,,,1,,,,,,,,,,,,1,,,,,,2,,,,,,,,,,,,,,,,,,,,,,,,,,,,,,,,,,,,2,,,,,,2,,,,,,2,,,,,,2,,,,,,2,,,,,,,,,,,,1,,,,,,,,,,,,,,,,,,1,,,,,,,,,,,,1,,,,,,,,,,,,,,,,,,1,,,,,,,,,,,,,,,,,,,,,,,,,,,,,,1,,,,,,1,,,,,,,,,,,,,,,,,,,,,,,,,,,,,,2,,,,,,1,,,,,,1,,,,,,1,,,,,,,,,,,,,,,,,,,,,,,,3,,,,,,1,,,,,,,,,,,,2,,,,,,,,,,,,2,,,,,,,,,,,,1,,,,,,,,,,,,,,,,,,,,,,,,,,,,,,1,,,,,,,,,,,,,,,,,,,,,,,,,,,,,,3,,,,,,,,,,,,1,,,,,,,,,,,,,,,,,,,,,,,,1,,,,,,1,,,,,,3,,,,,,,,,,,,,,,,,,,,,,,,,,,,,,,,,,,,,,,,,,,,,,,,1,,,,,,,,,,,,,,,,,,,,,,,,,,,,,,1,,,,,,,,,,,,1,,,,,,,,,,,,,,,,,,,,,,,,1,,,,,,,,,,,,,,,,,,,,,,,,,,,,,,,,,,,,,,,,,,,,,,,,,,,,,,,,,,,,1,,,,,,,,,,,,49,,,0,,,11,,,,,,2,,,,,,1,,,,,,6,,,,,,1,,,,,,2,,,,,,14,,,,,,10,,,,,,1,,,,,,2,,,,,,16,,,,,,11,,,,,,9,,,,,,16,,,,,,2,,,,,,,,,,,,,,,,,,104,,,0,,,6,,,,,,,,,,,,9,,,,,,7,,,,,,3,,,,,,6,,,,,,16,,,,,,12,,,,,,5,,,,,,1,,,,,,65,,,0,,,218,,,0,,,148,,,123,,,0,,
22582,22769,2845,1,1655,,,42,,,Bodleian-1655-42-recto,,,25,,,September,,,2,,,October,,,,,,,,,1,,,,,,,,,,,,1,,,,,,,,,,,,,,,,,,,,,,,,1,,,,,,1,,,,,,2,,,,,,,,,,,,1,,,,,,3,,,,,,1,,,,,,1,,,,,,2,,,,,,1,,,,,,,,,,,,,,,,,,,,,,,,1,,,,,,,,,,,,,,,,,,3,,,,,,1,,,,,,,,,,,,,,,,,,2,,,,,,,,,,,,,,,,,,1,,,,,,,,,,,,,,,,,,,,,,,,1,,,,,,,,,,,,1,,,,,,3,,,,,,,,,,,,,,,,,,2,,,,,,,,,,,,1,,,,,,,,,,,,2,,,,,,,,,,,,2,,,,,,1,,,,,,,,,,,,,,,,,,,,,,,,1,,,,,,,,,,,,,,,,,,1,,,,,,1,,,,,,,,,,,,,,,,,,1,,,,,,1,,,,,,2,,,,,,,,,,,,,,,,,,,,,,,,,,,,,,1,,,,,,,,,,,,,,,,,,,,,,,,,,,,,,,,,,,,1,,,,,,2,,,,,,1,,,,,,1,,,,,,,,,,,,1,,,,,,,,,,,,3,,,,,,1,,,,,,,,,,,,,,,,,,1,,,,,,,,,,,,,,,,,,1,,,,,,1,,,,,,,,,,,,,,,,,,,,,,,,3,,,,,,,,,,,,3,,,,,,,,,,,,1,,,,,,,,,,,,,,,,,,64,,,0,,,5,,,,,,,,,,,,,,,,,,4,,,,,,,,,,,,3,,,,,,11,,,,,,5,,,,,,4,,,,,,6,,,,,,20,,,,,,8,,,,,,10,,,,,,10,,,,,,,,,,,,,,,,,,,,,,,,86,,,0,,,8,,,,,,,,,,,,6,,,,,,4,,,,,,3,,,,,,8,,,,,,13,,,,,,15,,,,,,3,,,,,,,,,,,,60,,,0,,,210,,,0,,,155,,,123,,,0,,
22583,22770,2846,1,1655,,,43,,,Bodleian-1655-43-recto,,,2,,,October,,,9,,,October,,,,,,,,,3,,,,,,,,,,,,2,,,,,,,,,,,,,,,,,,1,,,,,,,,,,,,,,,,,,1,,,,,,,,,,,,2,,,,,,,,,,,,2,,,,,,1,,,,,,,,,,,,,,,,,,2,,,,,,,,,,,,2,,,,,,1,,,,,,,,,,,,2,,,,,,,,,,,,,,,,,,,,,,,,,,,,,,2,,,,,,,,,,,,,,,,,,,,,,,,,,,,,,,,,,,,,,,,,,2,,,,,,,,,,,,,,,,,,,,,,,,,,,,,,,,,,,,,,,,,,1,,,,,,,,,,,,,,,,,,1,,,,,,,,,,,,2,,,,,,,,,,,,,,,,,,,,,,,,,,,,,,1,,,,,,,,,,,,1,,,,,,,,,,,,,,,,,,,,,,,,,,,,,,,,,,,,,,,,,,,,,,,,,,,,,,1,,,,,,1,,,,,,,,,,,,,,,,,,,,,,,,,,,,,,2,,,,,,,,,,,,2,,,,,,,,,,,,,,,,,,3,,,,,,2,,,,,,,,,,,,,,,,,,,,,,,,1,,,,,,,,,,,,,,,,,,,,,,,,1,,,,,,,,,,,,2,,,,,,,,,,,,,,,,,,,,,,,,,,,,,,,,,,,,1,,,,,,,,,,,,,,,,,,1,,,,,,2,,,,,,,,,,,,,,,,,,48,,,0,,,13,,,,,,1,,,,,,,,,,,,2,,,,,,1,,,,,,1,,,,,,11,,,,,,8,,,,,,2,,,,,,4,,,,,,20,,,,,,9,,,,,,9,,,,,,9,,,,,,1,,,,,,,,,,,,,,,,,,91,,,0,,,7,,,,,,2,,,,,,8,,,,,,6,,,,,,,,,,,,6,,,,,,12,,,,,,9,,,,,,5,,,,,,,,,,,,55,,,0,,,194,,,0,,,154,,,123,,,0,,
