Omeka Item #,DataScribe Item #,DataScribe Record #,DataScribe Record Position,Year,is_missing,is_illegible,Week,is_missing,is_illegible,Unique ID,is_missing,is_illegible,Start Day,is_missing,is_illegible,Start Month,is_missing,is_illegible,End Day,is_missing,is_illegible,End month,is_missing,is_illegible,St Alban Woodstreet - Buried,is_missing,is_illegible,St Alban Woodstreet - Plague,is_missing,is_illegible,Alhallows Barking - Buried,is_missing,is_illegible,Alhallows Barking - Plague,is_missing,is_illegible,Alhallows Breadstreet - Buried,is_missing,is_illegible,Alhallows Breadstreet - Plague,is_missing,is_illegible,Alhallows Great - Buried,is_missing,is_illegible,Alhallows Great - Plague,is_missing,is_illegible,Alhallows Honylane - Buried,is_missing,is_illegible,Alhallows Honylane - Plague,is_missing,is_illegible,Alhallows Lesse - Buried,is_missing,is_illegible,Alhallows Lesse - Plague,is_missing,is_illegible,Alhallows Lumbardstreet - Buried,is_missing,is_illegible,Alhallows Lumbardstreet - Plague,is_missing,is_illegible,Alhallows Stayning - Buried,is_missing,is_illegible,Alhallows Stayning - Plague,is_missing,is_illegible,Alhallows the Wall - Buried,is_missing,is_illegible,Alhallows the Wall - Plague,is_missing,is_illegible,St Alphage - Buried,is_missing,is_illegible,St Alphage - Plague,is_missing,is_illegible,St Andrew Hubbard - Buried,is_missing,is_illegible,St Andrew Hubbard - Plague,is_missing,is_illegible,St Andrew Undershaft - Buried,is_missing,is_illegible,St Andrew Undershaft - Plague,is_missing,is_illegible,St Andrew Wardrobe - Buried,is_missing,is_illegible,St Andrew Wardrobe - Plague,is_missing,is_illegible,St Ann Aldersgate - Buried,is_missing,is_illegible,St Ann Aldersgate - Plague,is_missing,is_illegible,St Ann Blackfryers - Buried,is_missing,is_illegible,St Ann Blackfryers - Plague,is_missing,is_illegible,St Antholins Parish - Buried,is_missing,is_illegible,St Antholins Parish - Plague,is_missing,is_illegible,St Austins Parish - Buried,is_missing,is_illegible,St Austins Parish - Plague,is_missing,is_illegible,St Bartholomew Exchange - Buried,is_missing,is_illegible,St Bartholomew Exchange - Plague,is_missing,is_illegible,St Bennet Fynck - Buried,is_missing,is_illegible,St Bennet Fynck - Plague,is_missing,is_illegible,St Bennet Gracechurch - Buried,is_missing,is_illegible,St Bennet Gracechurch - Plague,is_missing,is_illegible,St Bennet Paulswharf - Buried,is_missing,is_illegible,St Bennet Paulswharf - Plague,is_missing,is_illegible,St Bennet Sherehog - Buried,is_missing,is_illegible,St Bennet Sherehog - Plague,is_missing,is_illegible,St Botolph Billingsgate - Buried,is_missing,is_illegible,St Botolph Billingsgate - Plague,is_missing,is_illegible,Christ Church - Buried,is_missing,is_illegible,Christ Church - Plague,is_missing,is_illegible,St Christophers - Buried,is_missing,is_illegible,St Christophers - Plague,is_missing,is_illegible,St Clement Eastcheap - Buried,is_missing,is_illegible,St Clement Eastcheap - Plague,is_missing,is_illegible,St Dionis Backchurch - Buried,is_missing,is_illegible,St Dionis Backchurch - Plague,is_missing,is_illegible,St Dunstan East - Buried,is_missing,is_illegible,St Dunstan East - Plague,is_missing,is_illegible,St Edmund Lumbardstr. - Buried,is_missing,is_illegible,St Edmund Lumbardstr. - Plague,is_missing,is_illegible,St Ethelborough - Buried,is_missing,is_illegible,St Ethelborough - Plague,is_missing,is_illegible,St Faith - Buried,is_missing,is_illegible,St Faith - Plague,is_missing,is_illegible,St Foster - Buried,is_missing,is_illegible,St Foster - Plague,is_missing,is_illegible,St Gabriel Fenchurch - Buried,is_missing,is_illegible,St Gabriel Fenchurch - Plague,is_missing,is_illegible,St George Botolphlane - Buried,is_missing,is_illegible,St George Botolphlane - Plague,is_missing,is_illegible,St Gregory by St Pauls - Buried,is_missing,is_illegible,St Gregory by St Pauls - Plague,is_missing,is_illegible,St Hellen - Buried,is_missing,is_illegible,St Hellen - Plague,is_missing,is_illegible,St James Dukes place - Buried,is_missing,is_illegible,St James Dukes place - Plague,is_missing,is_illegible,St James Garlickhithe - Buried,is_missing,is_illegible,St James Garlickhithe - Plague,is_missing,is_illegible,St John Baptist - Buried,is_missing,is_illegible,St John Baptist - Plague,is_missing,is_illegible,St John Evangelist - Buried,is_missing,is_illegible,St John Evangelist - Plague,is_missing,is_illegible,St John Zachary - Buried,is_missing,is_illegible,St John Zachary - Plague,is_missing,is_illegible,St Katharine Coleman - Buried,is_missing,is_illegible,St Katharine Coleman - Plague,is_missing,is_illegible,St Katharine Creechurch - Buried,is_missing,is_illegible,St Katharine Creechurch - Plague,is_missing,is_illegible,St Lawrence Jewry - Buried,is_missing,is_illegible,St Lawrence Jewry - Plague,is_missing,is_illegible,St Lawrence Pountney - Buried,is_missing,is_illegible,St Lawrence Pountney - Plague,is_missing,is_illegible,St Leonard Eastcheap - Buried,is_missing,is_illegible,St Leonard Eastcheap - Plague,is_missing,is_illegible,St Leonard Fosterlane - Buried,is_missing,is_illegible,St Leonard Fosterlane - Plague,is_missing,is_illegible,St Magnus Parish - Buried,is_missing,is_illegible,St Magnus Parish - Plague,is_missing,is_illegible,St Margaret Lothbury - Buried,is_missing,is_illegible,St Margaret Lothbury - Plague,is_missing,is_illegible,St Margaret Moses - Buried,is_missing,is_illegible,St Margaret Moses - Plague,is_missing,is_illegible,St Margaret Newfishstreet - Buried,is_missing,is_illegible,St Margaret Newfishstreet - Plague,is_missing,is_illegible,St Margaret Pattons - Buried,is_missing,is_illegible,St Margaret Pattons - Plague,is_missing,is_illegible,St Mary Abchurch - Buried,is_missing,is_illegible,St Mary Abchurch - Plague,is_missing,is_illegible,St Mary Aldermanbury - Buried,is_missing,is_illegible,St Mary Aldermanbury - Plague,is_missing,is_illegible,St Mary Aldermary - Buried,is_missing,is_illegible,St Mary Aldermary - Plague,is_missing,is_illegible,St Mary le Bow - Buried,is_missing,is_illegible,St Mary le Bow - Plague,is_missing,is_illegible,St Mary Bothaw - Buried,is_missing,is_illegible,St Mary Bothaw - Plague,is_missing,is_illegible,St Mary Colechurch - Buried,is_missing,is_illegible,St Mary Colechurch - Plague,is_missing,is_illegible,St Mary Hill - Buried,is_missing,is_illegible,St Mary Hill - Plague,is_missing,is_illegible,St Mary Mounthaw - Buried,is_missing,is_illegible,St Mary Mounthaw - Plague,is_missing,is_illegible,St Mary Sommerset - Buried,is_missing,is_illegible,St Mary Sommerset - Plague,is_missing,is_illegible,St Mary Stayning - Buried,is_missing,is_illegible,St Mary Stayning - Plague,is_missing,is_illegible,St Mary Woolchurch - Buried,is_missing,is_illegible,St Mary Woolchurch - Plague,is_missing,is_illegible,St Mary Woolnoth - Buried,is_missing,is_illegible,St Mary Woolnoth - Plague,is_missing,is_illegible,St Martin Iremongerlane - Buried,is_missing,is_illegible,St Martin Iremongerlane - Plague,is_missing,is_illegible,St Martin Ludgate - Buried,is_missing,is_illegible,St Martin Ludgate - Plague,is_missing,is_illegible,St Martin Orgars - Buried,is_missing,is_illegible,St Martin Orgars - Plague,is_missing,is_illegible,St Martin Outwich - Buried,is_missing,is_illegible,St Martin Outwich - Plague,is_missing,is_illegible,St Martin Vintrey - Buried,is_missing,is_illegible,St Martin Vintrey - Plague,is_missing,is_illegible,St Matthew Fridaystreet - Buried,is_missing,is_illegible,St Matthew Fridaystreet - Plague,is_missing,is_illegible,St Maudlin Milkstreet - Buried,is_missing,is_illegible,St Maudlin Milkstreet - Plague,is_missing,is_illegible,St Maudlin Oldfishstreet - Buried,is_missing,is_illegible,St Maudlin Oldfishstreet - Plague,is_missing,is_illegible,St Michael Bassishaw - Buried,is_missing,is_illegible,St Michael Bassishaw - Plague,is_missing,is_illegible,St Michael Cornhil - Buried,is_missing,is_illegible,St Michael Cornhil - Plague,is_missing,is_illegible,St Michael Crookedlane - Buried,is_missing,is_illegible,St Michael Crookedlane - Plague,is_missing,is_illegible,St Michael Queenhithe - Buried,is_missing,is_illegible,St Michael Queenhithe - Plague,is_missing,is_illegible,St Michael Quern - Buried,is_missing,is_illegible,St Michael Quern - Plague,is_missing,is_illegible,St Michael Royal - Buried,is_missing,is_illegible,St Michael Royal - Plague,is_missing,is_illegible,St Michael Woodstreet - Buried,is_missing,is_illegible,St Michael Woodstreet - Plague,is_missing,is_illegible,St Mildred Breadstreet - Buried,is_missing,is_illegible,St Mildred Breadstreet - Plague,is_missing,is_illegible,St Mildred Poultrey - Buried,is_missing,is_illegible,St Mildred Poultrey - Plague,is_missing,is_illegible,St Nicholas Acons - Buried,is_missing,is_illegible,St Nicholas Acons - Plague,is_missing,is_illegible,St Nicholas Coleabby - Buried,is_missing,is_illegible,St Nicholas Coleabby - Plague,is_missing,is_illegible,St Nicholas Olaves - Buried,is_missing,is_illegible,St Nicholas Olaves - Plague,is_missing,is_illegible,St Olave Hartstreet - Buried,is_missing,is_illegible,St Olave Hartstreet - Plague,is_missing,is_illegible,St Olave Jewry - Buried,is_missing,is_illegible,St Olave Jewry - Plague,is_missing,is_illegible,St Olave Silverstreet - Buried,is_missing,is_illegible,St Olave Silverstreet - Plague,is_missing,is_illegible,St Pancras Soperlane - Buried,is_missing,is_illegible,St Pancras Soperlane - Plague,is_missing,is_illegible,St Peter Cheap - Buried,is_missing,is_illegible,St Peter Cheap - Plague,is_missing,is_illegible,St Peter Cornhil - Buried,is_missing,is_illegible,St Peter Cornhil - Plague,is_missing,is_illegible,St Peter Paulswharf - Buried,is_missing,is_illegible,St Peter Paulswharf - Plague,is_missing,is_illegible,St Peter Poor - Buried,is_missing,is_illegible,St Peter Poor - Plague,is_missing,is_illegible,St Steven Colemanstreet - Buried,is_missing,is_illegible,St Steven Colemanstreet - Plague,is_missing,is_illegible,St Steven Walbrook - Buried,is_missing,is_illegible,St Steven Walbrook - Plague,is_missing,is_illegible,St Swithin - Buried,is_missing,is_illegible,St Swithin - Plague,is_missing,is_illegible,St Thomas Apostles - Buried,is_missing,is_illegible,St Thomas Apostles - Plague,is_missing,is_illegible,Trinity Parish - Buried,is_missing,is_illegible,Trinity Parish - Plague,is_missing,is_illegible,Christened in the 97 Parishes within the Walls,is_missing,is_illegible,Buried in the 97 Parishes within the Walls,is_missing,is_illegible,Plague in the 97 Parishes within the Walls,is_missing,is_illegible,St Andrew Holborn - Buried,is_missing,is_illegible,St Andrew Holborn - Plague,is_missing,is_illegible,St Bartholomew Great - Buried,is_missing,is_illegible,St Bartholomew Great - Plague,is_missing,is_illegible,St Bartholomew Less - Buried,is_missing,is_illegible,St Bartholomew Less - Plague,is_missing,is_illegible,St Bridget - Buried,is_missing,is_illegible,St Bridget - Plague,is_missing,is_illegible,Bridewel Precinct - Buried,is_missing,is_illegible,Bridewel Precinct - Plague,is_missing,is_illegible,St Botolph Aldersgate - Buried,is_missing,is_illegible,St Botolph Aldersgate - Plague,is_missing,is_illegible,St Botolph Aldgate - Buried,is_missing,is_illegible,St Botolph Aldgate - Plague,is_missing,is_illegible,St Botolph Bishopsgate - Buried,is_missing,is_illegible,St Botolph Bishopsgate - Plague,is_missing,is_illegible,St Dunstan West - Buried,is_missing,is_illegible,St Dunstan West - Plague,is_missing,is_illegible,St George Southwark - Buried,is_missing,is_illegible,St George Southwark - Plague,is_missing,is_illegible,St Giles Cripplegate - Buried,is_missing,is_illegible,St Giles Cripplegate - Plague,is_missing,is_illegible,St Olave Southwark - Buried,is_missing,is_illegible,St Olave Southwark - Plague,is_missing,is_illegible,Saviours Southwark - Buried,is_missing,is_illegible,Saviours Southwark - Plague,is_missing,is_illegible,S Sepulchres Parish - Buried,is_missing,is_illegible,S Sepulchres Parish - Plague,is_missing,is_illegible,St Thomas Southwark - Buried,is_missing,is_illegible,St Thomas Southwark - Plague,is_missing,is_illegible,Trinity Minories - Buried,is_missing,is_illegible,Trinity Minories - Plague,is_missing,is_illegible,Pesthouse Without the Walls - Buried,is_missing,is_illegible,Pesthouse Without the Walls - Plague,is_missing,is_illegible,Christened in the parishes without the Walls,is_missing,is_illegible,Buried in the parishes without the Walls,is_missing,is_illegible,Plague in the parishes without the Walls,is_missing,is_illegible,Christ Church in Surry - Buried,is_missing,is_illegible,Christ Church in Surry - Plague,is_missing,is_illegible,St Giles in the Field - Buried,is_missing,is_illegible,St Giles in the Field - Plague,is_missing,is_illegible,Hackney Parish - Buried,is_missing,is_illegible,Hackney Parish - Plague,is_missing,is_illegible,St James Clerkenwel - Buried,is_missing,is_illegible,St James Clerkenwel - Plague,is_missing,is_illegible,St Katharine Tower - Buried,is_missing,is_illegible,St Katharine Tower - Plague,is_missing,is_illegible,Lambeth Parish - Buried,is_missing,is_illegible,Lambeth Parish - Plague,is_missing,is_illegible,St Leonard Shoreditch - Buried,is_missing,is_illegible,St Leonard Shoreditch - Plague,is_missing,is_illegible,St Magdalen Bermondsey - Buried,is_missing,is_illegible,St Magdalen Bermondsey - Plague,is_missing,is_illegible,St Mary Newington - Buried,is_missing,is_illegible,St Mary Newington - Plague,is_missing,is_illegible,St Mary Islington - Buried,is_missing,is_illegible,St Mary Islington - Plague,is_missing,is_illegible,St Mary Whitechappel - Buried,is_missing,is_illegible,St Mary Whitechappel - Plague,is_missing,is_illegible,St Pauls Shadwel - Buried,is_missing,is_illegible,St Pauls Shadwel - Plague,is_missing,is_illegible,Rothorith Parish - Buried,is_missing,is_illegible,Rothorith Parish - Plague,is_missing,is_illegible,Stepney Parish - Buried,is_missing,is_illegible,Stepney Parish - Plague,is_missing,is_illegible,Christened in the out-Parishes in Middlesex and Surrey,is_missing,is_illegible,Buried in the out-Parishes in Middlesex and Surrey,is_missing,is_illegible,Plague in the out-Parishes in Middlesex and Surrey,is_missing,is_illegible,St Clement Danes - Buried,is_missing,is_illegible,St Clement Danes - Plague,is_missing,is_illegible,St Paul Covent Garden - Buried,is_missing,is_illegible,St Paul Covent Garden - Plague,is_missing,is_illegible,St Martin in the fields - Buried,is_missing,is_illegible,St Martin in the fields - Plague,is_missing,is_illegible,St Mary Savoy - Buried,is_missing,is_illegible,St Mary Savoy - Plague,is_missing,is_illegible,St Margaret Westminster - Buried,is_missing,is_illegible,St Margaret Westminster - Plague,is_missing,is_illegible,Pesthouse in Westminster - Buried,is_missing,is_illegible,Pesthouse in Westminster - Plague,is_missing,is_illegible,Christened in the Parishes and Liberties of Westminster,is_missing,is_illegible,Buried in the Parishes and Liberties of Westminster,is_missing,is_illegible,Plague in the Parishes and Liberties of Westminster,is_missing,is_illegible
27414,29266,3892,1,1673,,,1,,,BL-1673-01-recto,,,16,,,December,,,23,,,December,,,1,,,,,,,,,,,,,,,,,,1,,,,,,,,,,,,,,,,,,,,,,,,,,,,,,,,,,,,2,,,,,,1,,,,,,1,,,,,,2,,,,,,1,,,,,,2,,,,,,,,,,,,1,,,,,,,,,,,,1,,,,,,,,,,,,,,,,,,,,,,,,,,,,,,1,,,,,,4,,,,,,,,,,,,1,,,,,,1,,,,,,1,,,,,,,,,,,,,,,,,,3,,,,,,,,,,,,1,,,,,,2,,,,,,,,,,,,,,,,,,,,,,,,,,,,,,,,,,,,,,,,,,,,,,,,1,,,,,,,,,,,,,,,,,,1,,,,,,,,,,,,1,,,,,,1,,,,,,,,,,,,,,,,,,1,,,,,,3,,,,,,2,,,,,,,,,,,,1,,,,,,,,,,,,,,,,,,1,,,,,,,,,,,,,,,,,,,,,,,,,,,,,,,,,,,,,,,,,,1,,,,,,,,,,,,,,,,,,1,,,,,,,,,,,,,,,,,,,,,,,,,,,,,,,,,,,,,,,,,,,,,,,,,,,,,,,,,,,,1,,,,,,,,,,,,,,,,,,,,,,,,,,,,,,1,,,,,,,,,,,,,,,,,,,,,,,,,,,,,,,,,,,,,,,,,,,,,,,,,,,,,,,,,,,,,,,,,,,,,,,,1,,,,,,,,,,,,26,,,44,,,0,,,19,,,,,,2,,,,,,,,,,,,3,,,,,,,,,,,,4,,,,,,14,,,,,,6,,,,,,3,,,,,,6,,,,,,19,,,,,,14,,,,,,16,,,,,,12,,,,,,,,,,,,,,,,,,,,,,,,80,,,118,,,0,,,3,,,,,,21,,,,,,4,,,,,,3,,,,,,5,,,,,,4,,,,,,6,,,,,,7,,,,,,2,,,,,,2,,,,,,19,,,,,,5,,,,,,3,,,,,,24,,,,,,67,,,108,,,0,,,7,,,,,,2,,,,,,32,,,,,,,,,,,,11,,,,,,,,,,,,50,,,52,,,0,,
27415,29267,3893,1,1673,,,2,,1,BL-1673-02-recto,,,23,,,December,,,30,,,December,,,1,,,,,,3,,,,,,,,,,,,,,,,,,,,,,,,,,,,,,,,,,,,1,,,,,,,,,,,,,,,,,,,,,,,,,,,,,,1,,,,,,,,,,,,1,,,,,,,,,,,,1,,,,,,,,,,,,,,,,,,,,,,,,1,,,,,,,,,,,,1,,,,,,1,,,,,,1,,,,,,1,,,,,,,,,,,,3,,,,,,,,,,,,,,,,,,,,,,,,,,,,,,,,,,,,,,,,,,3,,,,,,1,,,,,,,,,,,,1,,,,,,,,,,,,,,,,,,,,,,,,1,,,,,,,,,,,,,,,,,,,,,,,,,,,,,,,,,,,,1,,,,,,1,,,,,,,,,,,,,,,,,,,,,,,,,,,,,,,,,,,,1,,,,,,,,,,,,,,,,,,,,,,,,1,,,,,,,,,,,,,,,,,,,,,,,,,,,,,,,,,,,,,,,,,,2,,,,,,,,,,,,,,,,,,,,,,,,,,,,,,,,,,,,,,,,,,,,,,,,,,,,,,,,,,,,1,,,,,,,,,,,,,,,,,,,,,,,,,,,,,,,,,,,,,,,,,,,,,,,,1,,,,,,1,,,,,,,,,,,,,,,,,,,,,,,,,,,,,,2,,,,,,,,,,,,1,,,,,,5,,,,,,1,,,,,,,,,,,,1,,,,,,,,,,,,21,,,41,,,0,,,22,,,,,,1,,,,,,,,,,,,5,,,,,,1,,,,,,2,,,,,,14,,,,,,6,,,,,,1,,,,,,3,,,,,,14,,,,,,15,,,,,,11,,,,,,13,,,,,,2,,,,,,1,,,,,,,,,,,,77,,,111,,,0,,,4,,,,,,11,,,,,,1,,,,,,4,,,,,,3,,,,,,3,,,,,,10,,,,,,7,,,,,,,,,,,,1,,,,,,19,,,,,,4,,,,,,,,,,,,16,,,,,,70,,,83,,,0,,,14,,,,,,4,,,,,,16,,,,,,3,,,,,,13,,,,,,,,,,,,44,,,50,,,0,,
27416,29268,3894,1,1673,,,3,,,BL-1673-03-recto,,,30,,,December,,,6,,,January,,,1,,,,,,2,,,,,,,,,,,,,,,,,,,,,,,,,,,,,,1,,,,,,1,,,,,,,,,,,,,,,,,,1,,,,,,2,,,,,,,,,,,,,,,,,,1,,,,,,,,,,,,,,,,,,,,,,,,1,,,,,,,,,,,,1,,,,,,,,,,,,1,,,,,,4,,,,,,,,,,,,,,,,,,,,,,,,1,,,,,,1,,,,,,,,,,,,,,,,,,,,,,,,,,,,,,,,,,,,4,,,,,,1,,,,,,,,,,,,,,,,,,,,,,,,,,,,,,,,,,,,1,,,,,,1,,,,,,,,,,,,2,,,,,,1,,,,,,,,,,,,,,,,,,2,,,,,,,,,,,,,,,,,,,,,,,,,,,,,,1,,,,,,,,,,,,1,,,,,,,,,,,,1,,,,,,,,,,,,,,,,,,,,,,,,1,,,,,,,,,,,,1,,,,,,,,,,,,,,,,,,,,,,,,2,,,,,,,,,,,,,,,,,,,,,,,,,,,,,,,,,,,,,,,,,,1,,,,,,,,,,,,,,,,,,,,,,,,,,,,,,,,,,,,,,,,,,,,,,,,,,,,,,1,,,,,,,,,,,,,,,,,,,,,,,,,,,,,,,,,,,,,,,,,,,,,,,,,,,,,,2,,,,,,,,,,,,,,,,,,,,,,,,1,,,,,,30,,,42,,,0,,,18,,,,,,3,,,,,,1,,,,,,2,,,,,,1,,,,,,1,,,,,,11,,,,,,5,,,,,,2,,,,,,9,,,,,,21,,,,,,15,,,,,,12,,,,,,9,,,,,,1,,,,,,,,,,,,,,,,,,83,,,111,,,0,,,2,,,,,,19,,,,,,1,,,,,,6,,,,,,1,,,,,,2,,,,,,7,,,,,,9,,,,,,2,,,,,,,,,,,,27,,,,,,12,,,,,,,,,,,,22,,,,,,61,,,110,,,0,,,9,,,,,,5,,,,,,37,,,,,,18,,,,,,,,,,,,,,,,,,58,,,69,,,0,,
27444,29269,3895,1,1673,,,4,,,BL-1673-04-recto,,,6,,,January,,,13,,,January,,,2,,,,,,4,,,,,,,,,,,,1,,,,,,,,,,,,,,,,,,,,,,,,,,,,,,1,,,,,,1,,,,,,,,,,,,3,,,,,,,,,,,,2,,,,,,2,,,,,,,,,,,,,,,,,,1,,,,,,,,,,,,,,,,,,,,,,,,,,,,,,,,,,,,1,,,,,,,,,,,,,,,,,,,,,,,,1,,,,,,1,,,,,,,,,,,,,,,,,,1,,,,,,1,,,,,,,,,,,,4,,,,,,1,,,,,,1,,,,,,,,,,,,,,,,,,,,,,,,,,,,,,1,,,,,,1,,,,,,,,,,,,,,,,,,1,,,,,,,,,,,,,,,,,,,,,,,,,,,,,,,,,,,,1,,,,,,3,,,,,,,,,,,,,,,,,,1,,,,,,,,,,,,,,,,,,,,,,,,,,,,,,,,,,,,,,,,,,,,,,,,,,,,,,,,,,,,1,,,,,,,,,,,,,,,,,,,,,,,,1,,,,,,,,,,,,,,,,,,1,,,,,,1,,,,,,1,,,,,,,,,,,,,,,,,,,,,,,,1,,,,,,1,,,,,,,,,,,,,,,,,,,,,,,,,,,,,,,,,,,,,,,,,,1,,,,,,,,,,,,1,,,,,,,,,,,,,,,,,,,,,,,,,,,,,,1,,,,,,,,,,,,1,,,,,,,,,,,,31,,,47,,,0,,,22,,,,,,2,,,,,,,,,,,,9,,,,,,,,,,,,2,,,,,,11,,,,,,1,,,,,,6,,,,,,7,,,,,,27,,,,,,17,,,,,,11,,,,,,19,,,,,,1,,,,,,,,,,,,,,,,,,81,,,135,,,0,,,1,,,,,,29,,,,,,1,,,,,,9,,,,,,4,,,,,,6,,,,,,3,,,,,,6,,,,,,4,,,,,,,,,,,,19,,,,,,4,,,,,,5,,,,,,23,,,,,,83,,,114,,,0,,,10,,,,,,2,,,,,,35,,,,,,2,,,,,,24,,,,,,,,,,,,49,,,73,,,0,,
27445,29270,3896,1,1673,,,5,,,BL-1650-05-recto,,,13,,,January,,,20,,,January,,,2,,,,,,1,,,,,,,,,,,,3,,,,,,,,,,,,1,,,,,,,,,,,,,,,,,,1,,,,,,,,,,,,,,,,,,2,,,,,,,,,,,,,,,,,,1,,,,,,,,,,,,,,,,,,,,,,,,,,,,,,,,,,,,,,,,,,,,,,,,,,,,,,1,,,,,,,,,,,,,,,,,,1,,,,,,1,,,,,,1,,,,,,,,,,,,,,,,,,1,,,,,,,,,,,,,,,,,,2,,,,,,2,,,,,,,,,,,,2,,,,,,1,,,,,,,,,,,,,,,,,,,,,,,,,,,,,,1,,,,,,,,,,,,,,,,,,,,,,,,1,,,,,,2,,,,,,,,,,,,,,,,,,,,,,,,1,,,,,,,,,,,,3,,,,,,,,,,,,,,,,,,,,,,,,1,,,,,,,,,,,,2,,,,,,,,,,,,1,,,,,,,,,,,,,,,,,,,,,,,,,,,,,,,,,,,,1,,,,,,,,,,,,,,,,,,,,,,,,,,,,,,1,,,,,,,,,,,,,,,,,,,,,,,,,,,,,,1,,,,,,,,,,,,,,,,,,,,,,,,,,,,,,,,,,,,,,,,,,1,,,,,,1,,,,,,,,,,,,,,,,,,,,,,,,1,,,,,,,,,,,,1,,,,,,1,,,,,,3,,,,,,2,,,,,,,,,,,,33,,,48,,,0,,,15,,,,,,,,,,,,,,,,,,4,,,,,,2,,,,,,1,,,,,,17,,,,,,5,,,,,,4,,,,,,5,,,,,,22,,,,,,13,,,,,,10,,,,,,15,,,,,,,,1,,,,,,,,,,,,,,,,79,,,133,,,0,,,1,,,,,,28,,,,,,1,,,,,,8,,,,,,4,,,,,,1,,,,,,6,,,,,,7,,,,,,3,,,,,,1,,,,,,14,,,,,,5,,,,,,,,,,,,29,,,,,,70,,,108,,,0,,,7,,,,,,3,,,,,,29,,,,,,1,,,,,,18,,,,,,,,,,,,39,,,58,,,0,,
27446,29271,3897,1,1673,,,6,,,BL-1673-06-recto,,,20,,,January,,,27,,,January,,,,,,,,,1,,,,,,,,,,,,2,,,,,,,,,,,,,,,,,,,,,,,,,,,,,,3,,,,,,,,,,,,,,,,,,3,,,,,,,,,,,,2,,,,,,3,,,,,,,,,,,,,,,,,,1,,,,,,,,,,,,,,,,,,,,,,,,,,,,,,,,,,,,1,,,,,,,,,,,,,,,,,,,,,,,,1,,,,,,1,,,,,,,,,,,,1,,,,,,,,,,,,,,,,,,1,,,,,,2,,,,,,1,,,,,,2,,,,,,1,,,,,,,,,,,,,,,,,,,,,,,,,,,,,,,,,,,,2,,,,,,,,,,,,1,,,,,,2,,,,,,,,,,,,2,,,,,,,,,,,,,,,,,,,,,,,,1,,,,,,1,,,,,,,,,,,,,,,,,,,,,,,,,,,,,,2,,,,,,,,,,,,1,,,,,,,,,,,,,,,,,,1,,,,,,,,,,,,1,,,,,,2,,,,,,,,,,,,,,,,,,,,,,,,,,,,,,1,,,,,,1,,,,,,1,,,,,,,,,,,,,,,,,,,,,,,,,,,,,,,,,,,,,,,,,,,,,,,,,,,,,,,,,,,,,,,,,,2,,,,,,,,,,,,,,,,,,,,,,,,,,,,,,,,,,,,,,,,,,,,,,,,1,,,,,,,,,,,,,,,,,,,,,,,,,,,,,,37,,,48,,,0,,,18,,,,,,3,,,,,,2,,,,,,4,,,,,,1,,,,,,3,,,,,,16,,,,,,9,,,,,,7,,,,,,5,,,,,,23,,,,,,15,,,,,,10,,,,,,14,,,,,,2,,,,,,1,,,,,,,,,,,,85,,,133,,,0,,,3,,,,,,30,,,,,,2,,,,,,9,,,,,,2,,,,,,6,,,,,,4,,,,,,5,,,,,,7,,,,,,,,,,,,18,,,,,,5,,,,,,3,,,,,,22,,,,,,96,,,116,,,0,,,10,,,,,,,,,,,,30,,,,,,2,,,,,,15,,,,,,,,,,,,41,,,57,,,0,,
27447,29272,3898,1,1673,,,7,,,BL-1673-07-recto,,,27,,,January,,,3,,,February,,,1,,,,,,2,,,,,,,,,,,,1,,,,,,,,,,,,,,,,,,,,,,,,1,,,,,,2,,,,,,,,,,,,,,,,,,4,,,,,,,,,,,,,,,,,,3,,,,,,1,,,,,,,,,,,,1,,,,,,,,,,,,,,,,,,3,,,,,,1,,,,,,,,,,,,1,,,,,,1,,,,,,,,,,,,,,,,,,,,,,,,,,,,,,1,,,,,,,,,,,,1,,,,,,,,,,,,,,,,,,2,,,,,,2,,,,,,,,,,,,,,,,,,,,,,,,,,,,,,,,,,,,3,,,,,,1,,,,,,3,,,,,,1,,,,,,,,,,,,,,,,,,1,,,,,,2,,,,,,,,,,,,,,,,,,,,,,,,,,,,,,1,,,,,,,,,,,,,,,,,,,,,,,,,,,,,,,,,,,,,,,,,,,,,,,,,,,,,,,,,,,,,,,,,,,,,,,,1,,,,,,,,,,,,,,,,,,2,,,,,,,,,,,,,,,,,,,,,,,,,,,,,,,,,,,,,,,,,,3,,,,,,,,,,,,,,,,,,,,,,,,,,,,,,,,,,,,,,,,,,,,,,,,,,,,,,1,,,,,,,,,,,,1,,,,,,,,,,,,,,,,,,1,,,,,,,,,,,,1,,,,,,2,,,,,,,,,,,,1,,,,,,,,,,,,,,,,,,31,,,53,,,0,,,24,,,,,,1,,,,,,2,,,,,,2,,,,,,,,,,,,,,1,,,,12,,,,,,8,,,,,,3,,,,,,7,,,,,,34,,,,,,15,,,,,,17,,,,,,16,,,,,,,,,,,,,,,,,,,,,,,,80,,,141,,,0,,,1,,,,,,35,,,,,,1,,,,,,8,,,,,,1,,,,,,8,,,,,,7,,,,,,13,,,,,,7,,,,,,2,,,,,,19,,,,,,7,,,,,,,,,,,,40,,,,,,74,,,149,,,0,,,7,,,,,,9,,,,,,42,,,,,,2,,,,,,15,,,,,,,,,,,,49,,,75,,,0,,
27448,29273,3899,1,1673,,,8,,,BL-1673-08-recto,,,3,,,February,,,10,,,February,,,,,,,,,1,,,,,,1,,,,,,1,,,,,,,,,,,,,,,,,,1,,,,,,2,,,,,,1,,,,,,1,,,,,,,,,,,,,,,,,,,,,,,,1,,,,,,3,,,,,,,,,,,,,,,,,,2,,,,,,1,,,,,,,,,,,,,,,,,,,,,,,,1,,,,,,3,,,,,,,,,,,,,,,,,,1,,,,,,1,,,,,,,,,,,,2,,,,,,,,,,,,1,,,,,,,,,,,,1,,,,,,,,,,,,,,,,,,,,,,,,1,,,,,,1,,,,,,,,,,,,,,,,,,2,,,,,,1,,,,,,1,,,,,,,,,,,,,,,,,,,,,,,,,,,,,,2,,,,,,,,,,,,,,,,,,,,,,,,,,,,,,,,,,,,,,,,,,1,,,,,,,,,,,,,,,,,,,,,,,,,,,,,,2,,,,,,1,,,,,,,,,,,,1,,,,,,,,,,,,1,,,,,,,,,,,,,,,,,,,,,,,,2,,,,,,,,,,,,,,,,,,,,,,,,,,,,,,1,,,,,,,,,,,,,,,,,,,,,,,,,,,,,,2,,,,,,,,,,,,,,,,,,,,,,,,,,,,,,,,,,,,2,,,,,,,,,,,,,,,,,,,,,,,,,,,,,,,,,,,,2,,,,,,,,,,,,2,,,,,,1,,,,,,1,,,,,,,,,,,,35,,,52,,,0,,,23,,,,,,1,,,,,,3,,,,,,7,,,,,,,,,,,,4,,,,,,19,,,,,,8,,,,,,6,,,,,,6,,,,,,27,,,,,,21,,,,,,9,,,,,,15,,,,,,1,,,,,,,,,,,,,,,,,,80,,,150,,,0,,,2,,,,,,40,,,,,,1,,,,,,14,,,,,,3,,,,,,5,,,,,,15,,,,,,7,,,,,,6,,,,,,,,,,,,13,,,,,,3,,,,,,5,,,,,,30,,,,,,110,,,114,,,0,,,11,,,,,,1,,,,,,46,,,,,,1,,,,,,25,,,,,,,,,,,,41,,,84,,,0,,
27449,29274,3900,1,1673,,,9,,,BL-1673-09-recto,,,10,,,February,,,17,,,February,,,5,,,,,,6,,,,,,1,,,,,,1,,,,,,,,,,,,,,,,,,1,,,,,,1,,,,,,1,,,,,,1,,,,,,3,,,,,,3,,,,,,5,,,,,,3,,,,,,2,,,,,,,,,,,,1,,,,,,,,,,,,,,,,,,,,,,,,,,,,,,,,,,,,,,,,,,2,,,,,,1,,,,,,,,,,,,1,,,,,,4,,,,,,,,,,,,,,,,,,,,,,,,,,,,,,,,,,,,,,,,,,1,,,,,,,,,,,,,,,,,,,,,,,,,,,,,,,,,,,,,,,,,,,,,,,,3,,,,,,4,,,,,,,,,,,,3,,,,,,1,,,,,,,,,,,,1,,,,,,,,,,,,,,,,,,1,,,,,,4,,,,,,2,,,,,,1,,,,,,1,,,,,,,,,,,,,,,,,,,,,,,,1,,,,,,1,,,,,,2,,,,,,,,,,,,1,,,,,,,,,,,,3,,,,,,1,,,,,,,,,,,,1,,,,,,,,,,,,,,,,,,,,,,,,,,,,,,3,,,,,,,,,,,,2,,,,,,,,,,,,,,,,,,1,,,,,,1,,,,,,,,,,,,,,,,,,,,,,,,,,,,,,4,,,,,,,,,,,,1,,,,,,1,,,,,,,,,,,,,,,,,,,,,,,,,,,,,,5,,,,,,,,,,,,1,,,,,,1,,,,,,,,,,,,29,,,94,,,0,,,30,,,,,,1,,,,,,4,,,,,,10,,,,,,,,,,,,5,,,,,,26,,,,,,8,,,,,,13,,,,,,7,,,,,,33,,,,,,10,,,,,,17,,,,,,12,,,,,,1,,,,,,,,,,,,,,,,,,68,,,177,,,0,,,2,,,,,,43,,,,,,,,,,,,8,,,,,,1,,,,,,3,,,,,,7,,,,,,8,,,,,,10,,,,,,2,,,,,,18,,,,,,13,,,,,,,,,,,,34,,,,,,87,,,149,,,0,,,21,,,,,,5,,,,,,62,,,,,,2,,,,,,27,,,,,,,,,,,,57,,,117,,,0,,
27450,29275,3902,1,1673,,,10,,,BL-1673-10-recto,,,17,,,February,,,24,,,February,,,,,,,,,4,,,,,,,,,,,,3,,,,,,,,,,,,1,,,,,,1,,,,,,1,,,,,,2,,,,,,1,,,,,,1,,,,,,5,,,,,,,,,,,,2,,,,,,1,,,,,,,,,,,,,,,,,,1,,,,,,1,,,,,,,,,,,,1,,,,,,,,,,,,2,,,,,,4,,,,,,,,,,,,,,,,,,,,,,,,3,,1,,,,2,,,,,,,,,,,,,,,,,,2,,,,,,,,,,,,,,,,,,3,,,,,,,,,,,,,,,,,,,,,,,,1,,,,,,,,,,,,2,,,,,,,,,,,,3,,,,,,1,,,,,,3,,,,,,2,,,,,,1,,,,,,2,,,,,,1,,,,,,,,,,,,,,,,,,,,,,,,,,,,,,,,,,,,1,,,,,,,,,,,,,,,,,,,,,,,,,,,,,,,,,,,,,,,,,,,,,,,,,,,,,,,,,,,,,,,,,,1,,,,,,1,,,,,,1,,,,,,,,,,,,,,,,,,,,,,,,1,,,,,,1,,,,,,1,,,,,,,,,,,,1,,,,,,,,,,,,,,,,,,1,,,,,,,,,,,,,,,,,,,,,,,,1,,,,,,,,,,,,,,,,,,,,,,,,,,,,,,1,,,,,,,,,,,,2,,,,,,1,,,,,,2,,,,,,4,,,,,,,,,,,,,,,,,,1,,,,,,,,,,,,35,,,77,,,0,,,29,,,,,,1,,,,,,1,,,,,,10,,,,,,1,,,,,,3,,,,,,22,,,,,,6,,,,,,11,,,,,,8,,,,,,15,,,,,,19,,,,,,18,,,,,,20,,,,,,1,,,,,,1,,,,,,,,,,,,83,,,169,,,0,,,3,,,,,,44,,,,,,4,,,,,,7,,,,,,6,,,,,,4,,,,,,8,,,,,,10,,,,,,5,,,,,,5,,,,,,16,,,,,,10,,,,,,3,,,,,,32,,,,,,83,,,157,,,0,,,15,,,,,,5,,,,,,63,,,,,,3,,,,,,21,,,,,,,,,,,,54,,,107,,,0,,
27451,29276,3903,1,1673,,,11,,,BL-1673-11-recto,,,24,,,February,,,3,,,March,,,5,,,,,,,,,,,,2,,,,,,1,,,,,,,,,,,,,,,,,,,,,,,,1,,,,,,,,,,,,1,,,,,,,,,,,,,,,,,,,,,,,,,,,,,,3,,,,,,1,,,,,,,,,,,,,,,,,,,,,,,,,,,,,,1,,,,,,,,,,,,,,,,,,1,,,,,,1,,,,,,1,,,,,,3,,,,,,1,,,,,,,,,,,,,,,,,,1,,,,,,5,,,,,,1,,,1,,,,,,,,,1,,,,,,,,,,,,,,,,,,,,,,,,2,,,,,,,,,,,,2,,,,,,,,,,,,3,,,,,,1,,,,,,3,,,,,,,,,,,,,,,,,,1,,,,,,2,,,,,,,,,,,,,,,,,,,,,,,,3,,,,,,,,,,,,,,,,,,1,,,,,,,,,,,,,,,,,,2,,,,,,,,,,,,3,,,,,,2,,,,,,,,,,,,,,,,,,,,,,,,1,,,,,,,,,,,,1,,,,,,,,,,,,1,,,,,,,,,,,,1,,,,,,2,,,,,,3,,,,,,1,,,,,,1,,,,,,,,,,,,,,,,,,1,,,,,,,,,,,,,,,,,,,,,,,,1,,,,,,,,,,,,1,,,,,,,,,,,,,,,,,,1,,,,,,,,,,,,,,,,,,,,,,,,1,,,,,,4,,,,,,1,,,,,,,,,,,,,,,,,,,,,,,,43,,,76,,,0,,,32,,,,,,,,,,,,1,,,,,,19,,,,,,1,,,,,,6,,,,,,14,,,,,,7,,,,,,8,,,,,,9,,,,,,40,,,,,,26,,,,,,17,,,,,,19,,,,,,2,,,,,,,,,,,,72,,,,,,72,,,201,,,0,,,2,,,,,,36,,,,,,2,,,,,,11,,,,,,2,,,,,,4,,,,,,10,,,,,,8,,,,,,3,,,,,,2,,,,,,13,,,,,,13,,,,,,2,,,,,,40,,,,,,83,,,148,,,0,,,21,,,,,,4,,,,,,68,,,,,,2,,,,,,27,,,,,,,,,,,,48,,,122,,,0,,
27452,29277,3904,1,1673,,,12,,,BL-1673-12-recto,,,3,,,March,,,10,,,March,,,2,,,,,,5,,,,,,1,,,,,,,,,,,,,,,,,,1,,,,,,,,,,,,1,,,,,,3,,,,,,2,,,,,,1,,,,,,,,,,,,1,,,,,,4,,,,,,4,,,,,,,,,,,,,,,,,,,,,,,,,,,,,,1,,,,,,4,,,,,,,,,,,,,,,,,,6,,,,,,,,,,,,,,,,,,1,,,,,,5,,,,,,,,,,,,1,,,,,,,,,,,,4,,,,,,,,,,,,,,,,,,,,,,,,,,,,,,,,,,,,1,,,,,,1,,,,,,3,,,,,,,,,,,,,,,,,,,,,,,,,,,,,,,,,,,,2,,,,,,3,,,,,,2,,,,,,,,,,,,,,,,,,,,,,,,3,,,,,,,,,,,,,,,,,,,,,,,,2,,,,,,,,,,,,,,,,,,2,,,,,,,,,,,,2,,,,,,,,,,,,,,,,,,2,,,,,,1,,,,,,2,,,,,,1,,,,,,1,,,,,,,,,,,,1,,,,,,,,,,,,,,,,,,1,,,,,,2,,,,,,,,,,,,3,,,,,,,,,,,,1,,,,,,1,,,,,,2,,,,,,,,,,,,,,,,,,,,,,,,,,,,,,,,,,,,1,,,,,,3,,,,,,1,,,,,,,,,,,,1,,,,,,,,,,,,,,,,,,4,,,,,,1,,,,,,2,,,,,,1,,,,,,,,,,,,34,,,100,,,0,,,32,,,,,,1,,,,,,2,,,,,,11,,,,,,2,,,,,,9,,,,,,28,,,,,,16,,,,,,11,,,,,,12,,,,,,50,,,,,,28,,,,,,15,,,,,,27,,,,,,3,,,,,,,,,,,,,,,,,,79,,,247,,,0,,,3,,,,,,2,,,,,,64,,,,,,8,,,,,,2,,,,,,3,,,,,,19,,,,,,13,,,,,,5,,,,,,2,,,,,,26,,,,,,9,,,,,,4,,,,,,39,,,,,,79,,,199,,,0,,,16,,,,,,8,,,,,,80,,,,,,3,,,,,,35,,,,,,,,,,,,52,,,142,,,0,,
27453,29278,3905,1,1673,,,13,,,BL-1673-13-recto,,,10,,,March,,,17,,,March,,,1,,,,,,3,,,,,,,,,,,,3,,,,,,,,,,,,2,,,,,,1,,,,,,1,,,,,,2,,,,,,,,,,,,1,,,,,,5,,,,,,3,,,,,,2,,,,,,4,,,,,,,,,,,,,,,,,,1,,,,,,,,,,,,1,,,,,,1,,,,,,,,,,,,,,,,,,3,,,,,,2,,,,,,,,,,,,1,,,,,,2,,,,,,1,,,,,,,,,,,,1,,,,,,2,,,,,,,,,,,,,,,,,,2,,,,,,1,,,,,,,,,,,,1,,,,,,1,,,,,,,,,,,,1,,,,,,,,,,,,4,,,,,,2,,,,,,,,,,,,,,,,,,2,,,,,,1,,,,,,2,,,,,,,,,,,,,,,,,,1,,,,,,1,,,,,,,,,,,,,,,,,,,,,,,,,,,,,,1,,,,,,,,,,,,,,,,,,3,,,,,,1,,,,,,1,,,,,,3,,,,,,1,,,,,,,,,,,,1,,,,,,,,,,,,2,,,,,,1,,,,,,,,,,,,,,,,,,1,,,,,,1,,,,,,1,,,,,,1,,,,,,,,,,,,2,,,,,,,,,,,,,,,,,,1,,,,,,,,,,,,,,,,,,,,,,,,1,,,,,,,,,,,,2,,,,,,1,,,,,,,,,,,,,,,,,,,,,,,,2,,,,,,3,,,,,,,,,,,,,,,,,,2,,,,,,,,,,,,45,,,94,,,0,,,27,,,,,,2,,,,,,,,,,,,14,,,,,,,,,,,,9,,,,,,21,,,,,,16,,,,,,15,,,,,,10,,,,,,51,,,,,,26,,,,,,17,,,,,,17,,,,,,3,,,,,,,,,,,,,,,,,,79,,,238,,,0,,,3,,,,,,44,,,,,,2,,,,,,14,,,,,,4,,,,,,9,,,,,,19,,,,,,10,,,,,,5,,,,,,2,,,,,,35,,,,,,12,,,,,,5,,,,,,45,,,,,,94,,,209,,,0,,,21,,,,,,6,,,,,,86,,,,,,6,,,,,,35,,,,,,,,,,,,61,,,154,,,0,,
27480,29279,3906,1,1673,,,14,,,BL-1673-14-recto,,,17,,,March,,,24,,,March,,,,,,,,,4,,,,,,1,,,,,,,,,,,,,,,,,,,,,,,,,,,,,,,,,,,,,,,,,,,,,,,,,,,,,,4,,,,,,4,,,,,,2,,,,,,2,,,,,,1,,,,,,,,,,,,,,,,,,,,,,,,,,,,,,,,,,,,,,,,,,2,,,,,,6,,,,,,,,,,,,1,,,,,,,,,,,,1,,,,,,1,,,,,,,,,,,,1,,,,,,,,,,,,1,,,,,,,,,,,,3,,,,,,1,,,,,,3,,,,,,1,,,,,,,,,,,,,,,,,,,,,,,,1,,,,,,3,,,,,,1,,,,,,1,,,,,,,,,,,,1,,,,,,1,,,,,,,,,,,,,,,,,,,,,,,,2,,,,,,,,,,,,2,,,,,,1,,,,,,1,,,,,,1,,,,,,,,,,,,,,,,,,,,,,,,,,,,,,,,,,,,,,,,,,3,,,,,,,,,,,,,,,,,,,,,,,,,,,,,,,,,,,,1,,,,,,,,,,,,1,,,,,,,,,,,,1,,,,,,1,,,,,,2,,,,,,,,,,,,,,,,,,,,,,,,,,,,,,2,,,,,,,,,,,,,,,,,,,,,,,,2,,,,,,,,,,,,3,,,,,,,,,,,,,,,,,,,,,,,,,,,,,,1,,,,,,1,,,,,,,,,,,,1,,,,,,,,,,,,,,,,,,34,,,73,,,0,,,22,,,,,,3,,,,,,2,,,,,,12,,,,,,,,,,,,9,,,,,,18,,,,,,13,,,,,,14,,,,,,4,,,,,,45,,,,,,23,,,,,,13,,,,,,23,,,,,,2,,,,,,,,,,,,,,,,,,76,,,203,,,0,,,3,,,,,,46,,,,,,3,,,,,,9,,,,,,5,,,,,,6,,,,,,11,,,,,,12,,,,,,3,,,,,,2,,,,,,27,,,,,,6,,,,,,,,,,,,31,,,,,,81,,,164,,,0,,,14,,,,,,13,,,,,,64,,,,,,3,,,,,,34,,,,,,,,,,,,56,,,128,,,0,,
27481,29280,3907,1,1674,,,15,,,BL-1674-15-recto,,,24,,,March,,,31,,,March,,,2,,,,,,3,,,,,,,,,,,,2,,,,,,,,,,,,,,,,,,1,,,,,,,,,,,,,,,,,,,,,,,,,,,,,,,,,,,,,,,,,,3,,,,,,2,,,,,,1,,,,,,1,,,,,,2,,,,,,,,,,,,,,,,,,2,,,,,,,,,,,,,,,,,,1,,,,,,,,,,,,,,,,,,2,,,,,,2,,,,,,,,,,,,1,,,,,,,,,,,,,,,,,,1,,,,,,,,,,,,3,,,,,,1,,,,,,3,,,,,,,,,,,,,,,,,,,,,,,,,,,,,,2,,,,,,5,,,,,,,,,,,,3,,,,,,1,,1,,,,,,,,,,1,,,,,,5,,,,,,,,,,,,,,,,,,,,,,,,2,,,,,,1,,,,,,,,,,,,1,,,,,,,,,,,,1,,,,,,,,,,,,,,,,,,,,,,,,1,,,,,,1,,,,,,2,,,,,,,,,,,,1,,,,,,3,,,,,,,,,,,,,,,,,,,,,,,,,,,,,,,,,,,,,,,,,,,,,,,,1,,,,,,3,,,,,,,,,,,,,,,,,,,,,,,,,,,,,,,,,,,,1,,,,,,1,,,,,,,,,,,,2,,,,,,2,,,,,,1,,,,,,,,,,,,,,,,,,1,,,,,,,,,,,,,,,,,,6,,,,,,3,,,,,,,,,,,,3,,,,,,,,,,,,35,,,87,,,0,,,32,,,,,,2,,,,,,3,,,,,,16,,,,,,1,,,,,,6,,,,,,20,,,,,,8,,,,,,13,,,,,,9,,,,,,49,,,,,,22,,,,,,18,,,,,,23,,,,,,2,,,,,,,,,,,,,,,,,,68,,,224,,,0,,,6,,,,,,37,,,,,,,,,,,,13,,,,,,4,,,,,,5,,,,,,16,,,,,,12,,,,,,6,,,,,,4,,,,,,24,,,,,,15,,,,,,3,,,,,,35,,,,,,88,,,180,,,0,,,23,,,,,,11,,,,,,66,,,,,,3,,,,,,28,,,,,,,,,,,,52,,,131,,,0,,
27482,29281,3908,1,1674,,,16,,,BL-1674-16-recto,,,31,,,March,,,7,,,April,,,1,,,,,,1,,,,,,1,,,,,,2,,,,,,,,,,,,,,,,,,1,,,,,,2,,,,,,5,,,,,,2,,,,,,,,,,,,1,,,,,,2,,,,,,,,,,,,3,,,,,,1,,,,,,,,,,,,,,,,,,,,,,,,1,,,,,,,,,,,,1,,,,,,,,,,,,2,,,,,,,,,,,,1,,,,,,,,,,,,3,,,,,,,,,,,,2,,,,,,1,,,,,,,,,,,,,,,,,,,,,,,,1,,,,,,,,,,,,,,,,,,,,,,,,1,,,,,,,,,,,,1,,,,,,1,,,,,,2,,,,,,,,,,,,,,,,,,3,,,,,,,,,,,,,,,,,,,,,,,,,,,,,,,,,,,,,,,,,,,,,,,,,,,,,,1,,,,,,1,,,,,,,,,,,,,,,,,,,,,,,,1,,,,,,1,,,,,,,,,,,,1,,,,,,2,,,,,,,,,,,,2,,,,,,1,,,,,,,,,,,,,,,,,,,,,,,,,,,,,,,,,,,,1,,,,,,,,,,,,,,,,,,1,,,,,,,,,,,,,,,,,,,,,,,,,,,,,,2,,,,,,1,,,,,,1,,,,,,,,,,,,2,,,,,,,,,,,,,,,,,,,,,,,,,,,,,,1,,,,,,,,,,,,1,,,,,,2,,,,,,,,,,,,1,,,,,,,,,,,,,,,,,,31,,,64,,,0,,,25,,,,,,1,,,,,,,,,,,,12,,,,,,1,,,,,,8,,,,,,28,,,,,,15,,,,,,8,,,,,,7,,,,,,39,,,,,,17,,,,,,13,,,,,,12,,,,,,6,,,,,,,,,,,,,,,,,,74,,,192,,,0,,,4,,,,,,46,,,,,,2,,,,,,9,,,,,,4,,,,,,8,,,,,,9,,,,,,7,,,,,,2,,,,,,4,,,,,,22,,,,,,9,,,,,,4,,,,,,35,,,,,,98,,,165,,,0,,,14,,,,,,7,,,,,,65,,,,,,6,,,,,,34,,,,,,,,,,,,42,,,126,,,0,,
27483,29282,3909,1,1674,,,17,,,BL-1674-17-recto,,,7,,,April,,,14,,,April,,,,,,,,,7,,,,,,,,,,,,,,,,,,,,,,,,,,,,,,,,,,,,1,,,,,,1,,,,,,,,,,,,,,,,,,1,,,,,,,,,,,,2,,,,,,5,,,,,,,,,,,,,,,,,,,,,,,,,,,,,,,,,,,,,,,,,,,,,,,,1,,,,,,3,,,,,,,,,,,,1,,,,,,1,,,,,,4,,,,,,,,,,,,,,,,,,2,,,,,,,,,,,,,,,,,,,,,,,,,,,,,,,,,,,,1,,,,,,2,,,,,,,,,,,,,,,,,,1,,,,,,2,,,,,,2,,,,,,3,,,,,,,,,,,,,,,,,,1,,,,,,3,,,,,,2,,,,,,,,,,,,,,,,,,1,,,,,,2,,,,,,,,,,,,,,,,,,1,,,,,,,,,,,,1,,,,,,2,,,,,,,,,,,,,,,,,,,,,,,,,,,,,,,,,,,,,,,,,,,,,,,,,,,,,,,,,,,,2,,,,,,,,,,,,,,,,,,1,,,,,,2,,,,,,3,,,,,,1,,,,,,3,,,,,,,,,,,,,,,,,,,,,,,,,,,,,,,,,,,,,,,,,,,,,,,,1,,,,,,,,,,,,,,,,,,,,,,,,,,,,,,,,,,,,2,,,,,,,,,,,,,,,,,,6,,,,,,,,,,,,,,,,,,,,,,,,,,,,,,21,,,74,,,0,,,27,,,,,,,,,,,,1,,,,,,7,,,,,,1,,,,,,8,,,,,,27,,,,,,7,,,,,,10,,,,,,8,,,,,,36,,,,,,17,,,,,,13,,,,,,19,,,,,,4,,,,,,1,,,,,,,,,,,,87,,,186,,,0,,,8,,,,,,29,,,,,,1,,,,,,12,,,,,,4,,,,,,2,,,,,,14,,,,,,11,,,,,,6,,,,,,3,,,,,,24,,,,,,8,,,,,,,,,,,,47,,,,,,71,,,169,,,0,,,11,,,,,,2,,,,,,68,,,,,,3,,,,,,22,,,,,,,,,,,,45,,,106,,,0,,
27484,29283,3910,1,1674,,,18,,,BL-1674-18-recto,,,14,,,April,,,21,,,April,,,1,,,,,,3,,,,,,1,,,,,,2,,,,,,,,,,,,,,,,,,1,,,,,,,,,,,,,,,,,,,,,,,,,,,,,,3,,,,,,,,,,,,,,,,,,1,,,,,,,,,,,,,,,,,,,,,,,,,,,,,,,,,,,,,,,,,,,,,,,,,,,,,,,,,,,,,,,,,,,,,,,,1,,,,,,1,,,,,,,,,,,,2,,,,,,,,,,,,1,,,,,,1,,,,,,,,,,,,1,,,,,,1,,,,,,,,,,,,1,,,,,,,,,,,,,,,,,,,,,,,,1,,,,,,6,,,,,,,,,,,,,,,,,,,,,,,,1,,,,,,2,,,,,,,,,,,,,,,,,,,,,,,,,,,,,,1,,,,,,,,,,,,,,,,,,,,,,,,,,,,,,,,,,,,,,,,,,,,,,,,,,,,,,,,,,,,,,,,,,1,,,,,,,,,,,,2,,,,,,2,,,,,,1,,,,,,,,,,,,,,,,,,,,,,,,,,,,,,,,,,,,2,,,,,,1,,,,,,2,,,,,,1,,,,,,,,,,,,,,,,,,1,,,,,,1,,,,,,,,,,,,,,,,,,1,,,,,,2,,,,,,,,,,,,1,,,,,,,,,,,,,,,,,,3,,,,,,,,,,,,,,,,,,1,,,,,,1,,,,,,1,,,,,,1,,,,,,,,,,,,20,,,58,,,0,,,35,,,,,,2,,,,,,,,,,,,11,,,,,,,,,,,,7,,,,,,18,,,,,,13,,,,,,3,,,,,,10,,,,,,34,,,,,,24,,,,,,15,,,,,,22,,,,,,3,,,,,,,,,,,,,,,,,,68,,,197,,,0,,,6,,,,,,23,,,,,,2,,,,,,12,,,,,,1,,,,,,9,,,,,,18,,,,,,8,,,,,,4,,,,,,3,,,,,,28,,,,,,13,,,,,,2,,,,,,40,,,,,,71,,,169,,,0,,,13,,,,,,3,,,,,,38,,,,,,4,,,,,,35,,,,,,,,,,,,34,,,93,,,0,,
27485,29284,3911,1,1674,,,19,,,BL-1674-19-recto,,,21,,,April,,,28,,,April,,,1,,,,,,2,,,,,,1,,,,,,,,,,,,,,,,,,,,,,,,,,,,,,,,,,,,,,,,,,1,,,,,,,,,,,,,,,,,,1,,,,,,1,,,,,,3,,,,,,1,,,,,,1,,,,,,1,,,,,,,,,,,,,,,,,,1,,,,,,,,,,,,1,,,,,,2,,,,,,,,,,,,,,,,,,,,,,,,,,,,,,,,,,,,,,,,,,,,,,,,,,,,,,,,,,,,1,,,,,,2,,,,,,2,,,,,,3,,,,,,,,,,,,,,,,,,,,,,,,,,,,,,3,,,,,,3,,,,,,2,,,,,,,,,,,,,,,,,,,,,,,,,,,,,,1,,,,,,,,,,,,,,,,,,,,,,,,2,,,,,,,,,,,,,,,,,,,,,,,,,,,,,,,,,,,,,,,,,,,,,,,,2,,,,,,,,,,,,,,,,,,,,,,,,,,,,,,1,,,,,,,,,,,,,,,,,,,,,,,,2,,,,,,,,,,,,3,,,,,,,,,,,,,,,,,,,,,,,,1,,,,,,,,,,,,,,,,,,,,,,,,,,,,,,,,,,,,,,,,,,1,,,,,,1,,,,,,,,,,,,2,,,,,,,,,,,,,,,,,,,,,,,,1,,,,,,,,,,,,,,,,,,,,,,,,,,,,,,1,,,,,,2,,,,,,,,,,,,38,,,53,,,0,,,23,,,,,,2,,,,,,2,,,,,,12,,,,,,,,,,,,5,,,,,,24,,,,,,17,,,,,,11,,,,,,8,,,,,,31,,,,,,18,,,,,,21,,,,,,25,,,,,,4,,,,,,1,,,,,,,,,,,,90,,,204,,,0,,,5,,,,,,35,,,,,,1,,,,,,14,,,,,,3,,,,,,9,,,,,,12,,,,,,13,,,,,,5,,,,,,2,,,,,,19,,,,,,5,,,,,,4,,,,,,35,,,,,,84,,,162,,,0,,,11,,,,,,4,,,,,,50,,,,,,1,,,,,,35,,,,,,,,,,,,37,,,101,,,0,,
27486,29285,3912,1,1674,,,20,,,BL-1674-20-recto,,,8,,,April,,,5,,,May,,,,,,,,,3,,,,,,1,,,,,,,,,,,,,,,,,,,,,,,,,,,,,,2,,,,,,,,,,,,2,,,,,,,,,,,,,,,,,,2,,,,,,,,,,,,1,,,,,,,,,,,,1,,,,,,,,,,,,,,,,,,,,,,,,1,,,,,,,,,,,,,,,,,,,,,,,,,,,,,,,,,,,,,,,,,,,,,,,,,,,,,,,,,,,,2,,,,,,,,,,,,,,,,,,1,,,,,,2,,,,,,1,,,,,,,,,,,,,,,,,,,,,,,,,,,,,,,,,,,,,,,,,,3,,,,,,,,,,,,1,,,,,,2,,,,,,,,,,,,,,,,,,1,,,,,,,,,,,,,,,,,,,,,,,,,,,,,,,,,,,,,,,,,,,,,,,,,,,,,,,,,,,,,,,,,,,,,,,,1,,,,,,,,,,,,,,,,,,1,,,,,,,,,,,,3,,,,,,,,,,,,,,,,,,1,,,,,,,,,,,,,,,,,,1,,,,,,1,,,,,,2,,,,,,,,,,,,1,,,,,,,,,,,,,,,,,,,,,,,,,,,,,,,,,,,,1,,,,,,,,,,,,,,,,,,2,,,,,,2,,,,,,1,,,,,,,,,,,,,,,,,,,,,,,,,,,,,,,,,,,,1,,,,,,,,,,,,2,,,,,,1,,,,,,,,,,,,32,,,49,,,0,,,21,,,,,,2,,,,,,2,,,,,,10,,,,,,,,,,,,7,,,,,,12,,,,,,8,,,,,,4,,,,,,11,,,,,,33,,,,,,25,,,,,,22,,,,,,15,,,,,,3,,,,,,,,,,,,,,,,,,68,,,175,,,0,,,2,,,,,,30,,,,,,1,,,,,,7,,,,,,5,,,,,,8,,,,,,18,,,,,,8,,,,,,5,,,,,,2,,,,,,20,,,,,,9,,,,,,4,,,,,,35,,,,,,63,,,154,,,0,,,11,,,,,,4,,,,,,40,,,,,,,,,,,,19,,,,,,,,,,,,46,,,74,,,0,,
27487,29286,3913,1,1674,,,31,,,BL-1674-31-recto,,,5,,,May,,,12,,,May,,,,,,,,,4,,,,,,,,,,,,3,,,,,,,,,,,,,,,,,,,,,,,,,,,,,,1,,,,,,1,,,,,,1,,,,,,1,,,,,,,,,,,,,,,,,,,,,,,,,,,,,,,,,,,,,,,,,,,,,,,,,,,,,,1,,,,,,,,,,,,,,,,,,,,,,,,,,,,,,,,,,,,1,,,,,,,,,,,,,,,,,,3,,,,,,,,,,,,2,,,,,,,,,,,,,,,,,,1,,,,,,,,,,,,1,,,,,,1,,,,,,1,,,,,,,,,,,,,,,,,,2,,,,,,3,,,,,,1,,,,,,1,,,,,,,,,,,,,,,,,,2,,,,,,1,,,,,,,,,,,,,,,,,,,,,,,,,,,,,,3,,,,,,3,,,,,,,,,,,,,,,,,,,,,,,,2,,,,,,,,,,,,,,,,,,,,,,,,,,,,,,2,,,,,,,,,,,,2,,,,,,1,,,,,,,,,,,,1,,,,,,,,,,,,,,,,,,1,,,,,,,,,,,,2,,,,,,,,,,,,1,,,,,,,,,,,,1,,,,,,,,,,,,,,,,,,,,,,,,,,,,,,,,,,,,,,,,,,,,,,,,,,,,,,1,,,,,,,,,,,,,,,,,,,,,,,,,,,,,,1,,,,,,2,,,,,,,,,,,,1,,,,,,,,,,,,,,,,,,,,,,,,,,,20,,,,,,,,,,,,,,,,,,8,,,,,,1,,,,,,4,,,,,,19,,,,,,9,,,,,,13,,,,,,8,,,,,,26,,,,,,22,,,,,,25,,,,,,14,,,,,,2,,,,,,,,,,,,,,,,,,80,,,171,,,0,,,3,,,,,,25,,,,,,2,,,,,,17,,,,,,,,,,,,3,,,,,,13,,,,,,14,,,,,,6,,,,,,4,,,,,,17,,,,,,11,,,,,,3,,,,,,42,,,,,,64,,,160,,,0,,,12,,,,,,2,,,,,,58,,,,,,4,,,,,,16,,,,,,,,,,,,38,,,92,,,0,,
27488,29287,3914,1,1674,,,22,,,BL-1674-12-recto,,,12,,,May,,,19,,,May,,,1,,,,,,1,,,,,,,,,,,,,,,,,,,,,,,,2,,,,,,1,,,,,,1,,,,,,1,,,,,,,,,,,,1,,,,,,,,,,,,1,,,,,,1,,,,,,3,,,,,,1,,,,,,,,,,,,,,,,,,1,,,,,,1,,,,,,,,,,,,1,,,,,,,,,,,,1,,,,,,1,,,,,,,,,,,,1,,,,,,3,,,,,,,,,,,,,,,,,,,,,,,,,,,,,,,,,,,,,,,,,,,,,,,,,,,,,,2,,,,,,1,,,,,,,,,,,,,,,,,,2,,,,,,1,,,,,,1,,,,,,,,,,,,1,,,,,,,,,,,,,,,,,,1,,,,,,,,,,,,,,,,,,,,,,,,,,,,,,,,,,,,,,,,,,1,,,,,,,,,,,,,,,,,,,,,,,,,,,,,,,,,,,,2,,,,,,,,,,,,,,,,,,1,,,,,,,,,,,,,,,,,,,,,,,,,,,,,,,,,,,,,,,,,,,,,,,,,,,,,,,,,,,,1,,,,,,,,,,,,,,,,,,,,,,,,2,,,,,,,,,,,,,,,,,,,,,,,,,,,,,,,,,,,,1,,,,,,2,,,,,,1,,,,,,2,,,,,,2,,,,,,,,,,,,2,,,,,,,,,,,,,,,,,,2,,,,,,1,,,,,,2,,,,,,,,,,,,,,,,,,32,,,54,,,0,,,23,,,,,,3,,,,,,1,,,,,,4,,,,,,1,,,,,,2,,,,,,25,,,,,,8,,,,,,6,,,,,,10,,,,,,29,,,,,,24,,,,,,20,,,,,,19,,,,,,2,,,,,,,,,,,,,,,,,,70,,,177,,,0,,,5,,,,,,14,,,,,,1,,,,,,13,,,,,,6,,,,,,7,,,,,,8,,,,,,10,,,,,,3,,,,,,6,,,,,,15,,,,,,8,,1,,,,4,,,,,,38,,,,,,67,,,138,,,0,,,14,,,,,,1,,,,,,52,,,,,,5,,,,,,20,,,,,,,,,,,,45,,,92,,,0,,
27489,29288,3915,1,1674,,,23,,,BL-1674-23-recto,,,19,,,May,,,26,,,May,,,,,,,,,1,,,,,,,,,,,,,,,,,,,,,,,,,,,,,,,,,,,,,,,,,,1,,,,,,3,,,,,,1,,,,,,,,,,,,,,,,,,,,,,,,2,,,,,,,,,,,,,,,,,,,,,,,,,,,,,,,,,,,,1,,,,,,,,,,,,,,,,,,1,,,,,,,,,,,,,,,,,,,,,,,,4,,,,,,,,,,,,,,,,,,,,,,,,1,,,,,,,,,,,,,,,,,,3,,,,,,,,,,,,4,,,,,,1,,,,,,,,,,,,,,,,,,,,,,,,2,,,,,,3,,,,,,,,,,,,,,,,,,,,,,,,1,,,,,,1,,,,,,1,,,,,,,,,,,,,,,,,,,,,,,,1,,,,,,1,,,,,,,,,,,,,,,,,,,,,,,,,,,,,,,,,,,,,,,,,,,,,,,,,,,,,,,,,,,,1,,,,,,,,,,,,1,,,,,,,,,,,,1,,,,,,,,,,,,,,,,,,,,,,,,,,,,,,,,,,,,,,,,,,1,,,,,,2,,,,,,,,,,,,,,,,,,1,,,,,,,,,,,,2,,,,,,1,,,,,,,,,,,,,,,,,,,,,,,,,,,,,,,,,,,,1,,,,,,,,,,,,1,,,,,,,,,,,,1,,,,,,1,,,,,,,,,,,,1,,,,,,,,,,,,,,,,,,38,,,48,,,0,,,24,,,,,,1,,,,,,1,,,,,,4,,,,,,,,,,,,6,,,,,,15,,,,,,8,,,,,,4,,,,,,7,,,,,,31,,,,,,16,,,,,,19,,,,,,14,,,,,,1,,,,,,1,,,,,,,,,,,,58,,,152,,,0,,,3,,,,,,14,,,,,,,,,,,,10,,,,,,5,,,,,,10,,,,,,15,,,,,,9,,,,,,7,,,,,,5,,,,,,21,,,,,,10,,,,,,2,,,,,,29,,,,,,61,,,140,,,0,,,15,,,,,,2,,,,,,36,,,,,,,,,,,,22,,,,,,,,,,,,33,,,75,,,0,,
27522,29289,3916,1,1674,,,24,,,BL-1674-24-recto,,,26,,,May,,,2,,,June,,,,,,,,,1,,,,,,1,,,,,,,,,,,,,,,,,,1,,,,,,,,,,,,,,,,,,2,,,,,,,,,,,,,,,,,,,,,,,,2,,,,,,,,,,,,,,,,,,,,,,,,,,,,,,,,,,,,,,,,,,1,,,,,,,,,,,,,,,,,,,,,,,,1,,,,,,,,,,,,,,,,,,,,,,,,1,,,,,,,,,,,,,,,,,,,,,,,,1,,,,,,,,,,,,,,,,,,,,,,,,1,,,,,,3,,,,,,,,,,,,,,,,,,,,,,,,,,,,,,1,,,,,,2,,,,,,,,,,,,,,,,,,,,,,,,1,,,,,,,,,,,,1,,,,,,1,,,,,,,,,,,,,,,,,,,,,,,,1,,,,,,1,,,,,,2,,,,,,,,,,,,,,,,,,2,,,,,,,,,,,,1,,,,,,,,,,,,,,,,,,1,,,,,,,,,,,,1,,,,,,,,,,,,,,,,,,1,,,,,,,,,,,,,,,,,,,,,,,,,,,,,,,,,,,,,,,,,,1,,,,,,,,,,,,2,,,,,,,,,,,,2,,,,,,,,,,,,,,,,,,,,,,,,1,,,,,,1,,,,,,,,,,,,,,,,,,,,,,,,,,,,,,1,,,,,,,,,,,,,,,,,,2,,,,,,,,,,,,,,,,,,,,,,,,,,,,,,24,,,41,,,0,,,12,,,,,,3,,,,,,,,,,,,8,,,,,,1,,,,,,3,,,,,,19,,,,,,11,,,,,,2,,,,,,4,,,,,,19,,,,,,17,,,,,,17,,,,,,8,,,,,,1,,,,,,,,,,,,,,,,,,71,,,125,,,0,,,6,,,,,,27,,,,,,1,,,,,,12,,,,,,5,,,,,,3,,,,,,14,,,,,,11,,,,,,5,,,,,,1,,,,,,23,,,,,,10,,,,,,,,,,,,24,,,,,,69,,,142,,,0,,,8,,,,,,5,,,,,,25,,,,,,,,,,,,19,,,,,,,,,,,,44,,1,57,,1,,1,1
27523,29290,3917,1,1674,,,5,,,BL-1674-05-recto,,,2,,,June,,,9,,,June,,,,,,,,,,,,,,,,,,,,,5,,,,,,,,,,,,1,,,,,,,,,,,,,,,,,,1,,,,,,,,,,,,,,,,,,1,,,,,,1,,,,,,2,,,,,,,,,,,,,,,,,,,,,,,,,,,,,,,,,,,,,,,,,,1,,,,,,,,,,,,,,,,,,1,,,,,,,,,,,,,,,,,,,,,,,,2,,,,,,,,,,,,,,,,,,,,,,,,2,,,,,,,,,,,,,,,,,,3,,,,,,1,,,,,,1,,,,,,,,,,,,,,,,,,1,,,,,,,,,,,,,,,,,,2,,,,,,,,,,,,,,,,,,,,,,,,1,,,,,,2,,,,,,,,,,,,,,,,,,,,,,,,,,,,,,,,,,,,,,,,,,1,,,,,,,,,,,,,,,,,,,,,,,,,,,,,,,,,,,,,,,,,,,,,,,,,,,,,,,,,,,,,,,,,,,,,,,,,,,,,,,,,,,,1,,,,,,,,,,,,,,,,,,1,,,,,,,,,,,,,,,,,,1,,,,,,1,,,,,,,,,,,,,,,,,,,,,,,,,,,,,,2,,,,,,,,,,,,1,,,,,,,,,,,,1,,,,,,,,,,,,1,,,,,,,,,,,,,,,,,,,,,,,,,,,,,,,,,,,,3,,,,,,,,,,,,,,,,,,,,,,,,,,,,,,24,,,41,,,0,,,18,,,,,,4,,,,,,,,,,,,5,,,,,,,,,,,,4,,,,,,13,,,,,,3,,,,,,5,,,,,,9,,,,,,26,,,,,,16,,,,,,10,,,,,,9,,,,,,3,,,,,,,,,,,,,,,,,,59,,,125,,,0,,,2,,,,,,19,,,,,,3,,,,,,6,,,,,,3,,,,,,7,,,,,,11,,,,,,11,,,,,,4,,,,,,1,,,,,,16,,,,,,14,,,,,,,,,,,,34,,,,,,71,,,131,,,0,,,11,,,,,,4,,,,,,35,,,,,,,,,,,,22,,,,,,,,,,,,35,,,72,,,0,,
27524,29291,3918,1,1674,,,26,,,BL-1674-26-recto,,,9,,,June,,,16,,,June,,,,,,,,,2,,,,,,,,,,,,,,,,,,,,,,,,,,,,,,1,,,,,,1,,,,,,1,,,,,,1,,,,,,,,,,,,2,,,,,,,,,,,,,,,,,,3,,,,,,,,,,,,,,,,,,,,,,,,1,,,,,,,,,,,,1,,,,,,,,,,,,,,,,,,1,,,,,,,,,,,,1,,,,,,,,,,,,,,,,,,1,,,,,,,,,,,,1,,,,,,1,,,,,,,,,,,,1,,,,,,2,,,,,,,,,,,,3,,,,,,,,,,,,,,,,,,,,,,,,1,,,,,,,,,,,,,,,,,,,,,,,,,,,,,,,,,,,,2,,,,,,3,,,,,,1,,,,,,,,,,,,,,,,,,,,,,,,,,,,,,,,,,,,,,,,,,1,,,,,,,,,,,,,,,,,,,,,,,,,,,,,,2,,,,,,,,,,,,,,,,,,,,,,,,1,,,,,,,,,,,,,,,,,,,,,,,,2,,,,,,,,,,,,,,,,,,,,,,,,1,,,,,,,,,,,,,,,,,,3,,,,,,,,,,,,,,,,,,,,,,,,,,,,,,1,,,,,,,,,,,,,,,,,,,,,,,,,,,,,,,,,,,,,,,,,,,,,,,,,,,,,,,,,,,,,,,,,,,,,,,,5,,,,,,,,,,,,1,,,,,,,,,,,,,,,,,,25,,,48,,,0,,,15,,,,,,2,,,,,,1,,,,,,7,,,,,,,,,,,,,,,,,,22,,,,,,4,,,,,,4,,,,,,9,,,,,,13,,,,,,24,,,,,,21,,,,,,18,,,,,,3,,,,,,,,,,,,,,,,,,70,,,143,,,0,,,3,,,,,,25,,,,,,2,,,,,,13,,,,,,4,,,,,,6,,,,,,12,,,,,,11,,,,,,3,,,,,,2,,,,,,18,,,,,,10,,,,,,6,,,,,,45,,,,,,79,,,160,,,0,,,5,,,,,,7,,,,,,34,,,,,,1,,,,,,21,,,,,,,,,,,,41,,,68,,,0,,
27525,29292,3919,1,1674,,,27,,,BL-1674-27-recto,,,16,,,June,,,23,,,June,,,,,,,,,1,,,,,,2,,,,,,1,,,,,,,,,,,,,,,,,,,,,,,,,,,,,,1,,,,,,,,,,,,,,,,,,,,,,,,,,,,,,3,,,,,,2,,,,,,,,,,,,,,,,,,,,,,,,1,,,,,,,,,,,,1,,,,,,,,,,,,,,,,,,1,,,,,,1,,,,,,,,,,,,,,,,,,2,,,,,,,,,,,,,,,,,,,,,,,,1,,,,,,,,,,,,,,,,,,1,,,,,,2,,,,,,1,,,,,,,,,,,,,,,,,,,,,,,,,,,,,,1,,,,,,1,,,,,,1,,,,,,,,,,,,,,,,,,,,,,,,,,,,,,,,,,,,,,,,,,,,,,,,1,,,,,,1,,,,,,,,,,,,,,,,,,1,,,,,,1,,,,,,,,,,,,2,,,,,,,,,,,,,,,,,,1,,,,,,,,,,,,1,,,,,,1,,,,,,,,,,,,,,,,,,,,,,,,2,,,,,,,,,,,,1,,,,,,,,,,,,,,,,,,1,,,,,,,,,,,,,,,,,,,,,,,,,,,,,,,,,,,,,,,,,,,,,,,,,,,,,,,,,,,,,,,,,,1,,,,,,,,,,,,2,,,,,,,,,,,,,,,,,,,,,,,,,,,,,,2,,,,,,1,,,,,,,,,,,,1,,,,,,,,,,,,,,,,,,23,,,44,,,0,,,20,,,,,,2,,,,,,4,,,,,,9,,,,,,,,,,,,3,,,,,,17,,,,,,6,,,,,,1,,,,,,4,,,,,,26,,,,,,17,,,,,,9,,,,,,6,,,,,,,,,,,,,,,,,,,,,,,,72,,,124,,,0,,,4,,,,,,25,,,,,,1,,,,,,9,,,,,,3,,,,,,10,,,,,,7,,,,,,10,,,,,,6,,,,,,2,,,,,,21,,,,,,10,,,,,,4,,,,,,39,,,,,,76,,,151,,,0,,,3,,,,,,,,,,,,33,,,,,,1,,,,,,12,,,,,,,,,,,,41,,,49,,,0,,
27526,29293,3920,1,1674,,,28,,,BL-1674-28-recto,,,23,,,June,,,30,,,June,,,,,,,,,3,,,,,,,,,,,,1,,,,,,,,,,,,,,,,,,3,,,,,,3,,,,,,,,,,,,1,,,,,,,,,,,,1,,,,,,,,,,,,,,,,,,1,,,,,,1,,,,,,,,,,,,,,,,,,,,,,,,,,,,,,2,,,,,,,,,,,,,,,,,,,,,,,,,,,,,,1,,,,,,,,,,,,1,,,,,,1,,,,,,2,,,,,,,,,,,,,,,,,,,,,,,,,,,,,,,,,,,,1,,,,,,2,,,,,,,,,,,,,,,,,,,,,,,,,,,,,,,,,,,,2,,,,,,,,,,,,,,,,,,,,,,,,,,,,,,,,,,,,,,,,,,,,,,,,,,,,,,,,,,,,,,,,,,1,,,,,,,,,,,,,,,,,,,,,,,,,,,,,,1,,,,,,,,,,,,,,,,,,1,,,,,,,,,,,,,,,,,,,,,,,,1,,,,,,,,,,,,1,,,,,,,,,,,,1,,,,,,,,,,,,,,,,,,,,,,,,,,,,,,1,,,,,,3,,,,,,,,,,,,,,,,,,,,,,,,,,,,,,,,,,,,,,,,,,,,,,,,,,,,,,2,,,,,,,,,,,,1,,,,,,,,,,,,,,,,,,2,,,,,,,,,,,,1,,,,,,1,,,,,,1,,,,,,,,,,,,,,,,,,,,,,,,32,,,44,,,0,,,14,,,,,,1,,,,,,1,,,,,,1,,,,,,,,,,,,4,,,,,,11,,,,,,5,,,,,,2,,,,,,6,,,,,,21,,,,,,25,,,,,,13,,,,,,9,,,,,,1,,,,,,2,,,,,,,,,,,,88,,,116,,,0,,,1,,,,,,21,,,,,,2,,,,,,6,,,,,,5,,,,,,5,,,,,,10,,,,,,19,,,,,,4,,,,,,2,,,,,,16,,,,,,12,,,,,,1,,,,,,34,,,,,,86,,,138,,,0,,,8,,,,,,1,,,,,,23,,,,,,3,,,,,,10,,,,,,,,,,,,43,,,45,,,0,,
27527,29294,3921,1,1674,,,29,,,BL-1674-29-recto,,,30,,,June,,,7,,,July,,,,,,,,,,,,,,,,,,,,,,,,,,,,,,,,,,,,,,,,,,,,,,,,,,,2,,,,,,,,,,,,,,,,,,1,,,,,,,,,,,,,,,,,,3,,,,,,1,,,,,,,,,,,,,,,,,,1,,,,,,,,,,,,1,,,,,,,,,,,,,,,,,,2,,,,,,,,,,,,1,,,,,,,,,,,,,,,,,,,,,,,,,,,,,,,,,,,,3,,,,,,,,,,,,,,,,,,1,,,,,,1,,,,,,1,,,,,,1,,,,,,,,,,,,,,,,,,1,,,,,,,,,,,,1,,,,,,2,,,,,,,,,,,,2,,,,,,1,,,,,,,,,,,,1,,,,,,,,,,,,,,,,,,,,,,,,1,,,,,,1,,,,,,1,,,,,,1,,,,,,,,,,,,,,,,,,,,,,,,,,,,,,,,,,,,,,,,,,,,,,,,1,,,,,,,,,,,,1,,,,,,,,,,,,1,,,,,,1,,,,,,1,,,,,,,,,,,,,,,,,,,,,,,,,,,,,,,,,,,,,,,,,,,,,,,,,,,,,,,,,,,,,,,,,,,,,,,,,,,,,,,,,,,,,,,,,,,,,,,,,,,,,,,,,,,,3,,,,,,,,,,,,,,,,,,,,,,,,,,,,,,,,,,,,1,,,,,,,,,,,,,,,,,,,,,,,,31,,,40,,,0,,,18,,,,,,,,,,,,1,,,,,,2,,,,,,,,,,,,5,,,,,,13,,,,,,6,,,,,,7,,,,,,4,,,,,,14,,,,,,20,,,,,,7,,,,,,9,,,,,,1,,,,,,,,,,,,,,,,,,63,,,107,,,0,,,,,,,,,28,,,,,,1,,,,,,10,,,,,,4,,,,,,4,,,,,,9,,,,,,11,,,,,,4,,,,,,2,,,,,,18,,,,,,6,,,,,,5,,,,,,36,,,,,,86,,,138,,,0,,,11,,,,,,3,,,,,,32,,,,,,3,,,,,,17,,,,,,,,,,,,35,,,66,,,0,,
27528,29295,3922,1,1674,,,30,,,BL-1674-14-recto,,,7,,,July,,,14,,,July,,,1,,,,,,2,,,,,,,,,,,,1,,,,,,,,,,,,,,,,,,1,,,,,,2,,,,,,1,,,,,,,,,,,,,,,,,,1,,,,,,1,,,,,,,,,,,,2,,,,,,,,,,,,,,,,,,,,,,,,,,,,,,1,,,,,,1,,,,,,,,,,,,,,,,,,2,,,,,,,,,,,,,,,,,,,,,,,,,,,,,,,,,,,,1,,,,,,,,,,,,,,,,,,,,,,,,,,,,,,1,,,,,,2,,,,,,,,,,,,2,,,,,,,,,,,,,,,,,,,,,,,,4,,,,,,,,,,,,1,,,,,,1,,,,,,3,,,,,,,,,,,,1,,,,,,2,,,,,,,,,,,,,,,,,,,,,,,,1,,,,,,2,,,,,,,,,,,,,,,,,,,,,,,,,,,,,,,,,,,,,,,,,,,,,,,,,,,,,,,,,,,,,,,,,,,,,,,,,,,,,,1,,,,,,,,,,,,,,,,,,,,,,,,,,,,,,,,,,,,1,,,,,,1,,,,,,,,,,,,,,,,,,,,,,,,,,,,,,1,,,,,,,,,,,,,,,,,,,,,,,,,,,,,,1,,,,,,,,,,,,1,,,,,,,,,,,,,,,,,,,,,,,,,,,,,,,,,,,,1,,,,,,,,,,,,,,,,,,,,,,,,,,,,,,,,,,,,23,,,44,,,0,,,13,,,,,,1,,,,,,,,,,,,5,,,,,,,,,,,,4,,,,,,14,,,,,,6,,,,,,3,,,,,,6,,,,,,21,,,,,,17,,,,,,17,,,,,,10,,,,,,2,,,,,,,,,,,,,,,,,,68,,,119,,,0,,,3,,,,,,24,,,,,,2,,,,,,4,,,,,,3,,,,,,7,,,,,,5,,,,,,10,,,,,,6,,,,,,,,,,,,22,,,,,,8,,,,,,3,,,,,,19,,,,,,92,,,126,,,0,,,13,,,,,,7,,,,,,30,,,,,,1,,,,,,13,,,,,,,,,,,,33,,,64,,,0,,
27529,29296,3923,1,1674,,,31,,,BL-1674-31-recto,,,14,,,July,,,21,,,July,,,1,,,,,,2,,,,,,1,,,,,,1,,,,,,,,,,,,1,,,,,,1,,,,,,,,,,,,1,,,,,,,,,,,,,,,,,,,,,,,,,,,,,,1,,,,,,1,,,,,,1,,,,,,,,,,,,,,,,,,,,,,,,,,,,,,,,,,,,,,,,,,1,,,,,,,,,,,,,,,,,,,,,,,,1,,,,,,3,,,,,,1,,,,,,1,,,,,,,,,,,,,,,,,,,,,,,,,,,,,,3,,,,,,,,,,,,1,,,,,,,,,,,,,,,,,,,,,,,,,,,,,,1,,,,,,,,,,,,,,,,,,,,,,,,3,,,,,,,,,,,,1,,,,,,1,,,,,,,,,,,,,,,,,,,,,,,,,,,,,,,,,,,,,,,,,,,,,,,,,,,,,,,,,,,,,,,,,,,,,,,,1,,,,,,,,,,,,,,,,,,,,,,,,,,,,,,,,,,,,,,,,,,1,,,,,,1,,,,,,,,,,,,,,,,,,,,,,,,,,,,,,,,,,,,,,,,,,,,,,,,,,,,,,,,,,,,,,,,,,,,,,,,,,,,,,,,,,,,1,,,,,,,,,,,,,,,,,,,,,,,,2,,,,,,,,,,,,,,,,,,1,,,,,,,,,,,,3,,,,,,2,,,,,,,,,,,,,,,,,,,,,,,,,,,,,,33,,,40,,,0,,,17,,,,,,2,,,,,,1,,,,,,9,,,,,,,,,,,,3,,,,,,18,,,,,,8,,,,,,6,,,,,,11,,,,,,21,,,,,,23,,,,,,18,,,,,,9,,,,,,3,,,,,,1,,,,,,,,,,,,97,,,150,,,0,,,2,,,,,,30,,,,,,2,,,,,,7,,,,,,1,,,,,,3,,,,,,6,,,,,,12,,,,,,3,,,,,,2,,,,,,18,,,,,,9,,,,,,6,,,,,,35,,,,,,75,,,136,,,0,,,11,,,,,,2,,,,,,34,,,,,,2,,,,,,20,,,,,,,,,,,,41,,,69,,,0,,
27530,29297,3924,1,1674,,,32,,,BL-1674-32-recto,,,21,,,July,,,28,,,July,,,1,,,,,,1,,,,,,,,,,,,,,,,,,,,,,,,,,,,,,1,,,,,,,,,,,,2,,,,,,,,,,,,,,,,,,1,,,,,,,,,,,,,,,,,,1,,,,,,,,,,,,,,,,,,,,,,,,1,,,,,,,,,,,,,,,,,,,,,,,,,,,,,,3,,,,,,,,,,,,,,,,,,,,,,,,,,,,,,,,,,,,1,,,,,,2,,,,,,1,,,,,,,,,,,,,,,,,,3,,,,,,1,,,,,,,,,,,,,,,,,,,,,,,,,,,,,,,,,,,,1,,,,,,4,,,,,,,,,,,,1,,,,,,,,,,,,,,,,,,,,,,,,2,,,,,,,,,,,,,,,,,,2,,,,,,1,,,,,,,,,,,,1,,,,,,1,,,,,,,,,,,,,,,,,,,,,,,,,,,,,,1,,,,,,,,,,,,,,,,,,1,,,,,,,,,,,,,,,,,,,,,,,,,,,,,,1,,,,,,,,,,,,,,,,,,1,,,,,,,,,,,,,,,,,,1,,,,,,,,,,,,,,,,,,,,,,,,,,,,,,,,,,,,,,,,,,,,,,,,1,,,,,,,,,,,,1,,,,,,,,,,,,,,,,,,1,,,,,,,,,,,,,,,,,,,,,,,,,,,,,,,,,,,,,,,,,,,,,,,,,,,,,,,,,,,,21,,,40,,,0,,,18,,,,,,4,,,,,,1,,,,,,9,,,,,,1,,,,,,3,,,,,,16,,,,,,8,,,,,,5,,,,,,5,,,,,,16,,,,,,12,,,,,,15,,,,,,12,,,,,,4,,,,,,,,,,,,,,,,,,71,,,129,,,0,,,4,,,,,,21,,,,,,,,,,,,4,,,,,,5,,,,,,3,,,,,,6,,,,,,20,,,,,,5,,,,,,2,,,,,,12,,,,,,9,,,,,,3,,,,,,38,,,,,,76,,,132,,,0,,,11,,,,,,5,,,,,,28,,,,,,,,,,,,22,,,,,,,,,,,,38,,,66,,,0,,
27531,29298,3925,1,1674,,,33,,,BL-1674-33-recto,,,28,,,July,,,4,,,August,,,,,,,,,3,,,,,,2,,,,,,,,,,,,,,,,,,1,,,,,,,,,,,,,,,,,,2,,,,,,,,,,,,,,,,,,,,,,,,,,,,,,,,,,,,1,,,,,,,,,,,,,,,,,,,,,,,,1,,,,,,,,,,,,1,,,,,,,,,,,,,,,,,,,,,,,,,,,,,,,,,,,,,,,,,,3,,,,,,,,,,,,,,,,,,1,,,,,,1,,,,,,,,,,,,,,,,,,3,,,,,,,,,,,,1,,,,,,,,,,,,,,,,,,,,,,,,,,,,,,,,,,,,3,,,,,,,,,,,,1,,,,,,,,,,,,,,,,,,,,,,,,1,,,,,,,,,,,,,,,,,,,,,,,,,,,,,,,,,,,,,,,,,,,,,,,,,,,,,,,,,,,,,,,,,,,,,,,,3,,,,,,,,,,,,,,,,,,,,,,,,,,,,,,2,,,,,,1,,,,,,,,,,,,3,,,,,,,,,,,,,,,,,,1,,,,,,,,,,,,,,,,,,3,,,,,,1,,,,,,,,,,,,,,,,,,,,,,,,,,,,,,,,,,,,1,,,,,,1,,,,,,,,,,,,1,,,,,,,,,,,,,,,,,,,,,,,,,,,,,,,,,,,,,,,,,,,,,,,,1,,,,,,,,,,,,,,,,,,1,,,,,,,,,,,,29,,,44,,,0,,,14,,,,,,1,,,,,,,,,,,,6,,,,,,2,,,,,,1,,,,,,11,,,,,,7,,,,,,13,,,,,,7,,,,,,17,,,,,,10,,,,,,14,,,,,,11,,,,,,2,,,,,,1,,,,,,,,,,,,80,,,117,,,0,,,3,,,,,,22,,,,,,5,,1,,,,8,,,,,,2,,,,,,4,,,,,,2,,,,,,9,,,,,,5,,,,,,2,,,,,,16,,,,,,7,,,,,,,,,,,,37,,,,,,83,,,122,,,0,,,7,,,,,,5,,,,,,32,,,,,,,,,,,,20,,,,,,,,,,,,46,,,64,,,0,,
27556,29299,3926,1,1674,,,34,,,BL-1674-34-recto,,,4,,,August,,,11,,,August,,,,,,,,,1,,,,,,,,,,,,1,,,,,,,,,,,,,,,,,,1,,,,,,,,,,,,2,,,,,,1,,,,,,,,,,,,1,,,,,,1,,,,,,1,,,,,,2,,,,,,,,,,,,,,,,,,,,,,,,,,,,,,,,,,,,,,,,,,,,,,,,,,,,,,1,,,,,,,,,,,,1,,,,,,,,,,,,,,,,,,,,,,,,2,,,,,,1,,,,,,1,,,,,,,,,,,,,,,,,,2,,,,,,1,,,,,,1,,,,,,1,,,,,,,,,,,,,,,,,,,,,,,,,,,,,,1,,,,,,,,,,,,,,,,,,,,,,,,,,,,,,,,,,,,1,,,,,,,,,,,,,,,,,,,,,,,,,,,,,,1,,,,,,,,,,,,1,,,,,,,,,,,,2,,,,,,1,,,,,,,,,,,,,,,,,,,,,,,,,,,,,,,,,,,,,,,,,,2,,,,,,,,,,,,,,,,,,1,,,,,,,,,,,,,,,,,,1,,,,,,,,,,,,,,,,,,,,,,,,1,,,,,,,,,,,,,,,,,,1,,,,,,,,,,,,,,,,,,,,,,,,,,,,,,1,,,,,,1,,,,,,,,,,,,,,,,,,,,,,,,,,,,,,,,,,,,,,,,,,,,,,,,3,,,,,,,,,,,,,,,,,,,,,,,,,,,,,,28,,,40,,,0,,,20,,,,,,,,,,,,1,,,,,,7,,,,,,,,,,,,2,,,,,,9,,,,,,8,,,,,,2,,,,,,3,,,,,,18,,,,,,13,,,,,,8,,,,,,7,,,,,,2,,,,,,1,,,,,,,,,,,,79,,,101,,,0,,,4,,,,,,20,,,,,,3,,,,,,8,,,,,,2,,,,,,6,,,,,,9,,,,,,10,,,,,,5,,,,,,3,,,,,,21,,,,,,11,,,,,,1,,,,,,32,,,,,,62,,,135,,,0,,,7,,,,,,1,,,,,,25,,,,,,2,,,,,,13,,,,,,,,,,,,55,,,48,,,0,,
27557,29300,3927,1,1674,,,35,,,BL-1674-35-recto,,,11,,,August,,,18,,,August,,,,,,,,,,,,,,,,,,,,,,,,,,,,,,,,,,,,,,,,,,,,,1,,,,,,2,,,,,,,,,,,,2,,,,,,,,,,,,,,,,,,1,,,,,,,,,,,,1,,,,,,,,,,,,1,,,,,,,,,,,,,,,,,,,,,,,,,,,,,,1,,,,,,,,,,,,,,,,,,,,,,,,2,,,,,,3,,,,,,1,,,,,,1,,,,,,1,,,,,,1,,,,,,,,,,,,1,,,,,,,,,,,,,,,,,,1,,,,,,1,,,,,,,,,,,,1,,,,,,2,,,,,,1,,,,,,2,,,,,,1,,,,,,2,,,,,,1,,,,,,,,,,,,,,,,,,1,,,,,,,,,,,,,,,,,,,,,,,,2,,,,,,,,,,,,1,,,,,,2,,,,,,,,,,,,,,,,,,,,,,,,,,,,,,,,,,,,,,,,,,,,,,,,,,,,,,,,,,,,2,,,,,,,,,,,,,,,,,,1,,,,,,1,,,,,,,,,,,,,,,,,,,,,,,,1,,,,,,1,,,,,,1,,,,,,,,,,,,,,,,,,,,,,,,,,,,,,,,,,,,3,,,,,,1,,,,,,,,,,,,1,,,,,,,,,,,,,,,,,,,,,,,,,,,,,,,,,,,,,,,,,,1,,,,,,,,,,,,,,,,,,,,,,,,,,,,,,,,,,,,33,,,50,,,0,,,22,,,,,,,,,,,,,,,,,,3,,,,,,,,,,,,6,,,,,,13,,,,,,5,,,,,,6,,,,,,4,,,,,,21,,,,,,16,,,,,,9,,,,,,3,,1,,,,4,,,,,,,,1,,,,,,,,,,70,,,122,,,0,,,4,,,,,,24,,,,,,2,,,,,,8,,,,,,3,,,,,,5,,,,,,8,,,,,,16,,,,,,4,,,,,,2,,,,,,16,,,,,,12,,,,,,1,,,,,,44,,,,,,97,,,149,,,0,,,12,,,,,,2,,,,,,24,,,,,,,,,,,,15,,,,,,,,,,,,36,,,53,,,0,,
27558,29301,3928,1,1674,,,36,,,BL-1674-36-recto,,,18,,,August,,,25,,,August,,,,,,,,,3,,,,,,,,,,,,2,,,,,,,,,,,,,,,,,,,,,,,,1,,,,,,1,,,,,,,,,,,,,,,,,,,,,,,,2,,,,,,,,,,,,4,,,,,,2,,,,,,,,,,,,,,,,,,2,,,,,,,,,,,,,,,,,,,,,,,,,,,,,,,,,,,,,,,,,,,,,,,,1,,,,,,1,,,,,,,,,,,,1,,,,,,1,,,,,,,,,,,,,,,,,,,,,,,,,,,,,,,,,,,,,,,,,,,,,,,,,,,,,,,,,,,,,,,,,,,,,,,,,,,,,,2,,,,,,,,,,,,,,,,,,,,,,,,1,,,,,,,,,,,,,,,,,,,,,,,,,,,,,,,,,,,,2,,,,,,2,,,,,,,,,,,,,,,,,,,,,,,,1,,,,,,,,,,,,1,,,,,,,,,,,,,,,,,,,,,,,,1,,,,,,,,,,,,,,,,,,,,,,,,,,,,,,,,,,,,,,,,,,,,,,,,,,,,,,,,,,,,,,,,,,,,,,,,,,,,,,,,,,,,1,,,,,,,,,,,,,,,,,,,,,,,,,,,,,,,,,,,,,,,,,,,,,,,,,,,,,,,,,,,,,,,,,,,,,,,,,,,,,,,,,,,,1,,,,,,,,,,,,,,,,,,,,,,,,,,,,,,29,,,31,,,0,,,22,,,,,,1,,,,,,1,,,,,,7,,,,,,,,,,,,3,,,,,,9,,,,,,7,,,,,,2,,,,,,7,,,,,,23,,,,,,21,,,,,,11,,,,,,10,,,,,,2,,,,,,1,,,,,,,,,,,,67,,,127,,,0,,,4,,,,,,21,,,,,,3,,,,,,4,,,,,,4,,,,,,6,,,,,,10,,,,,,10,,,,,,2,,,,,,1,,,,,,13,,,,,,9,,,,,,1,,,,,,23,,,,,,67,,,112,,,0,,,13,,,,,,2,,,,,,17,,,,,,1,,,,,,15,,,,,,,,,,,,39,,,58,,,0,,
27559,29302,3929,1,1674,,,27,,,BL-1674-27-recto,,,25,,,August,,,1,,,September,,,,,,,,,3,,,,,,,,,,,,,,,,,,,,,,,,,,,,,,,,,,,,,,,,,,3,,,,,,,,,,,,2,,,,,,1,,,,,,,,,,,,,,,,,,4,,,,,,,,,,,,,,,,,,,,,,,,1,,,,,,,,,,,,,,,,,,,,,,,,,,,,,,2,,,,,,2,,,,,,,,,,,,1,,,,,,,,,,,,,,,,,,3,,,,,,,,,,,,2,,,,,,,,,,,,,,,,,,2,,,,,,2,,,,,,,,,,,,,,,,,,1,,,,,,,,,,,,,,,,,,1,,,,,,3,,,,,,,,,,,,1,,,,,,,,,,,,1,,,,,,2,,,,,,,,,,,,1,,,,,,,,,,,,2,,,,,,1,,,,,,1,,,,,,2,,,,,,,,,,,,,,,,,,,,,,,,,,,,,,,,,,,,,,,,,,,,,,,,1,,,,,,,,,,,,,,,,,,3,,,,,,2,,,,,,,,,,,,1,,,,,,,,,,,,,,,,,,1,,,,,,1,,,,,,1,,,,,,1,,,,,,2,,,,,,,,,,,,2,,,,,,,,,,,,,,,,,,,,,,,,,,,,,,1,,,,,,,,,,,,,,,,,,,,,,,,1,,,,,,1,,,,,,,,,,,,2,,,,,,,,,,,,2,,,,,,2,,,,,,,,,,,,1,,,,,,1,,,,,,,,,,,,18,,,70,,,0,,,26,,,,,,2,,,,,,,,,,,,7,,,,,,1,,,,,,8,,,,,,17,,,,,,12,,,,,,3,,,,,,4,,,,,,19,,,,,,25,,,,,,12,,,,,,13,,,,,,1,,,,,,,,,,,,,,,,,,86,,,150,,,0,,,2,,,,,,21,,,,,,2,,,,,,6,,,,,,2,,,,,,9,,,,,,11,,,,,,9,,,,,,7,,,,,,1,,,,,,22,,,,,,11,,,,,,1,,,,,,32,,,,,,89,,,136,,,0,,,5,,,,,,2,,,,,,29,,,,,,1,,,,,,21,,,,,,,,,,,,46,,,58,,,0,,
27560,29303,3930,1,1674,,,38,,,BL-1674-38-recto,,,1,,,September,,,8,,,September,,,1,,,,,,2,,,,,,2,,,,,,1,,,,,,,,,,,,,,,,,,,,1,,,,,,,,,,1,,,,,,2,,,,,,1,,,,,,2,,,,,,2,,,,,,,,,,,,1,,,,,,1,,,,,,1,,,,,,1,,,,,,,,,,,,,,,,,,1,,,,,,,,,,,,,,,,,,2,,,,,,1,,,,,,,,,,,,,,,,,,2,,,,,,,,,,,,2,,,,,,1,,,,,,,,,,,,,,,,,,,,,,,,1,,,,,,2,,,,,,,,,,,,,,,,,,,,,,,,,,,,,,1,,,,,,,,,,,,2,,,,,,,,,,,,,,,,,,,,,,,,,,,,,,,,,,,,,,,,,,1,,,,,,,,,,,,,,,,,,,,,,,,1,,,,,,,,,,,,,,,,,,1,,,,,,,,,,,,,,,,,,,,,,,,,,,,,,,,,,,,,,,,,,1,,,,,,,,,,,,,,,,,,,,,,,,1,,,,,,,,,,,,,,,,,,,,,,,,1,,,,,,,,,,,,1,,,,,,,,,,,,1,,,,,,,,,,,,,,,,,,,,,,,,,,,,,,,,,,,,1,,,,,,1,,,,,,,,,,,,1,,,,,,,,,,,,,,,,,,,,,,,,,,,,,,,,,,,,,,,,,,,,,,,,,,,,,,1,,,,,,,,,,,,,,,,,,,,,,,,30,,,45,,,0,,,24,,,,,,2,,,,,,1,,,,,,4,,,,,,,,,,,,2,,,,,,22,,,,,,8,,,,,,6,,,,,,1,,,,,,27,,,,,,24,,,,,,10,,,,,,12,,,,,,3,,,,,,1,,,,,,,,,,,,81,,,147,,,0,,,3,,,,,,27,,,,,,1,,,,,,6,,,,,,5,,,,,,4,,,,,,12,,,,,,8,,,,,,5,,,,,,4,,,,,,17,,,,,,5,,,,,,2,,,,,,32,,,,,,78,,,131,,,0,,,10,,,,,,2,,,,,,19,,,,,,3,,,,,,17,,,,,,,,,,,,47,,,51,,,0,,
27561,29304,3931,1,1674,,,39,,,BL-1674-39-recto,,,8,,,September,,,15,,,September,,,,,,,,,2,,,,,,,,,,,,,,,,,,,,,,,,,,,,,,1,,,,,,1,,,,,,2,,,,,,,,,,,,,,,,,,,,,,,,,,,,,,,,,,,,2,,,,,,,,,,,,,,,,,,,,,,,,,,,,,,1,,,,,,,,,,,,,,,,,,,,,,,,,,,,,,,,,,,,1,,,,,,,,,,,,3,,,,,,1,,,,,,,,,,,,,,,,,,1,,,,,,,,,,,,,,,,,,1,,1,,,,,,,,,,,,,,,,,,,,,,1,,,,,,,,,,,,,,,,,,,,,,,,1,,,,,,1,,,,,,1,,,,,,,,,,,,1,,,,,,,,,,,,1,,,,,,,,,,,,,,,,,,1,,,,,,,,,,,,,,,,,,,,,,,,,,,,,,,,,,,,,,,,,,1,,,,,,,,,,,,,,,,,,,,,,,,,,,,,,1,,,,,,,,,,,,,,,,,,,,,,,,,,,,,,,,,,,,,,,,,,,,,,,,,,,,,,,,,,,,1,,,,,,,,,,,,,,,,,,,,,,,,,,,,,,,,,,,,,,,,,,,,,,,,,,,,,,1,,,,,,,,,,,,1,,,,,,,,,,,,,,,,,,1,,,,,,,,,,,,,,,,,,,,,,,,,,,,,,,,,,,,,,,,,,1,,,,,,,,,,,,,,,,,,38,,,29,,,0,,,12,,,,,,4,,,,,,,,,,,,10,,,,,,1,,,,,,2,,,,,,17,,,,,,11,,,,,,3,,,,,,7,,,,,,23,,,,,,26,,,,,,11,,,,,,10,,,,,,1,,,,,,,,,,,,,,,,,,62,,,138,,,0,,,2,,,,,,19,,,,,,1,,,,,,4,,,,,,2,,,,,,3,,,,,,13,,,,,,17,,,,,,7,,,,,,1,,,,,,12,,,,,,9,,,,,,3,,,,,,43,,,,,,81,,,136,,,0,,,8,,,,,,3,,,,,,27,,,,,,5,,,,,,16,,,,,,,,,,,,48,,,59,,,0,,
27562,29305,3932,1,1674,,,40,,,BL-1674-40-recto,,,15,,,September,,,22,,,September,,,,,,,,,1,,,,,,1,,,,,,,,,,,,,,,,,,1,,,,,,,,,,,,,,,,,,2,,,,,,1,,,,,,1,,,,,,1,,,,,,1,,,,,,,,,,,,5,,,,,,,,,,,,,,,,,,,,,,,,,,,,,,,,,,,,,,,,,,,,,,,,,,,,,,2,,,,,,,,,,,,,,,,,,1,,,,,,,,,,,,,,,,,,1,,,,,,,,,,,,,,,,,,,,,,,,1,,,,,,2,,,,,,1,,,,,,1,,,,,,1,,,,,,,,,,,,,,,,,,,,,,,,2,,,,,,1,,,,,,1,,,,,,1,,,,,,,,,,,,1,,,,,,,,,,,,,,,,,,,,,,,,,,,,,,,,,,,,,,,,,,1,,,,,,,,,,,,,,,,,,1,,,,,,,,,,,,,,,,,,1,,,,,,1,,,,,,,,,,,,,,,,,,,,,,,,,,,,,,1,,,,,,1,,,,,,,,,,,,,,,,,,,,,,,,,,,,,,1,,,,,,2,,,,,,1,,,,,,,,,,,,,,,,,,,,,,,,,,,,,,,,,,,,,,,,,,1,,,,,,,,,,,,1,,,,,,,,,,,,,,,,,,,,,,,,2,,,,,,,,,,,,,,,,,,,,,,,,,,,,,,1,,,,,,2,,,,,,2,,,,,,1,,,,,,,,,,,,,,,,,,45,,,50,,,0,,,12,,,,,,1,,,,,,,,,,,,8,,,,,,1,,,,,,2,,,,,,17,,,,,,6,,,,,,4,,,,,,2,,,,,,25,,,,,,24,,,,,,16,,,,,,10,,,,,,3,,,,,,,,,,,,,,,,,,75,,,131,,,0,,,4,,,,,,22,,,,,,,,,,,,6,,,,,,3,,,,,,3,,,,,,12,,,,,,13,,,,,,4,,,,,,1,,,,,,6,,,,,,4,,,,,,1,,,,,,29,,,,,,93,,,108,,,0,,,6,,,,,,3,,,,,,19,,,,,,1,,,,,,9,,,,,,,,,,,,43,,,38,,,0,,
27563,29306,3933,1,1674,,,41,,,BL-1674-41-recto,,,22,,,September,,,29,,,September,,,2,,,,,,4,,,,,,1,,,,,,,,,,,,,,,,,,,,,,,,,,,,,,,,,,,,2,,,,,,1,,,,,,1,,,,,,1,,,,,,,,,,,,1,,,,,,2,,,,,,,,,,,,,,,,,,1,,,,,,,,,,,,,,,,,,,,,,,,,,,,,,,,,,,,1,,,,,,,,,,,,,,,,,,,,,,,,,,,,,,2,,,,,,,,,,,,,,,,,,1,,,,,,1,,,,,,,,,,,,,,,,,,1,,,,,,,,,,,,,,,,,,,,,,,,,,,,,,,,,,,,,,,,,,,,,,,,,,,,,,1,,,,,,,,,,,,1,,,,,,,,,,,,,,,,,,,,,,,,,,,,,,2,,,,,,,,,,,,,,,,,,,,,,,,1,,,,,,,,,,,,,,,,,,,,,,,,,,,,,,,,,,,,,,,,,,,,,,,,,,,,,,,,,,,,1,,,,,,1,,,,,,,,,,,,,,,,,,2,,,,,,,,,,,,,,,,,,1,,,,,,,,,,,,,,,,,,,,,,,,,,,,,,,,,,,,,,,,,,,,,,,,,,,,,,,,,,,,,,,,,,,,,,,,,,,,,,2,,,,,,,,,,,,,,,,,,,,,,,,,,,,,,,,,,,,1,,,,,,2,,,,,,1,,,,,,,,,,,,,,,,,,,,,,,,23,,,38,,,0,,,14,,,,,,1,,,,,,,,,,,,4,,,,,,,,,,,,2,,,,,,17,,,,,,9,,,,,,5,,,,,,4,,,,,,22,,,,,,18,,,,,,12,,,,,,13,,,,,,1,,,,,,,,,,,,,,,,,,76,,,122,,,0,,,4,,,,,,23,,,,,,3,,,,,,5,,,,,,5,,,,,,4,,,,,,7,,,,,,19,,,,,,6,,,,,,1,,,,,,14,,,,,,11,,,,,,2,,,,,,28,,,,,,99,,,132,,,0,,,8,,,,,,4,,,,,,27,,,,,,1,,,,,,26,,,,,,,,,,,,40,,,66,,,0,,
27564,29307,3934,1,1674,,,42,,,BL-1674-42-recto,,,29,,,September,,,6,,,October,,,1,,,,,,2,,,,,,,,,,,,,,,,,,,,,,,,,,,,,,,,,,,,1,,1,,,,,,,,,,1,,,,,,1,,,,,,,,,,,,1,,,,,,1,,,,,,7,,,,,,,,,,,,1,,,,,,1,,,,,,,,,,,,,,,,,,3,,,,,,,,,,,,,,,,,,2,,,,,,,,,,,,,,,,,,,,,,,,1,,,,,,3,,,,,,,,,,,,1,,,,,,1,,,,,,,,,,,,,,,,,,1,,,,,,2,,,,,,1,,,,,,,,,,,,1,,,,,,,,,,,,,,,,,,2,,,,,,4,,,,,,1,,,,,,1,,,,,,1,,,,,,,,,,,,,,,,,,,,,,,,,,,,,,,,,,,,,,,,,,1,,,,,,2,,,,,,,,,,,,,,,,,,,,,,,,,,,,,,2,,,,,,,,,,,,,,,,,,,,,,,,,,,,,,1,,,,,,,,,,,,1,,,,,,,,,,,,,,,,,,,,,,,,,,,,,,,,,,,,,,,,,,1,,,,,,1,,,,,,1,,,,,,,,,,,,,,,,,,1,,,,,,,,,,,,,,,,,,1,,,,,,1,,,,,,,,,,,,1,,,,,,1,,,,,,,,,,,,,,,,,,,,,,,,,,,,,,,,,,,,,,,,,,,,,,,,4,,,,,,,,,,,,1,,,,,,1,,,,,,,,,,,,42,,,62,,,0,,,18,,,,,,2,,,,,,,,,,,,6,,,,,,2,,,,,,1,,,,,,13,,,,,,6,,,,,,3,,,,,,9,,,,,,14,,,,,,21,,,,,,20,,,,,,10,,,,,,1,,,,,,,,,,,,,,,,,,68,,,126,,,0,,,5,,,,,,19,,,,,,3,,,,,,5,,,,,,5,,1,,,,4,,,,,,20,,,,,,9,,,,,,6,,,,,,4,,,,,,17,,,,,,8,,,,,,3,,,,,,34,,,,,,90,,,137,,,0,,,10,,,,,,3,,,,,,33,,,,,,,,1,,,,19,,,,,,,,,,,,63,,,66,,,0,,
27565,29308,3935,1,1674,,,43,,1,BL-1674-43-recto,,,6,,,October,,,13,,,October,,,,,,,,,5,,,,,,1,,,,,,2,,,,,,,,,,,,,,,,,,1,,,,,,,,,,,,1,,,,,,,,,,,,,,,,,,,,,,,,1,,,,,,,,,,,,3,,,,,,,,,,,,,,,,,,1,,,,,,,,,,,,,,,,,,1,,,,,,,,,,,,,,,,,,1,,,,,,,,,,,,,,,,,,,,,,,,4,,,,,,1,,,,,,,,,,,,1,,,,,,,,,,,,,,,,,,,,,,,,1,,,,,,1,,,,,,1,,,,,,2,,,,,,3,,,,,,,,,,,,,,,,,,2,,,,,,,,,,,,2,,,,,,2,,,,,,,,,,,,,,,,,,2,,,,,,,,,,,,1,,,,,,,,,,,,1,,,,,,,,,,,,,,,,,,1,,,,,,,,,,,,,,,,,,,,,,,,,,,,,,,,,,,,1,,,,,,,,,,,,,,,,,,,,1,,,,1,,,,,,,,,,,,1,,,,,,,,,,,,1,,,,,,,,,,,,,,,,,,1,,,,,,,,,,,,1,,,,,,1,,,,,,,,,,,,,,,,,,1,,,,,,,,,,,,1,,,,,,1,,,,,,,,,,,,,,,,,,,,,,,,,,,,,,1,,,,,,,,,,,,2,,,,,,,,,,,,1,,,,,,,,,,,,,,,,,,1,,,,,,,,,,,,1,,,,,,,,,,,,,,,,,,25,,,58,,,0,,,8,,,,,,2,,,,,,,,,,,,5,,,,,,,,,,,,3,,,,,,10,,,,,,6,,,,,,4,,,,,,6,,,,,,25,,,,,,16,,,,,,12,,,,,,11,,,,,,1,,,,,,,,,,,,,,,,,,78,,,109,,,0,,,4,,,,,,22,,,,,,,,,,,,4,,,,,,4,,,,,,5,,,,,,6,,,,,,8,,,,,,4,,,,,,1,,,,,,8,,,,,,8,,,,,,,,,,,,27,,,,,,86,,,101,,,0,,,3,,,,,,,,,,,,22,,,,,,,,,,,,18,,,,,,,,,,,,49,,,43,,,0,,
27587,29309,3936,1,1674,,,44,,,BL-1674-44-recto,,,13,,,October,,,20,,,October,,,,,,,,,,,,,,,,,,,,,1,,,,,,,,,,,,,,,,,,,,,,,,2,,,,,,5,,,,,,,,,,,,,,,,,,,,,,,,,,,,,,2,,,,,,5,,,,,,2,,,,,,,,,,,,1,,,,,,2,,,,,,,,,,,,1,,,,,,,,,,,,,,,,,,,,,,,,,,,,,,,,,,,,,,,,,,2,,,,,,3,,,,,,1,,,,,,1,,,,,,1,,,,,,,,,,,,,,,,,,2,,,,,,2,,,,,,,,,,,,1,,,,,,,,,,,,,,,,,,1,,,,,,2,,,,,,2,,,,,,1,,,,,,2,,,,,,,,,,,,,,,,,,1,,,,,,,,,,,,,,,,,,,,,,,,,,,,,,1,,,,,,1,,,,,,1,,,,,,,,,,,,,,,,,,,,,,,,,,,,,,,,,,,,,,,,,,,,,,,,,,,,,,,,,,,,,,,,,,2,,,,,,,,,,,,,,,,,,1,,,,,,,,,,,,,,,,,,,,,,,,,,,,,,1,,,,,,,,,,,,,,,,,,,,,,,,,,,,,,,,,,,,,,,,,,1,,,,,,,,,,,,,,1,,,,,,,,,,1,,,,,,,,,,,,,,,,,,,,,,,,,,,,,,,,,,,,,,,,,,1,,,,,,4,,,,,,1,,,,,,,,,,,,1,,,,,,,,,,,,42,,,59,,,0,,,19,,,,,,2,,,,,,2,,,,,,4,,,,,,,,,,,,4,,,,,,21,,,,,,6,,,,,,5,,,,,,10,,,,,,21,,,,,,11,,,,,,15,,,,,,10,,,,,,,,1,,,,,,,,,,,,,,,,67,,,130,,,0,,,4,,,,,,34,,,,,,4,,,,,,7,,,,,,4,,,,,,6,,,,,,9,,,,,,7,,,,,,5,,,,,,4,,,,,,16,,,,,,6,,,,,,6,,,,,,32,,,,,,84,,,144,,,0,,,10,,,,,,3,,,,,,27,,,,,,3,,,,,,26,,,,,,,,,,,,54,,,69,,,0,,
27588,29310,3937,1,1674,,,45,,,BL-1674-45-recto,,,20,,,October,,,27,,,October,,,1,,,,,,2,,,,,,,,,,,,,,,,,,,,,,,,,,,,,,1,,,,,,1,,,,,,1,,,,,,1,,,,,,,,,,,,1,,,,,,1,,,,,,3,,,,,,2,,,,,,,,,,,,,,,,,,,,,,,,,,,,,,1,,,,,,1,,,,,,,,,,,,,,,,,,2,,,,,,,,,,,,,,,,,,,,,,,,,,,,,,,,,,,,,,,,,,,,,,,,,,,,,,,,,,,,,,,,,,1,,,,,,,,,,,,,,,,,,2,,,,,,,,,,,,,,,,,,,,,,,,2,,,,,,,,,,,,,,,,,,,,,,,,,,,,,,,,,,,,1,,,,,,1,,,,,,,,,,,,,,,,,,,,,,,,1,,,,,,,,,,,,2,,,,,,,,,,,,,,,,,,,,,,,,,,,,,,,,,,,,,,,,,,1,,,,,,,,,,,,,,,,,,1,,,,,,,,,,,,,,,,,,,,,,,,,,,,,,,,,,,,,,,,,,,,,,,,2,,,,,,3,,,,,,,,,,,,,,,,,,,,,,,,,,,,,,1,,,,,,1,,,,,,,,,,,,,,,,,,,,,,,,,,1,,,,2,,,,,,,,,,,,1,,,,,,2,,,,,,,,,,,,1,,,,,,,,,,,,,,,,,,4,,,,,,,,,,,,,,,,,,,,,,,,,,,,,,16,,,47,,,0,,,12,,,,,,,,,,,,,,1,,,,8,,,,,,,,,,,,4,,,,,,14,,,,,,5,,,,,,2,,,,,,2,,,,,,15,,,2,,,12,,,,,,8,,,,,,14,,,,,,1,,,,,,1,,,,,,,,,,,,71,,,98,,,2,,,4,,,,,,12,,,,,,,,,,,,4,,,,,,5,,,,,,3,,,,,,8,,,,,,4,,,,,,5,,,,,,2,,,,,,16,,,,,,14,,,,,,2,,,,,,29,,,,,,72,,,108,,,0,,,5,,,,,,2,,,,,,23,,,,,,,,,,,,11,,,,,,,,,,,,48,,,41,,,0,,
27589,29311,3938,1,1674,,,46,,,BL-1674-46-recto,,,27,,,October,,,3,,,November,,,1,,,,,,,,,,,,1,,,,,,1,,,,,,,,,,,,,,,,,,1,,,,,,4,,,,,,,,,,,,1,,,,,,,,,,,,1,,,,,,2,,,,,,,,,,,,1,,,,,,1,,,,,,,,,,,,,,,,,,3,,,,,,,,,,,,,,,,,,,,,,,,,,,,,,1,,,,,,,,,,,,,,,,,,2,,,,,,1,,,,,,,,,,,,,,,,,,,,,,,,,,,,,,,,,,,,,,,,,,1,,,,,,2,,,,,,1,,,,,,,,,,,,1,,,,,,,,,,,,,,,,,,2,,,,,,2,,,,,,2,,,,,,1,,,,,,,,,,,,1,,,,,,1,,,,,,1,,,,,,,,,,,,,,,,,,,,,,,,,,,,,,,,,,,,,,,,,,,,,,,,1,,,,,,,,,,,,1,,,,,,,,,,,,,,,,,,,,,,,,,,,,,,1,,,,,,,,,,,,,,,,,,,,,,,,,,,,,,1,,,,,,,,,,,,,,,,,,,,,,,,,,,,,,,,,,,,,,,,,,1,,,,,,,,,,,,1,,,,,,1,,,,,,1,,,,,,3,,,,,,,,,,,,,,,,,,,,,,,,,,,,,,,,,,,,,,,,,,1,,,,,,,,,,,,,,,,,,,,,,,,,,,,,,2,,,,,,,,,,,,,,,,,,,,,,,,,,,,,,31,,,50,,,0,,,17,,,,,,,,,,,,,,,,,,3,,,,,,1,,,,,,1,,,,,,22,,,,,,8,,,,,,2,,,,,,5,,,,,,14,,,1,,,6,,,,,,9,,,,,,17,,,,,,2,,,,,,1,,,,,,,,,,,,64,,,118,,,1,,,5,,,,,,18,,,,,,,,,,,,,,,,,,3,,,,,,4,,,,,,5,,,,,,9,,,,,,3,,,,,,3,,,,,,11,,,,,,9,,,,,,1,,,,,,26,,,,,,75,,,97,,,0,,,5,,,,,,1,,,,,,30,,,,,,1,,,,,,20,,,,,,,,,,,,41,,,57,,,0,,
27590,29312,3950,1,1674,,,47,,,BL-1674-47-recto,,,3,,,November,,,10,,,November,,,,,,,,,2,,,,,,,,,,,,3,,,,,,,,,,,,,,,,,,,,,,,,,,,,,,2,,,,,,1,,,,,,1,,,,,,,,,,,,2,,,,,,,,,,,,2,,,,,,,,,,,,,,,,,,,,,,,,,,,,,,,,,,,,,,,,,,,,,,,,,,,,,,,,,,,,1,,,,,,,,,,,,1,,,,,,2,,,,,,,,,,,,,,,,,,1,,,,,,,,,,,,,,,,,,,,,,,,,,,,,,1,,,,,,,,,,,,1,,,,,,,,,,,,,,,,,,,,,,,,1,,,,,,,,,,,,,,,,,,3,,,,,,,,,,,,,,,,,,,,,,,,,,,,,,,,,,,,,,,,,,,,,,,,2,,,,,,2,,,,,,1,,,,,,,,,,,,,,,,,,,,,,,,,,,,,,,,,,,,,,,,,,,,,,,,,,,,,,,,,,,,,,,,,,,,,,,,,,,,,,,,,,,,1,,,,,,,,,,,,,,,,,,,,,,,,1,,,,,,,,,,,,,,,,,,2,,,,,,,,,,,,1,,,,,,,,,,,,,,,,,,1,,,,,,,,,,,,1,,,,,,1,,,,,,1,,,,,,,,,,,,,,,,,,,,,,,,,,,,,,,,,,,,,,,,,,1,,,,,,1,,,,,,,,,,,,,,,,,,,,,,,,,,,,,,28,,,41,,,0,,,20,,,,,,4,,,,,,2,,,,,,5,,,,,,,,,,,,3,,,,,,19,,,,,,9,,,,,,4,,,,,,5,,,,,,16,,,,,,21,,,,,,9,,,,,,13,,,,,,,,,,,,1,,,,,,,,,,,,82,,,131,,,0,,,,,,,,,10,,,,,,3,,,,,,4,,,,,,8,,,,,,3,,,,,,5,,,,,,9,,,,,,4,,,,,,,,,,,,14,,,,,,9,,,,,,5,,,,,,18,,,,,,74,,,92,,,0,,,8,,,,,,3,,,,,,22,,,,,,1,,,,,,23,,,,,,,,,,,,29,,,57,,,0,,
27591,29313,3951,1,1674,,,48,,,BL-1674-48-recto,,,10,,,November,,,17,,,November,,,1,,,,,,2,,,,,,1,,,,,,,,,,,,,,,,,,,,,,,,,,,,,,2,,,,,,,,,,,,,,,,,,1,,,,,,1,,,,,,,,,,,,,,,,,,,,,,,,,,,,,,,,,,,,,,,,,,,,,,,,1,,,,,,,,,,,,,,,,,,,,,,,,2,,,,,,,,,,,,,,,,,,1,,,,,,1,,,,,,,,,,,,,,,,,,,,,,,,,,,,,,,,,,,,,,,,,,,,,,,,1,,,,,,1,,,,,,5,,1,,,,,,,,,,,,,,,,,,,,,,2,,,,,,1,,,,,,,,,,,,1,,,,,,,,,,,,,,,,,,3,,,,,,1,,,,,,,,,,,,,,,,,,,,,,,,,,,,,,,,,,,,1,,,,,,1,,,,,,,,,,,,,,,,,,2,,,,,,,,,,,,1,,,,,,1,,,,,,,,,,,,2,,,,,,,,,,,,,,,,,,1,,,,,,1,,,,,,1,,,,,,,,,,,,,,,,,,,,,,,,,,,,,,1,,,,,,,,,,,,,,,,,,,,,,,,,,,,,,1,,,,,,,,,,,,1,,,,,,,,,,,,1,,,,,,,,,,,,1,,,,,,,,,,,,,,,,,,,,,,,,,,,,,,,,,,,,,,,,,,,,,,,,2,,,,,,,,,,,,,,,,,,1,,,,,,,,,,,,23,,,42,,,0,,,9,,,,,,1,,,,,,2,,,,,,6,,,,,,,,,,,,1,,,,,,15,,,,,,5,,,,,,4,,,,,,8,,,,,,29,,,,,,13,,,,,,13,,,,,,12,,,,,,2,,,,,,,,,,,,,,,,,,80,,,120,,,0,,,2,,,,,,16,,,,,,,,,,,,5,,,,,,5,,,,,,6,,,,,,11,,,,,,2,,,,,,5,,,,,,1,,,,,,14,,,,,,6,,,,,,3,,,,,,28,,,,,,74,,,104,,,0,,,3,,,,,,3,,,,,,13,,,,,,1,,,,,,18,,,,,,,,,,,,37,,,38,,,0,,
27592,29314,3952,1,1674,,,49,,,BL-1674-49-recto,,,17,,,November,,,24,,,November,,,1,,,,,,3,,,,,,1,,,,,,,,,,,,,,,,,,,,,,,,,,,,,,,,,,,,2,,,,,,2,,,,,,,,,,,,1,,,,,,1,,,,,,,,,,,,1,,,,,,,,,,,,2,,,,,,1,,,,,,,,,,,,1,,,,,,2,,,,,,,,,,,,,,,,,,3,,,,,,,,,,,,,,,,,,2,,,,,,2,,,,,,,,,,,,1,,,,,,1,,,,,,,,,,,,,,,,,,,,,,,,2,,,,,,,,,,,,,,,,,,,,,,,,,,,,,,,,,,,,,,,,,,,,,,,,,,,,,,2,,,,,,,,,,,,,,,,,,1,,,,,,,,,,,,,,,,,,,,,,,,,,,,,,,,,,,,1,,,,,,,,,,,,2,,,,,,,,,,,,,,,,,,,,,,,,1,,,,,,,,,,,,1,,,,,,,,,,,,,,,,,,,,,,,,,,,,,,,,,,,,,,,,,,,,,,,,3,,,,,,2,,,,,,,,,,,,,,,,,,,,,,,,,,,,,,,,,,,,3,,,,,,,,,,,,,,,,,,,,,,,,,,,,,,,,,,,,1,,,,,,,,,,,,,,,,,,1,,,,,,,,,,,,,,,,,,,,,,,,,,,,,,,,,,,,,,,,,,1,,,,,,2,,,,,,,,,,,,1,,,,,,,,,,,,,,,,,,26,,,51,,,0,,,11,,,,,,4,,,,,,,,,,,,4,,,,,,1,,,,,,5,,,,,,13,,,,,,10,,,,,,5,,,,,,4,,,,,,20,,,,,,13,,,,,,4,,,,,,11,,,,,,1,,,,,,,,,,,,,,,,,,73,,,106,,,0,,,3,,,,,,14,,,,,,,,,,,,6,,,,,,5,,,,,,9,,,,,,10,,,,,,7,,,,,,3,,,,,,3,,,,,,8,,,,,,11,,,,,,,,,,,,33,,,,,,88,,,112,,,0,,,10,,,,,,1,,,,,,32,,,,,,8,,,,,,24,,,,,,,,,,,,67,,,75,,,0,,
27593,29315,3953,1,1674,,,50,,,BL-1674-50-recto,,,24,,,November,,,1,,,December,,,,,,,,,2,,,,,,,,,,,,2,,,,,,,,,,,,,,,,,,2,,,,,,1,,,,,,2,,,,,,1,,,,,,,,,,,,4,,,,,,1,,,,,,1,,,,,,2,,,,,,1,,,,,,,,,,,,,,,,,,,,,,,,,,,,,,,,,,,,1,,,,,,,,,,,,3,,,,,,,,,,,,,,,,,,1,,,,,,2,,,,,,,,,,,,,,,,,,2,,,,,,,,,,,,,,,,,,,,,,,,1,,,,,,,,,,,,2,,,,,,1,,,,,,,,,,,,,,,,,,,,,,,,2,,,,,,2,,,,,,2,,,,,,1,,,,,,,,,,,,,,,,,,1,,,,,,,,,,,,,,,,,,,,,,,,,,,,,,3,,,,,,,,,,,,3,,,,,,1,,,,,,,,,,,,1,,,,,,,,,,,,1,,,,,,1,,,,,,,,,,,,,,,,,,2,,,,,,,,,,,,,,,,,,,,,,,,1,,,,,,,,,,,,,,,,,,,,,,,,,,,,,,,,,,,,1,,,,,,,,,,,,1,,,,,,,,,,,,,,,,,,,,,,,,,,,,,,,,,,,,,,,,,,,,,,,,,,,,,,1,,,,,,,,,,,,1,,,,,,2,,,,,,,,,,,,1,,,,,,,,,,,,1,,,,,,4,,,,,,,,,,,,1,,,,,,,,,,,,,,,,,,18,,,66,,,0,,,13,,,,,,1,,,,,,2,,,,,,9,,,,,,,,,,,,3,,,,,,19,,,,,,8,,,,,,5,,,,,,4,,,,,,26,,,,,,22,,,,,,12,,,,,,12,,,,,,4,,,,,,1,,,,,,,,,,,,65,,,141,,,0,,,3,,,,,,20,,,,,,,,,,,,6,,,,,,2,,,,,,7,,,,,,5,,,,,,,,,,,,3,,,,,,2,,,,,,15,,,,,,7,,,,,,4,,,,,,25,,,,,,52,,,99,,,0,,,8,,,,,,5,,,,,,31,,,,,,1,,,,,,27,,,,,,,,,,,,42,,,72,,,0,,
27594,29316,3954,1,1674,,,51,,,BL-1674-51-recto,,,1,,,December,,,8,,,December,,,1,,,,,,4,,,,,,,,,,,,1,,,,,,,,,,,,,,,,,,,,,,,,,,,,,,1,,,,,,3,,,,,,,,,,,,,,,,,,,,,,,,,,,,,,,,,,,,1,,,,,,,,,,,,3,,,,,,,,,,,,,,,,,,,,,,,,,,,,,,,,,,,,3,,,,,,1,,,,,,1,,,,,,,,,,,,2,,,,,,,,,,,,1,,,,,,1,,,,,,,,,,,,,,,,,,,,,,,,,,,,,,2,,,,,,,,,,,,1,,,,,,,,,,,,,,,,,,,,,,,,1,,,,,,3,,,,,,,,,,,,,,,,,,,,,,,,,,,,,,1,,,,,,,,,,,,1,,,,,,,,,,,,1,,,,,,1,,,,,,,,,,,,,,,,,,1,,,,,,,,,,,,,,,,,,,,,,,,,,,,,,2,,,,,,1,,,,,,,,,,,,1,,,,,,,,,,,,,,,,,,,,,,,,,,,,,,2,,,,,,,,,,,,,,,,,,,,,,,,,,,,,,1,,,,,,1,,,,,,,,,,,,,,,,,,1,,,,,,,,,,,,,,,,,,,,,,,,,,,,,,,,,,,,,,,,,,2,,,,,,,,,,,,,,,,,,,,,,,,,,,,,,,,,,,,,,,,,,,,,,,,4,,,,,,1,,,,,,2,,,,,,,,,,,,,,,,,,25,,,56,,,0,,,16,,,,,,2,,,,,,,,,,,,5,,,,,,1,,,,,,2,,,,,,11,,,,,,5,,,,,,4,,,,,,7,,,,,,22,,,,,,14,,,,,,12,,,,,,7,,,,,,1,,,,,,,,,,,,,,,,,,69,,,109,,,0,,,1,,,,,,13,,,,,,1,,,,,,4,,,,,,3,,,,,,6,,,,,,8,,,,,,14,,,,,,4,,,,,,3,,,,,,20,,,,,,7,,,,,,3,,,,,,20,,,,,,71,,,107,,,0,,,6,,,,,,1,,,,,,26,,,,,,1,,,,,,21,,,,,,,,,,,,33,,,55,,,0,,
27595,29317,3955,1,1674,,,52,,,BL-1674-52-recto,,,8,,,December,,,15,,,December,,,1,,,,,,2,,,,,,,,,,,,2,,,,,,,,,,,,,,,,,,,,,,,,,,,,,,3,,,,,,,,,,,,,,,,,,3,,,,,,1,,,,,,2,,,,,,4,,,,,,1,,,,,,,,,,,,,,,,,,,,,,,,,,,,,,2,,,,,,,,,,,,1,,,,,,1,,,,,,1,,,,,,,,,,,,,,,,,,2,,,,,,1,,,,,,,,,,,,1,,,,,,2,,,,,,,,,,,,,,,,,,,,,,,,,,,,,,,,,,,,,,,,,,,,,,,,,,,,,,2,,,,,,1,,,,,,1,,,,,,,,,,,,,,,,,,,,,,,,,,,,,,2,,,,,,,,,,,,,,,,,,,,,,,,1,,,,,,,,,,,,1,,,,,,1,,,,,,1,,,,,,,,,,,,,,,,,,,,,,,,,,,,,,,,,,,,,,,,,,,,,,,,1,,,,,,,,,,,,2,,,,,,,,,,,,1,,,,,,,,,,,,1,,,,,,,,,,,,,,,,,,,,,,,,,,,,,,1,,,,,,1,,,,,,,,,,,,,,,,,,,,,,,,,,,,,,,,,,,,1,,,,,,,,,,,,2,,,,,,2,,,,,,,,,,,,1,,,,,,,,,,,,,,,,,,1,,,,,,,,,,,,2,,,,,,1,,,,,,,,,,,,1,,,,,,,,,,,,,,,,,,36,,,58,,,0,,,19,,,,,,,,,,,,1,,,,,,3,,,,,,,,,,,,2,,,,,,12,,,,,,4,,,,,,2,,,,,,6,,,,,,27,,,,,,17,,,,,,14,,,,,,11,,,,,,,,,,,,1,,,,,,,,,,,,56,,,119,,,0,,,1,,,,,,19,,,,,,,,,,,,10,,,,,,3,,,,,,9,,,,,,8,,,,,,10,,,,,,5,,,,,,4,,,,,,8,,,,,,3,,,,,,,,,,,,26,,,,,,61,,,106,,,0,,,6,,,,,,4,,,,,,24,,,,,,1,,,,,,21,,,,,,,,,,,,42,,,56,,,0,,